﻿name,no,odds,pop_rank,power_index,place,distance,surface,pace_type,field_size,class,prev_place,prev_rank,is_chiho
キミワクイーン,1,1.9,1,0.0,waku,Class,TIME,last3F,11,ave3F,48,45.2,0
シュアーヴアリア,2,17.1,5,0.0,waku,Class,TIME,last3F,11,ave3F,51.5,47.1,0
ワンスカイ,3,17.3,6,0.0,waku,Class,TIME,last3F,11,ave3F,54.2,52.1,0
アールクインダム,4,68.8,9,0.0,waku,Class,TIME,last3F,11,ave3F,52.3,54.3,0
コスモカルナック,5,28.2,7,0.0,waku,Class,TIME,last3F,11,ave3F,----,99.0,0
オシリスブレイン,6,35.7,8,0.0,waku,Class,TIME,last3F,11,ave3F,52,47.1,0
フミロア,7,176.9,11,0.0,waku,Class,TIME,last3F,11,ave3F,53,46.5,0
グランアリエル,8,11.2,4,0.0,waku,Class,TIME,last3F,11,ave3F,48,48.0,0
ショウナンバービー,9,9.6,3,0.0,waku,Class,TIME,last3F,11,ave3F,47.5,43.1,0
ゼログラヴィティ,10,3,2,0.0,waku,Class,TIME,last3F,11,ave3F,49.7,46.5,0
オルダージュ,11,172.8,10,0.0,waku,Class,TIME,last3F,11,ave3F,44.9,44.5,0
