﻿name,no,odds,pop_rank,power_index,place,distance,surface,pace_type,field_size,class,prev_place,prev_rank,is_chiho
レイテントロアー,1,26.2,10,0.0,waku,Class,TIME,last3F,16,ave3F,53.1,48.2,0
バーンパッション,2,113.5,13,0.0,waku,Class,TIME,last3F,16,ave3F,47.1,48.4,0
トラストパッキャオ,3,22.3,8,0.0,waku,Class,TIME,last3F,16,ave3F,38.8,38.8,0
ロードミッドナイト,4,13.4,5,0.0,waku,Class,TIME,last3F,16,ave3F,43.7,44.6,0
フィアレスハート,5,250.4,15,0.0,waku,Class,TIME,last3F,16,ave3F,----,99.0,0
クロッチ,6,184.2,14,0.0,waku,Class,TIME,last3F,16,ave3F,49.7,48.4,0
ウラカワノキセキ,7,12.1,4,0.0,waku,Class,TIME,last3F,16,ave3F,38.1,42.6,0
ブルースコード,8,23.3,9,0.0,waku,Class,TIME,last3F,16,ave3F,40.7,44.8,0
パイプライン,9,3.9,2,0.0,waku,Class,TIME,last3F,16,ave3F,46.7,44.8,0
ゴールドクロス,10,53,11,0.0,waku,Class,TIME,last3F,16,ave3F,42.8,41.9,0
クロノフルール,11,72.2,12,0.0,waku,Class,TIME,last3F,16,ave3F,41.9,41.9,0
トウカイファクター,12,16.3,6,0.0,waku,Class,TIME,last3F,16,ave3F,42.3,44.6,0
ドリームビリーバー,13,2.5,1,0.0,waku,Class,TIME,last3F,16,ave3F,44.1,44.3,0
ロレンツォ,14,18.9,7,0.0,waku,Class,TIME,last3F,16,ave3F,44.9,43.4,0
サザンエルフ,15,6.2,3,0.0,waku,Class,TIME,last3F,16,ave3F,43.6,41.7,0
ストリートピアノ,16,260,16,0.0,waku,Class,TIME,last3F,16,ave3F,41.6,42.4,0
