﻿name,no,odds,pop_rank,power_index,place,distance,surface,pace_type,field_size,class,prev_place,prev_rank,is_chiho
サンデーファンデー,1,15.4,6,0.0,waku,Class,TIME,last3F,12,ave3F,----,99.0,0
オーロイプラータ,2,8.3,3,0.0,waku,Class,TIME,last3F,12,ave3F,53.7,50.5,0
タマモブラックタイ,3,65.9,11,0.0,waku,Class,TIME,last3F,12,ave3F,58.7,60.7,0
ビキニボーイ,4,231.4,12,0.0,waku,Class,TIME,last3F,12,ave3F,42.6,42.3,0
シリンガバルガリス,5,17.6,7,0.0,waku,Class,TIME,last3F,12,ave3F,46.6,42.8,0
カレンアルカンタラ,6,10.5,5,0.0,waku,Class,TIME,last3F,12,ave3F,48.5,49.7,0
キレナイカ,7,3.5,2,0.0,waku,Class,TIME,last3F,12,ave3F,----,99.0,0
サグアロ,8,17.7,8,0.0,waku,Class,TIME,last3F,12,ave3F,47.1,45.9,0
シャーマンロック,9,30.7,9,0.0,waku,Class,TIME,last3F,12,ave3F,----,99.0,0
ササヤキ,10,40.4,10,0.0,waku,Class,TIME,last3F,12,ave3F,47.2,50.3,0
プラーヴィ,11,2.5,1,0.0,waku,Class,TIME,last3F,12,ave3F,50.1,49.4,0
ベンダバリラビア,12,9.5,4,0.0,waku,Class,TIME,last3F,12,ave3F,----,99.0,0
