﻿name,no,odds,pop_rank,power_index,place,distance,surface,pace_type,field_size,class,prev_place,prev_rank,is_chiho
ブレイクザアイス,1,19.9,8,0.0,waku,Class,TIME,last3F,16,ave3F,50.6,48.6,0
レッドアウレア,2,126.2,13,0.0,waku,Class,TIME,last3F,16,ave3F,43.3,46.6,0
マグナムハート,3,205.2,14,0.0,waku,Class,TIME,last3F,16,ave3F,49.8,42.7,0
サンライズジャスト,4,4.6,2,0.0,waku,Class,TIME,last3F,16,ave3F,50.7,46.4,0
スペクトログラム,5,5.4,3,0.0,waku,Class,TIME,last3F,16,ave3F,45,46.3,0
クリノパイソン,6,30.1,10,0.0,waku,Class,TIME,last3F,16,ave3F,52.6,52.2,0
フリークボンバー,7,11,5,0.0,waku,Class,TIME,last3F,16,ave3F,47.3,43.0,0
トップスターサン,8,4,1,0.0,waku,Class,TIME,last3F,16,ave3F,42.8,44.8,0
メイマックス,9,214.2,15,0.0,waku,Class,TIME,last3F,16,ave3F,----,99.0,0
オーマイオーマイ,10,63.5,11,0.0,waku,Class,TIME,last3F,16,ave3F,----,99.0,0
エアフォースワン,11,11.7,6,0.0,waku,Class,TIME,last3F,16,ave3F,51.7,51.9,0
コウエイキズナ,12,68.6,12,0.0,waku,Class,TIME,last3F,16,ave3F,----,99.0,0
グッドフェイス,13,12.6,7,0.0,waku,Class,TIME,last3F,16,ave3F,46.4,47.1,0
キングレリック,14,5.7,4,0.0,waku,Class,TIME,last3F,16,ave3F,44.8,48.6,0
サンライズスコール,15,27.8,9,0.0,waku,Class,TIME,last3F,16,ave3F,51.2,55.6,0
クリノザウルス,16,266.2,16,0.0,waku,Class,TIME,last3F,16,ave3F,39.7,41.7,0
