﻿name,no,odds,pop_rank,power_index,place,distance,surface,pace_type,field_size,class,prev_place,prev_rank,is_chiho
アイスヴィスタ,1,98.7,15,0.0,waku,Class,TIME,last3F,15,ave3F,45.8,51.4,0
テーオーアリエス,2,71.7,11,0.0,waku,Class,TIME,last3F,15,ave3F,56.5,59.0,0
メイショウミズモ,3,4.5,3,0.0,waku,Class,TIME,last3F,15,ave3F,55.5,51.4,0
メリディアン,4,73.9,12,0.0,waku,Class,TIME,last3F,15,ave3F,51,52.1,0
タガノカンデラ,5,15,6,0.0,waku,Class,TIME,last3F,15,ave3F,53.6,52.1,0
セレッソ,6,4.3,2,0.0,waku,Class,TIME,last3F,15,ave3F,51.2,50.0,0
プレミアムスマイル,7,3.1,1,0.0,waku,Class,TIME,last3F,15,ave3F,53.2,53.2,0
キングスフィリア,8,16.2,7,0.0,waku,Class,TIME,last3F,15,ave3F,53.9,50.4,0
ダンツチョイス,9,97.6,14,0.0,waku,Class,TIME,last3F,15,ave3F,53.1,52.1,0
タイセイヴィーナス,10,11.5,4,0.0,waku,Class,TIME,last3F,15,ave3F,51.1,51.1,0
リースタル,11,17.2,8,0.0,waku,Class,TIME,last3F,15,ave3F,46.9,50.0,0
エルソール,12,77.6,13,0.0,waku,Class,TIME,last3F,15,ave3F,55.5,57.4,0
タガノペカ,13,28.5,10,0.0,waku,Class,TIME,last3F,15,ave3F,47.5,49.1,0
ジャルジェ,14,12.9,5,0.0,waku,Class,TIME,last3F,15,ave3F,56.6,52.5,0
エピックジョイ,15,24.8,9,0.0,waku,Class,TIME,last3F,15,ave3F,47.9,46.0,0
