﻿name,no,odds,pop_rank,power_index,place,distance,surface,pace_type,field_size,class,prev_place,prev_rank,is_chiho
タガノネクステージ,1,82.5,12,0.0,waku,Class,TIME,last3F,14,ave3F,37.6,41.7,0
ラキ,2,35.2,9,0.0,waku,Class,TIME,last3F,14,ave3F,60.4,62.3,0
ロードレイライン,3,60.8,10,0.0,waku,Class,TIME,last3F,14,ave3F,43,41.9,0
セイイーグル,4,71.3,11,0.0,waku,Class,TIME,last3F,14,ave3F,39,46.5,0
トゥルブレンシア,5,90.9,14,0.0,waku,Class,TIME,last3F,14,ave3F,50.7,50.0,0
ワンダースティング,6,8.5,4,0.0,waku,Class,TIME,last3F,14,ave3F,43,40.6,0
タイミングナウ,7,7.4,2,0.0,waku,Class,TIME,last3F,14,ave3F,43,43.0,0
フォーチュンテラー,8,1.8,1,0.0,waku,Class,TIME,last3F,14,ave3F,43.9,41.6,0
メイショウストーム,9,88.8,13,0.0,waku,Class,TIME,last3F,14,ave3F,----,99.0,0
インヴァリアンス,10,18.2,6,0.0,waku,Class,TIME,last3F,14,ave3F,48.3,46.6,0
ヒルノアマランテ,11,7.7,3,0.0,waku,Class,TIME,last3F,14,ave3F,46.6,41.7,0
アランチャータ,12,23,7,0.0,waku,Class,TIME,last3F,14,ave3F,39.7,43.0,0
サヴァイヴ,13,23.2,8,0.0,waku,Class,TIME,last3F,14,ave3F,52.3,55.2,0
セイカフォルゴーレ,14,11.3,5,0.0,waku,Class,TIME,last3F,14,ave3F,45.3,49.8,0
