﻿name,no,odds,pop_rank,power_index,place,distance,surface,pace_type,field_size,class,prev_place,prev_rank,is_chiho
レセダ,1,215.8,15,0.0,waku,Class,TIME,last3F,15,ave3F,----,99.0,0
ウォーターウキウキ,2,10.4,6,0.0,waku,Class,TIME,last3F,15,ave3F,48.8,51.5,0
トレッファー,3,34.9,9,0.0,waku,Class,TIME,last3F,15,ave3F,44.7,47.9,0
カラーインデックス,4,7.4,4,0.0,waku,Class,TIME,last3F,15,ave3F,----,99.0,0
ヴィブラフォン,5,5.2,3,0.0,waku,Class,TIME,last3F,15,ave3F,43.7,45.6,0
テリオスリノ,6,77.2,12,0.0,waku,Class,TIME,last3F,15,ave3F,42.3,47.6,0
マテンロウアイ,7,3.8,1,0.0,waku,Class,TIME,last3F,15,ave3F,47.9,46.0,0
タマモベローナ,8,43.9,10,0.0,waku,Class,TIME,last3F,15,ave3F,47,47.0,0
ミツカネヴィーナス,9,55.4,11,0.0,waku,Class,TIME,last3F,15,ave3F,40.1,42.4,0
カンパニュール,10,101.2,13,0.0,waku,Class,TIME,last3F,15,ave3F,----,99.0,0
グレナデンシロップ,11,215.6,14,0.0,waku,Class,TIME,last3F,15,ave3F,40.9,40.7,0
ブリンク,12,16.2,8,0.0,waku,Class,TIME,last3F,15,ave3F,45.7,46.6,0
タガノリバイバー,13,4.8,2,0.0,waku,Class,TIME,last3F,15,ave3F,46.7,49.3,0
レディベル,14,11.8,7,0.0,waku,Class,TIME,last3F,15,ave3F,46.2,46.2,0
サクラジェンヌ,15,8.4,5,0.0,waku,Class,TIME,last3F,15,ave3F,46.9,47.1,0
