﻿name,no,odds,pop_rank,power_index,place,distance,surface,pace_type,field_size,class,prev_place,prev_rank,is_chiho
ミアステラ,1,9.3,6,0.0,waku,Class,TIME,last3F,9,ave3F,53.4,53.0,0
ロックバウンド,2,2.9,1,0.0,waku,Class,TIME,last3F,9,ave3F,50.3,49.6,0
ケンハービンジャー,3,7.3,4,0.0,waku,Class,TIME,last3F,9,ave3F,55.8,49.7,0
ホウオウユニコーン,4,3.5,2,0.0,waku,Class,TIME,last3F,9,ave3F,54.4,53.6,0
ルヴェルディ,5,5.7,3,0.0,waku,Class,TIME,last3F,9,ave3F,53.3,52.9,0
キュンストラー,6,21.9,7,0.0,waku,Class,TIME,last3F,9,ave3F,55.6,51.5,0
ブリングトゥライフ,7,7.4,5,0.0,waku,Class,TIME,last3F,9,ave3F,54.3,52.8,0
グロー,8,35.3,8,0.0,waku,Class,TIME,last3F,9,ave3F,46.6,48.4,0
デリカテス,9,138.4,9,0.0,waku,Class,TIME,last3F,9,ave3F,52.1,44.7,0
