﻿name,no,odds,pop_rank,power_index,place,distance,surface,pace_type,field_size,class,prev_place,prev_rank,is_chiho
ヘキクウ,1,21.7,6,0.0,waku,Class,TIME,last3F,16,ave3F,40.1,45.9,0
ラルフ,2,43.5,10,0.0,waku,Class,TIME,last3F,16,ave3F,45,45.1,0
ダノンマヴロス,3,237.8,16,0.0,waku,Class,TIME,last3F,16,ave3F,----,99.0,0
ワセダハーツ,4,11.8,4,0.0,waku,Class,TIME,last3F,16,ave3F,53.7,50.0,0
プリモスペランツァ,5,4.2,3,0.0,waku,Class,TIME,last3F,16,ave3F,46.2,44.3,0
サイモンメガライズ,6,34,9,0.0,waku,Class,TIME,last3F,16,ave3F,46.7,43.9,0
イツカハシャチョウ,7,44.5,11,0.0,waku,Class,TIME,last3F,16,ave3F,48.5,47.0,0
クラーベドラド,8,45.5,12,0.0,waku,Class,TIME,last3F,16,ave3F,45.1,45.1,0
キングダムウイナー,9,30.7,8,0.0,waku,Class,TIME,last3F,16,ave3F,52.1,51.3,0
キミコソシャチョウ,10,26.9,7,0.0,waku,Class,TIME,last3F,16,ave3F,----,99.0,0
タイスケフェイス,11,46.7,13,0.0,waku,Class,TIME,last3F,16,ave3F,47.4,44.4,0
バハルダール,12,3.1,1,0.0,waku,Class,TIME,last3F,16,ave3F,51.5,50.0,0
ダッシュダクラウン,13,17.9,5,0.0,waku,Class,TIME,last3F,16,ave3F,50.5,50.0,0
レッドファーロ,14,3.5,2,0.0,waku,Class,TIME,last3F,16,ave3F,53.7,55.1,0
エクセレントラン,15,69.9,15,0.0,waku,Class,TIME,last3F,16,ave3F,51.4,48.6,0
サンライズグリット,16,53.2,14,0.0,waku,Class,TIME,last3F,16,ave3F,45.3,45.1,0
