﻿name,no,odds,pop_rank,power_index,place,distance,surface,pace_type,field_size,class,prev_place,prev_rank,is_chiho
ビアイ,1,17.7,7,0.0,waku,Class,TIME,last3F,18,ave3F,45.4,44.5,0
ジャカランダレーン,2,29.7,11,0.0,waku,Class,TIME,last3F,18,ave3F,55.2,57.8,0
ブレスレスリー,3,7.6,4,0.0,waku,Class,TIME,last3F,18,ave3F,49.1,47.1,0
サトノジヴェルニー,4,34.8,13,0.0,waku,Class,TIME,last3F,18,ave3F,48.6,47.9,0
テーオーマルクス,5,124.6,18,0.0,waku,Class,TIME,last3F,18,ave3F,43.4,47.1,0
カバーガール,6,41.9,14,0.0,waku,Class,TIME,last3F,18,ave3F,43.1,45.6,0
コスモアンジュ,7,75.6,17,0.0,waku,Class,TIME,last3F,18,ave3F,48,48.0,0
クリノマジン,8,8.3,5,0.0,waku,Class,TIME,last3F,18,ave3F,49.7,43.1,0
カフジテトラゴン,9,6.7,3,0.0,waku,Class,TIME,last3F,18,ave3F,51.2,51.2,0
メイショウツツジ,10,25.5,10,0.0,waku,Class,TIME,last3F,18,ave3F,55.1,47.9,0
グランレイ,11,24.1,8,0.0,waku,Class,TIME,last3F,18,ave3F,48.8,44.5,0
ドグマ,12,4.1,1,0.0,waku,Class,TIME,last3F,18,ave3F,51.8,49.1,0
フォイアーロート,13,33,12,0.0,waku,Class,TIME,last3F,18,ave3F,50.3,46.5,0
モンファボリ,14,47.8,15,0.0,waku,Class,TIME,last3F,18,ave3F,54.5,52.1,0
ダノンシティ,15,64.6,16,0.0,waku,Class,TIME,last3F,18,ave3F,51.2,44.5,0
タマモティータイム,16,24.6,9,0.0,waku,Class,TIME,last3F,18,ave3F,43.9,43.5,0
ファイアダンサー,17,11.6,6,0.0,waku,Class,TIME,last3F,18,ave3F,52.1,47.1,0
スンリ,18,5.7,2,0.0,waku,Class,TIME,last3F,18,ave3F,48.6,43.1,0
