﻿name,no,odds,pop_rank,power_index,place,distance,surface,pace_type,field_size,class,prev_place,prev_rank,is_chiho
マイレッドスター,1,4.2,3,0.0,waku,Class,TIME,last3F,12,ave3F,----,99.0,0
スピリトーゾ,2,29.7,8,0.0,waku,Class,TIME,last3F,12,ave3F,45.8,45.0,0
タマモエース,3,6,4,0.0,waku,Class,TIME,last3F,12,ave3F,48.5,49.4,0
ディサイド,4,14.7,5,0.0,waku,Class,TIME,last3F,12,ave3F,41.8,46.1,0
トリプルスリル,5,21.4,6,0.0,waku,Class,TIME,last3F,12,ave3F,----,99.0,0
テイエムオードリー,6,26.1,7,0.0,waku,Class,TIME,last3F,12,ave3F,46.4,43.9,0
テーオールノワール,7,170,10,0.0,waku,Class,TIME,last3F,12,ave3F,----,99.0,0
マジックスピーチ,8,2.6,1,0.0,waku,Class,TIME,last3F,12,ave3F,52.6,50.9,0
ブラジリアンソング,9,4,2,0.0,waku,Class,TIME,last3F,12,ave3F,----,52.1,0
テイエムフォンテ,10,208.9,11,0.0,waku,Class,TIME,last3F,12,ave3F,----,99.0,0
ソウルユニバンス,11,30.2,9,0.0,waku,Class,TIME,last3F,12,ave3F,49.3,50.0,0
サルーテ,12,340.2,12,0.0,waku,Class,TIME,last3F,12,ave3F,49,46.3,0
