﻿name,no,odds,pop_rank,power_index,place,distance,surface,pace_type,field_size,class,prev_place,prev_rank,is_chiho
ロマンシングブルー,1,2.9,2,0.0,waku,Class,TIME,last3F,8,ave3F,61.3,60.7,0
ルミネイト,2,59.1,6,0.0,waku,Class,TIME,last3F,8,ave3F,51,52.3,0
カンティプール,3,8.8,3,0.0,waku,Class,TIME,last3F,8,ave3F,54.2,53.8,0
ロン,4,1.5,1,0.0,waku,Class,TIME,last3F,8,ave3F,54.7,53.8,0
ヤマニンプレシオサ,5,77.3,7,0.0,waku,Class,TIME,last3F,8,ave3F,52.2,49.2,0
ウインルーア,6,97.1,8,0.0,waku,Class,TIME,last3F,8,ave3F,53.6,52.5,0
ダイム,7,11.7,4,0.0,waku,Class,TIME,last3F,8,ave3F,54.8,55.5,0
エイカイステラ,8,21.7,5,0.0,waku,Class,TIME,last3F,8,ave3F,49.4,52.1,0
