﻿name,no,odds,pop_rank,power_index,place,distance,surface,pace_type,field_size,class,prev_place,prev_rank,is_chiho
ビップシュプリーム,1,18.4,6,0.0,waku,Class,TIME,last3F,11,ave3F,46.9,46.1,0
シアープレジャー,2,147.1,11,0.0,waku,Class,TIME,last3F,11,ave3F,48.7,51.4,0
クリノニキータ,3,41.2,9,0.0,waku,Class,TIME,last3F,11,ave3F,45,48.2,0
スカンジナビア,4,5.4,3,0.0,waku,Class,TIME,last3F,11,ave3F,46.1,45.8,0
キットクル,5,30.3,8,0.0,waku,Class,TIME,last3F,11,ave3F,----,99.0,0
クインズジュピタ,6,3.8,2,0.0,waku,Class,TIME,last3F,11,ave3F,49.2,44.6,0
ベルカノア,7,7.5,4,0.0,waku,Class,TIME,last3F,11,ave3F,49.8,52.2,0
レヴィーアクイーン,8,18.9,7,0.0,waku,Class,TIME,last3F,11,ave3F,46.2,43.4,0
テーオーアラジン,9,106.2,10,0.0,waku,Class,TIME,last3F,11,ave3F,40.8,41.7,0
ワイルドベティ,10,11.8,5,0.0,waku,Class,TIME,last3F,11,ave3F,46.1,45.6,0
ラニカイ,11,2.4,1,0.0,waku,Class,TIME,last3F,11,ave3F,52.1,51.4,0
