﻿name,no,odds,pop_rank,power_index,place,distance,surface,pace_type,field_size,class,prev_place,prev_rank,is_chiho
シロニイ,1,33,10,0.0,waku,Class,TIME,last3F,16,ave3F,62,63.0,0
サトノラディウス,2,50.4,13,0.0,waku,Class,TIME,last3F,16,ave3F,52.5,49.8,0
タイセイモナーク,3,29.5,9,0.0,waku,Class,TIME,last3F,16,ave3F,62.8,63.0,0
アドマイヤアルバ,4,150.2,16,0.0,waku,Class,TIME,last3F,16,ave3F,51.1,52.3,0
レッドソルダード,5,21.7,8,0.0,waku,Class,TIME,last3F,16,ave3F,51.9,53.6,0
エドノフェリーチェ,6,5.4,3,0.0,waku,Class,TIME,last3F,16,ave3F,48.1,49.8,0
ナムラカミカゼ,7,7.1,4,0.0,waku,Class,TIME,last3F,16,ave3F,51.1,49.8,0
ウインヴァカンス,8,59.7,14,0.0,waku,Class,TIME,last3F,16,ave3F,42,50.1,0
アスティ,9,10.4,5,0.0,waku,Class,TIME,last3F,16,ave3F,49.9,49.7,0
フォルテデイマルミ,10,41.7,11,0.0,waku,Class,TIME,last3F,16,ave3F,36.9,47.7,0
タイセイシリウス,11,75,15,0.0,waku,Class,TIME,last3F,16,ave3F,55.6,58.3,0
レクセランス,12,5.4,2,0.0,waku,Class,TIME,last3F,16,ave3F,54.8,55.4,0
メイショウテンゲン,13,18.4,6,0.0,waku,Class,TIME,last3F,16,ave3F,43,47.1,0
エンデュミオン,14,19,7,0.0,waku,Class,TIME,last3F,16,ave3F,60.9,57.9,0
ミクソロジー,15,3,1,0.0,waku,Class,TIME,last3F,16,ave3F,54.7,52.8,0
マンオブスピリット,16,41.9,12,0.0,waku,Class,TIME,last3F,16,ave3F,53.5,49.7,0
