﻿name,no,odds,pop_rank,power_index,place,distance,surface,pace_type,field_size,class,prev_place,prev_rank,is_chiho
ミッキーセレスタ,1,17.7,7,0.0,waku,Class,TIME,last3F,15,ave3F,36.9,53.3,0
セルケト,2,2.5,1,0.0,waku,Class,TIME,last3F,15,ave3F,56.2,56.2,0
ビレッジスター,3,5.2,2,0.0,waku,Class,TIME,last3F,15,ave3F,51.2,50.4,0
バガン,4,9.4,4,0.0,waku,Class,TIME,last3F,15,ave3F,50.1,50.0,0
サンズオブタイム,5,39.7,11,0.0,waku,Class,TIME,last3F,15,ave3F,47.7,48.6,0
メイショウウネビ,6,7.1,3,0.0,waku,Class,TIME,last3F,15,ave3F,55.1,55.6,0
ビヨンドザタイム,7,93.5,14,0.0,waku,Class,TIME,last3F,15,ave3F,47.1,48.2,0
テーオーソロス,8,31.4,9,0.0,waku,Class,TIME,last3F,15,ave3F,50,48.1,0
ピエドラアギーラ,9,61.8,12,0.0,waku,Class,TIME,last3F,15,ave3F,51.2,50.0,0
マイネルデステリョ,10,21.2,8,0.0,waku,Class,TIME,last3F,15,ave3F,48.6,46.9,0
シュホ,11,32.1,10,0.0,waku,Class,TIME,last3F,15,ave3F,52.6,51.1,0
ウインメイユール,12,240.1,15,0.0,waku,Class,TIME,last3F,15,ave3F,50.7,50.0,0
サムハンター,13,84.6,13,0.0,waku,Class,TIME,last3F,15,ave3F,50.9,50.0,0
マイネルジャッカル,14,9.5,5,0.0,waku,Class,TIME,last3F,15,ave3F,47.5,48.1,0
グランドゴールド,15,12.7,6,0.0,waku,Class,TIME,last3F,15,ave3F,53.8,51.5,0
