﻿name,no,odds,pop_rank,power_index,place,distance,surface,pace_type,field_size,class,prev_place,prev_rank,is_chiho
パワーエンブレム,1,43.8,8,0.0,waku,Class,TIME,last3F,11,ave3F,48.5,48.1,0
カイザーレオン,2,5,3,0.0,waku,Class,TIME,last3F,11,ave3F,46,44.1,0
コパノオースティン,3,246.5,11,0.0,waku,Class,TIME,last3F,11,ave3F,----,99.0,0
サトノバトラー,4,41.4,7,0.0,waku,Class,TIME,last3F,11,ave3F,38.9,46.6,0
ロードレアル,5,14.9,5,0.0,waku,Class,TIME,last3F,11,ave3F,----,99.0,0
タイキマクスウェル,6,9.3,4,0.0,waku,Class,TIME,last3F,11,ave3F,48.2,50.5,0
フクノエヴリー,7,3.8,2,0.0,waku,Class,TIME,last3F,11,ave3F,41.5,43.6,0
キアヌマウナ,8,114.5,10,0.0,waku,Class,TIME,last3F,11,ave3F,44.7,40.6,0
スリーエクスプレス,9,2,1,0.0,waku,Class,TIME,last3F,11,ave3F,50.2,50.5,0
ヴラディア,10,69.9,9,0.0,waku,Class,TIME,last3F,11,ave3F,----,99.0,0
エコロエース,11,16.3,6,0.0,waku,Class,TIME,last3F,11,ave3F,45.3,48.2,0
