﻿name,no,odds,pop_rank,power_index,place,distance,surface,pace_type,field_size,class,prev_place,prev_rank,is_chiho
ツウカイリアル,1,5.9,3,0.0,waku,Class,TIME,last3F,14,ave3F,42.1,42.1,0
オウギノカナメ,2,26.9,11,0.0,waku,Class,TIME,last3F,14,ave3F,48.9,50.0,0
フライヤートゥルー,3,9.1,6,0.0,waku,Class,TIME,last3F,14,ave3F,63.5,63.5,0
ルクルス,4,20.5,9,0.0,waku,Class,TIME,last3F,14,ave3F,42.4,42.4,0
トゥービートライン,5,44.2,13,0.0,waku,Class,TIME,last3F,14,ave3F,45.9,46.4,0
サグアロ,6,5.9,2,0.0,waku,Class,TIME,last3F,14,ave3F,51,49.5,0
バンブーグローブ,7,29.4,12,0.0,waku,Class,TIME,last3F,14,ave3F,51.4,51.4,0
ケイエイト,8,17.1,8,0.0,waku,Class,TIME,last3F,14,ave3F,46.8,49.0,0
ブライトファントム,9,20.5,10,0.0,waku,Class,TIME,last3F,14,ave3F,48.5,50.6,0
リチャ,10,14.5,7,0.0,waku,Class,TIME,last3F,14,ave3F,55.7,55.5,0
ライオットガール,11,45.7,14,0.0,waku,Class,TIME,last3F,14,ave3F,51.7,50.5,0
ロードラディウス,12,8.4,4,0.0,waku,Class,TIME,last3F,14,ave3F,53,57.0,0
メイショウポペット,13,8.4,5,0.0,waku,Class,TIME,last3F,14,ave3F,54.5,54.2,0
サンライズジーク,14,4.3,1,0.0,waku,Class,TIME,last3F,14,ave3F,46.1,46.8,0
