﻿name,no,odds,pop_rank,power_index,place,distance,surface,pace_type,field_size,class,prev_place,prev_rank,is_chiho
プラウドルック,1,26.1,10,0.0,waku,Class,TIME,last3F,18,ave3F,48.6,47.7,0
ブランデーロック,2,6.4,4,0.0,waku,Class,TIME,last3F,18,ave3F,54.1,46.1,0
ラヴォルタ,3,4.6,1,0.0,waku,Class,TIME,last3F,18,ave3F,48.6,48.3,0
メイショウグラニー,4,10.1,6,0.0,waku,Class,TIME,last3F,18,ave3F,45.9,44.8,0
ポルタフォルトゥナ,5,22,9,0.0,waku,Class,TIME,last3F,18,ave3F,51.1,49.4,0
ユナイテッドハーツ,6,127.8,15,0.0,waku,Class,TIME,last3F,18,ave3F,54.6,50.8,0
サッポロゲッカオウ,7,130,16,0.0,waku,Class,TIME,last3F,18,ave3F,----,99.0,0
メイショウヒゾッコ,8,148.7,17,0.0,waku,Class,TIME,last3F,18,ave3F,43.5,47.1,0
メイケイバートン,9,6.4,3,0.0,waku,Class,TIME,last3F,18,ave3F,49.1,46.6,0
ポメランチェ,10,28.5,11,0.0,waku,Class,TIME,last3F,18,ave3F,48.2,50.8,0
デルマヤクシ,11,19.3,8,0.0,waku,Class,TIME,last3F,18,ave3F,48.3,47.7,0
タムロキュラムン,12,33.2,13,0.0,waku,Class,TIME,last3F,18,ave3F,51.5,47.4,0
アランチオーネ,13,183.1,18,0.0,waku,Class,TIME,last3F,18,ave3F,42,46.2,0
コイニオチテ,14,106.3,14,0.0,waku,Class,TIME,last3F,18,ave3F,51.8,54.1,0
アドヴァイス,15,31.5,12,0.0,waku,Class,TIME,last3F,18,ave3F,40.2,42.4,0
ヤマニンアンフィル,16,8.6,5,0.0,waku,Class,TIME,last3F,18,ave3F,45.2,41.7,0
イラーレ,17,5.2,2,0.0,waku,Class,TIME,last3F,18,ave3F,52.3,49.4,0
フィルムスコア,18,19.2,7,0.0,waku,Class,TIME,last3F,18,ave3F,44.8,44.8,0
