﻿name,no,odds,pop_rank,power_index,place,distance,surface,pace_type,field_size,class,prev_place,prev_rank,is_chiho
エクスインパクト,1,18.3,6,0.0,waku,Class,TIME,last3F,13,ave3F,49.2,50.6,0
セイウンゴールド,2,138.6,12,0.0,waku,Class,TIME,last3F,13,ave3F,53.3,52.7,0
シュガービート,3,280.4,13,0.0,waku,Class,TIME,last3F,13,ave3F,----,99.0,0
タミオスター,4,7,3,0.0,waku,Class,TIME,last3F,13,ave3F,65.8,69.0,0
マイネルニコラス,5,8.1,5,0.0,waku,Class,TIME,last3F,13,ave3F,57.5,57.1,0
テイエムオードリー,6,134.4,11,0.0,waku,Class,TIME,last3F,13,ave3F,44.6,46.3,0
ダイバリオン,7,2.8,1,0.0,waku,Class,TIME,last3F,13,ave3F,62.7,60.0,0
ナンヨーアゼリア,8,7.1,4,0.0,waku,Class,TIME,last3F,13,ave3F,58.2,55.5,0
ヴィブラツィオーネ,9,32.5,9,0.0,waku,Class,TIME,last3F,13,ave3F,52.2,53.3,0
マリネロ,10,3.6,2,0.0,waku,Class,TIME,last3F,13,ave3F,58,58.4,0
テラフォーミング,11,26.4,8,0.0,waku,Class,TIME,last3F,13,ave3F,55.7,53.1,0
ローブエリタージュ,12,19.1,7,0.0,waku,Class,TIME,last3F,13,ave3F,49.1,48.4,0
ダンディジャック,13,34.5,10,0.0,waku,Class,TIME,last3F,13,ave3F,55.4,53.1,0
