﻿name,no,odds,pop_rank,power_index,place,distance,surface,pace_type,field_size,class,prev_place,prev_rank,is_chiho
ウインアステロイド,1,91.2,13,0.0,waku,Class,TIME,last3F,14,ave3F,53,55.6,0
レヴォリオ,2,23.7,10,0.0,waku,Class,TIME,last3F,14,ave3F,48.3,47.0,0
ラウルピドゥ,3,7.6,5,0.0,waku,Class,TIME,last3F,14,ave3F,53.8,51.8,0
レッドアダン,4,174,14,0.0,waku,Class,TIME,last3F,14,ave3F,46.2,48.0,0
パーサヴィアランス,5,7.2,4,0.0,waku,Class,TIME,last3F,14,ave3F,48.8,51.1,0
オウケンボルト,6,18.9,8,0.0,waku,Class,TIME,last3F,14,ave3F,50.3,51.6,0
スズカキング,7,41.7,12,0.0,waku,Class,TIME,last3F,14,ave3F,48.7,50.0,0
ミツルハピネス,8,3.4,1,0.0,waku,Class,TIME,last3F,14,ave3F,52.6,51.1,0
サルサロッサ,9,10.6,7,0.0,waku,Class,TIME,last3F,14,ave3F,46.8,46.9,0
コスモアシュラ,10,20.4,9,0.0,waku,Class,TIME,last3F,14,ave3F,50.9,48.2,0
グルーヴビート,11,10,6,0.0,waku,Class,TIME,last3F,14,ave3F,51.7,47.0,0
クロニクルノヴァ,12,6.7,2,0.0,waku,Class,TIME,last3F,14,ave3F,53.8,54.2,0
オーダーナチュラル,13,7,3,0.0,waku,Class,TIME,last3F,14,ave3F,53,51.3,0
コスモエクスプレス,14,37.6,11,0.0,waku,Class,TIME,last3F,14,ave3F,56.9,53.1,0
