﻿name,no,odds,pop_rank,power_index,place,distance,surface,pace_type,field_size,class,prev_place,prev_rank,is_chiho
ヴェイルネビュラ,1,73.1,9,0.0,waku,Class,TIME,last3F,13,ave3F,54.8,53.6,0
アサケレディ,2,24.9,7,0.0,waku,Class,TIME,last3F,13,ave3F,57.1,55.9,0
ターキッシュパレス,3,79.4,10,0.0,waku,Class,TIME,last3F,13,ave3F,57.1,51.0,0
メイショウボサツ,4,106.5,12,0.0,waku,Class,TIME,last3F,13,ave3F,54.5,52.5,0
セファーラジエル,5,12.3,6,0.0,waku,Class,TIME,last3F,13,ave3F,53.5,54.7,0
レヴァンジル,6,3.5,2,0.0,waku,Class,TIME,last3F,13,ave3F,55,46.4,0
ヤマニンサルバム,7,3.4,1,0.0,waku,Class,TIME,last3F,13,ave3F,61.3,62.2,0
ナリタブレード,8,115.6,13,0.0,waku,Class,TIME,last3F,13,ave3F,47.4,41.9,0
ソウルトレイン,9,10.4,5,0.0,waku,Class,TIME,last3F,13,ave3F,59,59.0,0
ボーデン,10,4.2,3,0.0,waku,Class,TIME,last3F,13,ave3F,61.4,58.8,0
エリオトローピオ,11,43,8,0.0,waku,Class,TIME,last3F,13,ave3F,55,56.2,0
ハートオブアシティ,12,81.7,11,0.0,waku,Class,TIME,last3F,13,ave3F,55.6,55.5,0
ゼッフィーロ,13,6.7,4,0.0,waku,Class,TIME,last3F,13,ave3F,58.8,57.0,0
