﻿name,no,odds,pop_rank,power_index,place,distance,surface,pace_type,field_size,class,prev_place,prev_rank,is_chiho
アスカノミライ,1,3.2,2,0.0,waku,Class,TIME,last3F,7,ave3F,53,54.9,0
エヴィダンシア,2,18,6,0.0,waku,Class,TIME,last3F,7,ave3F,35.7,41.5,0
ヴィルトブリーゼ,3,4.9,4,0.0,waku,Class,TIME,last3F,7,ave3F,49.7,51.5,0
クリノイヴァンカ,4,58.5,7,0.0,waku,Class,TIME,last3F,7,ave3F,50.3,51.7,0
ウインマイルート,5,4.2,3,0.0,waku,Class,TIME,last3F,7,ave3F,54.1,53.6,0
ロックバウンド,6,2.8,1,0.0,waku,Class,TIME,last3F,7,ave3F,53.4,53.6,0
タガノバルコス,7,13.4,5,0.0,waku,Class,TIME,last3F,7,ave3F,40.7,42.4,0
