﻿name,no,odds,pop_rank,power_index,place,distance,surface,pace_type,field_size,class,prev_place,prev_rank,is_chiho
ティーガーデン,1,2.8,1,0.0,waku,Class,TIME,last3F,16,ave3F,55.7,52.9,0
ドゥリトル,2,244.4,16,0.0,waku,Class,TIME,last3F,16,ave3F,48.4,46.2,0
ニシノオイカゼ,3,120.1,13,0.0,waku,Class,TIME,last3F,16,ave3F,61.2,60.2,0
アバンチュリエ,4,5.3,3,0.0,waku,Class,TIME,last3F,16,ave3F,56.4,54.4,0
ヤウガウ,5,210.3,15,0.0,waku,Class,TIME,last3F,16,ave3F,47.8,45.4,0
スリートップキズナ,6,7.7,4,0.0,waku,Class,TIME,last3F,16,ave3F,59.1,56.6,0
ゲンパチアイアン,7,33.5,8,0.0,waku,Class,TIME,last3F,16,ave3F,45,46.0,0
スーパーホープ,8,8,5,0.0,waku,Class,TIME,last3F,16,ave3F,54,53.4,0
ジャッカル,9,19.8,6,0.0,waku,Class,TIME,last3F,16,ave3F,45.5,44.1,0
アルママ,10,4.3,2,0.0,waku,Class,TIME,last3F,16,ave3F,51.7,39.6,0
アップストリーム,11,34.7,9,0.0,waku,Class,TIME,last3F,16,ave3F,52,53.3,0
サンデイビス,12,78.3,12,0.0,waku,Class,TIME,last3F,16,ave3F,48.9,46.9,0
ペドラフォルカ,13,43.1,10,0.0,waku,Class,TIME,last3F,16,ave3F,60.5,59.9,0
ファロロジー,14,29,7,0.0,waku,Class,TIME,last3F,16,ave3F,59.1,56.6,0
エクレアスピード,15,125.5,14,0.0,waku,Class,TIME,last3F,16,ave3F,52.1,49.0,0
ラキャラントシス,16,59.9,11,0.0,waku,Class,TIME,last3F,16,ave3F,53.4,55.2,0
