﻿name,no,odds,pop_rank,power_index,place,distance,surface,pace_type,field_size,class,prev_place,prev_rank,is_chiho
メイショウブレゲ,1,15.4,6,0.0,waku,Class,TIME,last3F,14,ave3F,57.8,55.4,0
ジャスティンヴェル,2,20.9,9,0.0,waku,Class,TIME,last3F,14,ave3F,58.5,58.1,0
インディゴブラック,3,97.7,11,0.0,waku,Class,TIME,last3F,14,ave3F,53.8,58.1,0
エイカイマッケンロ,4,2.5,1,0.0,waku,Class,TIME,last3F,14,ave3F,58.5,58.1,0
リンフレスカンテ,5,54.7,10,0.0,waku,Class,TIME,last3F,14,ave3F,49.1,50.1,0
エルディアブロ,6,103.6,12,0.0,waku,Class,TIME,last3F,14,ave3F,48.7,48.7,0
ヒヅルジョウ,7,17.7,8,0.0,waku,Class,TIME,last3F,14,ave3F,47.9,47.9,0
コスモジェミラ,8,485.8,14,0.0,waku,Class,TIME,last3F,14,ave3F,55.9,55.2,0
リアド,9,7.1,3,0.0,waku,Class,TIME,last3F,14,ave3F,55.9,56.2,0
チャックネイト,10,16.8,7,0.0,waku,Class,TIME,last3F,14,ave3F,55.5,57.1,0
タイセイコマンド,11,221.8,13,0.0,waku,Class,TIME,last3F,14,ave3F,56.7,59.6,0
ダークエクリプス,12,12.3,5,0.0,waku,Class,TIME,last3F,14,ave3F,56.1,54.4,0
ストップザタイム,13,7.5,4,0.0,waku,Class,TIME,last3F,14,ave3F,47.8,46.9,0
レッドバリエンテ,14,4.1,2,0.0,waku,Class,TIME,last3F,14,ave3F,55.8,55.7,0
