﻿name,no,odds,pop_rank,power_index,place,distance,surface,pace_type,field_size,class,prev_place,prev_rank,is_chiho
ドラゴンズアイ,1,243.6,12,0.0,waku,Class,TIME,last3F,14,ave3F,42.3,48.8,0
クリノヴァニラ,2,276.6,14,0.0,waku,Class,TIME,last3F,14,ave3F,44.5,41.8,0
エルメニア,3,11,6,0.0,waku,Class,TIME,last3F,14,ave3F,39.9,40.7,0
サンランシング,4,17.9,8,0.0,waku,Class,TIME,last3F,14,ave3F,52.5,49.6,0
キリシマタウン,5,47.2,10,0.0,waku,Class,TIME,last3F,14,ave3F,44.4,46.0,0
メリヴェイユ,6,10.8,5,0.0,waku,Class,TIME,last3F,14,ave3F,41.7,45.5,0
ワンエルメス,7,9.6,3,0.0,waku,Class,TIME,last3F,14,ave3F,41.9,41.8,0
ザモウコダマシイ,8,28.2,9,0.0,waku,Class,TIME,last3F,14,ave3F,47,44.3,0
マーブルケイケー,9,5.2,2,0.0,waku,Class,TIME,last3F,14,ave3F,44.2,43.4,0
ナツイロノオトメ,10,2.1,1,0.0,waku,Class,TIME,last3F,14,ave3F,40.8,41.8,0
エコロワカ,11,14.7,7,0.0,waku,Class,TIME,last3F,14,ave3F,41.4,40.2,0
クリノツッチャン,12,249.4,13,0.0,waku,Class,TIME,last3F,14,ave3F,----,99.0,0
ゲンパチレオニダス,13,10.2,4,0.0,waku,Class,TIME,last3F,14,ave3F,45.1,46.0,0
アルティマボス,14,69.5,11,0.0,waku,Class,TIME,last3F,14,ave3F,----,99.0,0
