﻿name,no,odds,pop_rank,power_index,place,distance,surface,pace_type,field_size,class,prev_place,prev_rank,is_chiho
カルリーノ,1,149,12,0.0,waku,Class,TIME,last3F,14,ave3F,57.8,54.3,0
ヴェイルネビュラ,2,77.5,10,0.0,waku,Class,TIME,last3F,14,ave3F,55.6,51.0,0
ヘッズオアテールズ,3,15.4,4,0.0,waku,Class,TIME,last3F,14,ave3F,57.5,57.2,0
クライミングリリー,4,23.6,7,0.0,waku,Class,TIME,last3F,14,ave3F,56.7,51.0,0
ルドヴィクス,5,27.4,8,0.0,waku,Class,TIME,last3F,14,ave3F,56.8,57.2,0
スルーセブンシーズ,6,6.2,2,0.0,waku,Class,TIME,last3F,14,ave3F,52.3,51.6,0
セブンデイズ,7,170.4,14,0.0,waku,Class,TIME,last3F,14,ave3F,54.1,48.3,0
レインフロムヘヴン,8,8,3,0.0,waku,Class,TIME,last3F,14,ave3F,59,57.4,0
パラレルヴィジョン,9,1.5,1,0.0,waku,Class,TIME,last3F,14,ave3F,54.1,54.2,0
ホウオウリアリティ,10,20.1,5,0.0,waku,Class,TIME,last3F,14,ave3F,50.4,50.4,0
スペシャルドラマ,11,152.5,13,0.0,waku,Class,TIME,last3F,14,ave3F,55.9,58.3,0
タガノフィナーレ,12,99.8,11,0.0,waku,Class,TIME,last3F,14,ave3F,51.9,53.2,0
パープルレディー,13,38.3,9,0.0,waku,Class,TIME,last3F,14,ave3F,59.8,58.0,0
オンリーオピニオン,14,21.2,6,0.0,waku,Class,TIME,last3F,14,ave3F,50.6,50.1,0
