﻿name,no,odds,pop_rank,power_index,place,distance,surface,pace_type,field_size,class,prev_place,prev_rank,is_chiho
サトノセシル,1,13.2,6,0.0,waku,Class,TIME,last3F,15,ave3F,54,50.6,0
マリアエレーナ,2,4.4,2,0.0,waku,Class,TIME,last3F,15,ave3F,52.6,50.9,0
アートハウス,3,3.9,1,0.0,waku,Class,TIME,last3F,15,ave3F,55.6,54.3,0
ビジン,4,58.5,13,0.0,waku,Class,TIME,last3F,15,ave3F,48.4,48.7,0
エリカヴィータ,5,24,10,0.0,waku,Class,TIME,last3F,15,ave3F,55.2,53.2,0
ホウオウイクセル,6,23.7,9,0.0,waku,Class,TIME,last3F,15,ave3F,51.6,51.9,0
ラヴユーライヴ,7,81,15,0.0,waku,Class,TIME,last3F,15,ave3F,53.4,50.6,0
アンドヴァラナウト,8,18.3,8,0.0,waku,Class,TIME,last3F,15,ave3F,54.9,50.6,0
サンテローズ,9,12.3,5,0.0,waku,Class,TIME,last3F,15,ave3F,56.7,50.0,0
ルビーカサブランカ,10,9.4,4,0.0,waku,Class,TIME,last3F,15,ave3F,50.8,49.5,0
ルージュエヴァイユ,11,4.8,3,0.0,waku,Class,TIME,last3F,15,ave3F,63.1,59.9,0
フィオリキアリ,12,53.5,12,0.0,waku,Class,TIME,last3F,15,ave3F,49.3,44.9,0
アイコンテーラー,13,14.9,7,0.0,waku,Class,TIME,last3F,15,ave3F,50.3,52.0,0
リアアメリア,14,67,14,0.0,waku,Class,TIME,last3F,15,ave3F,61.2,59.6,0
アブレイズ,15,28.8,11,0.0,waku,Class,TIME,last3F,15,ave3F,57.6,44.4,0
