﻿name,no,odds,pop_rank,power_index,place,distance,surface,pace_type,field_size,class,prev_place,prev_rank,is_chiho
ペイシャオウユー,1,16.8,8,0.0,waku,Class,TIME,last3F,15,ave3F,50.6,46.9,0
ウインホノカ,2,185.5,15,0.0,waku,Class,TIME,last3F,15,ave3F,51,51.5,0
タイセイヴィーナス,3,19.1,9,0.0,waku,Class,TIME,last3F,15,ave3F,27.6,42.3,0
センタースリール,4,111.5,14,0.0,waku,Class,TIME,last3F,15,ave3F,43.9,48.3,0
ウォーターアンク,5,35,11,0.0,waku,Class,TIME,last3F,15,ave3F,50.9,46.6,0
リースタル,6,10.2,4,0.0,waku,Class,TIME,last3F,15,ave3F,51.8,51.4,0
リファインドマナー,7,22.2,10,0.0,waku,Class,TIME,last3F,15,ave3F,44.7,48.0,0
サンバデジャネイロ,8,58.7,13,0.0,waku,Class,TIME,last3F,15,ave3F,46.6,46.4,0
コンスタンティン,9,3,1,0.0,waku,Class,TIME,last3F,15,ave3F,50.3,51.4,0
エレファンティネ,10,51,12,0.0,waku,Class,TIME,last3F,15,ave3F,47.1,43.7,0
バライロノキセキ,11,10.6,5,0.0,waku,Class,TIME,last3F,15,ave3F,50.1,51.4,0
メイショウハナモモ,12,9.3,3,0.0,waku,Class,TIME,last3F,15,ave3F,55,53.8,0
ジャルジェ,13,12.5,7,0.0,waku,Class,TIME,last3F,15,ave3F,52.2,49.2,0
ドローム,14,10.7,6,0.0,waku,Class,TIME,last3F,15,ave3F,49,52.1,0
フローラルビアンカ,15,4.6,2,0.0,waku,Class,TIME,last3F,15,ave3F,44,50.7,0
