﻿name,no,odds,pop_rank,power_index,place,distance,surface,pace_type,field_size,class,prev_place,prev_rank,is_chiho
ニホンピロマリブ,1,51.9,11,0.0,waku,Class,TIME,last3F,14,ave3F,57.4,54.2,0
ダノンティアラ,2,53.1,12,0.0,waku,Class,TIME,last3F,14,ave3F,57,54.2,0
ダノンフロイデ,3,8.4,4,0.0,waku,Class,TIME,last3F,14,ave3F,47.7,47.3,0
マッハモンルード,4,17.6,6,0.0,waku,Class,TIME,last3F,14,ave3F,44.4,46.8,0
ヒルノロワール,5,244.6,14,0.0,waku,Class,TIME,last3F,14,ave3F,50.7,53.3,0
インザオベーション,6,6.4,3,0.0,waku,Class,TIME,last3F,14,ave3F,55.6,50.9,0
ベリーヴィーナス,7,29.8,9,0.0,waku,Class,TIME,last3F,14,ave3F,51.4,54.9,0
メッセージソング,8,191.7,13,0.0,waku,Class,TIME,last3F,14,ave3F,45.6,46.3,0
カイザー,9,6.4,2,0.0,waku,Class,TIME,last3F,14,ave3F,51.7,51.7,0
ツッチーフェイス,10,19.2,7,0.0,waku,Class,TIME,last3F,14,ave3F,54.2,54.9,0
ヴィトーリア,11,22.1,8,0.0,waku,Class,TIME,last3F,14,ave3F,55.2,54.2,0
ゲンパチムサシ,12,10.7,5,0.0,waku,Class,TIME,last3F,14,ave3F,55.7,52.5,0
ラリベラ,13,37,10,0.0,waku,Class,TIME,last3F,14,ave3F,49,48.4,0
チュウワダンス,14,2.1,1,0.0,waku,Class,TIME,last3F,14,ave3F,63.9,58.4,0
