﻿name,no,odds,pop_rank,power_index,place,distance,surface,pace_type,field_size,class,prev_place,prev_rank,is_chiho
セイウンシデン,1,11.7,6,0.0,waku,Class,TIME,last3F,15,ave3F,50,47.7,0
コルニリア,2,91.6,12,0.0,waku,Class,TIME,last3F,15,ave3F,32.5,41.6,0
ポピュラーソング,3,224.3,14,0.0,waku,Class,TIME,last3F,15,ave3F,43.3,46.9,0
ペガサスターボ,4,43.1,10,0.0,waku,Class,TIME,last3F,15,ave3F,47.9,48.6,0
ブルースコード,5,32.7,7,0.0,waku,Class,TIME,last3F,15,ave3F,36.8,39.1,0
テイルウインド,6,142.5,13,0.0,waku,Class,TIME,last3F,15,ave3F,41.7,38.5,0
ミロワール,7,4.3,3,0.0,waku,Class,TIME,last3F,15,ave3F,44.6,46.2,0
ダイシンウィット,8,57,11,0.0,waku,Class,TIME,last3F,15,ave3F,43.5,38.5,0
スマートラプター,9,4.1,2,0.0,waku,Class,TIME,last3F,15,ave3F,39.3,41.7,0
フォックススリープ,10,10.9,5,0.0,waku,Class,TIME,last3F,15,ave3F,47.8,46.1,0
スズカコテキタイ,11,3,1,0.0,waku,Class,TIME,last3F,15,ave3F,47.9,47.7,0
パクスジャポニカ,12,314.2,15,0.0,waku,Class,TIME,last3F,15,ave3F,----,99.0,0
ウメタロウ,13,33.6,8,0.0,waku,Class,TIME,last3F,15,ave3F,44.2,42.6,0
マリーアミノル,14,37.8,9,0.0,waku,Class,TIME,last3F,15,ave3F,44.6,43.1,0
サウスジェラート,15,7.7,4,0.0,waku,Class,TIME,last3F,15,ave3F,44.3,42.4,0
