﻿name,no,odds,pop_rank,power_index,place,distance,surface,pace_type,field_size,class,prev_place,prev_rank,is_chiho
スリートップキズナ,1,4.6,3,0.0,waku,Class,TIME,last3F,9,ave3F,51.4,39.6,0
ニシノレバンテ,2,23.9,6,0.0,waku,Class,TIME,last3F,9,ave3F,39.9,42.3,0
コミカライズ,3,5.6,4,0.0,waku,Class,TIME,last3F,9,ave3F,54.6,50.6,0
ディオスバリエンテ,4,2.4,1,0.0,waku,Class,TIME,last3F,9,ave3F,48.8,49.5,0
ニシノオイカゼ,5,74.2,9,0.0,waku,Class,TIME,last3F,9,ave3F,53.8,57.9,0
エンギダルマ,6,8.2,5,0.0,waku,Class,TIME,last3F,9,ave3F,54,55.4,0
レーヴドゥラプレリ,7,4.3,2,0.0,waku,Class,TIME,last3F,9,ave3F,61.5,59.9,0
アップストリーム,8,47.3,8,0.0,waku,Class,TIME,last3F,9,ave3F,50.2,50.6,0
トップキャスト,9,46.9,7,0.0,waku,Class,TIME,last3F,9,ave3F,41.3,45.7,0
