﻿name,no,odds,pop_rank,power_index,place,distance,surface,pace_type,field_size,class,prev_place,prev_rank,is_chiho
ソルドラード,1,73.7,10,0.0,waku,Class,TIME,last3F,12,ave3F,51.3,52.9,0
リリーピュアハート,2,22,7,0.0,waku,Class,TIME,last3F,12,ave3F,64.3,63.0,0
シルキーヴォイス,3,24.1,8,0.0,waku,Class,TIME,last3F,12,ave3F,51.8,48.5,0
サンストックトン,4,1.8,1,0.0,waku,Class,TIME,last3F,12,ave3F,54.2,52.8,0
コスモインペリウム,5,243.3,12,0.0,waku,Class,TIME,last3F,12,ave3F,51.8,56.5,0
スパイラルノヴァ,6,4.3,2,0.0,waku,Class,TIME,last3F,12,ave3F,55.1,50.5,0
マイネルコロンブス,7,152,11,0.0,waku,Class,TIME,last3F,12,ave3F,51.6,49.8,0
ロードトゥフェイム,8,38.8,9,0.0,waku,Class,TIME,last3F,12,ave3F,49.3,49.8,0
ディナースタ,9,7.8,3,0.0,waku,Class,TIME,last3F,12,ave3F,40.7,48.2,0
アインゲーブング,10,10.6,4,0.0,waku,Class,TIME,last3F,12,ave3F,59.3,56.2,0
グランオフィシエ,11,14.6,5,0.0,waku,Class,TIME,last3F,12,ave3F,56.2,57.8,0
ホウオウリアリティ,12,17,6,0.0,waku,Class,TIME,last3F,12,ave3F,60.4,57.2,0
