﻿name,no,odds,pop_rank,power_index,place,distance,surface,pace_type,field_size,class,prev_place,prev_rank,is_chiho
アーレンダール,1,5,3,0.0,waku,Class,TIME,last3F,16,ave3F,52.9,52.2,0
クリノハニー,2,495.5,16,0.0,waku,Class,TIME,last3F,16,ave3F,44,40.7,0
デュアルキャリアー,3,10.2,5,0.0,waku,Class,TIME,last3F,16,ave3F,42.2,40.9,0
キャプテンローレル,4,14.6,6,0.0,waku,Class,TIME,last3F,16,ave3F,----,99.0,0
ムーヴ,5,7.9,4,0.0,waku,Class,TIME,last3F,16,ave3F,50.6,44.1,0
レッドレジェーラ,6,153,13,0.0,waku,Class,TIME,last3F,16,ave3F,50.3,50.0,0
リゼレインボー,7,75.5,11,0.0,waku,Class,TIME,last3F,16,ave3F,42.6,41.7,0
マロリン,8,351.7,15,0.0,waku,Class,TIME,last3F,16,ave3F,58.5,51.2,0
マリノプリエール,9,169.9,14,0.0,waku,Class,TIME,last3F,16,ave3F,39.2,43.1,0
レイデルマール,10,22.7,7,0.0,waku,Class,TIME,last3F,16,ave3F,45.9,44.6,0
ケイツーマルカ,11,36.2,9,0.0,waku,Class,TIME,last3F,16,ave3F,47.4,47.8,0
ニシノコニャック,12,51.8,10,0.0,waku,Class,TIME,last3F,16,ave3F,41.9,44.1,0
クロースコンバット,13,4.5,2,0.0,waku,Class,TIME,last3F,16,ave3F,----,99.0,0
フォーチュネイト,14,105.7,12,0.0,waku,Class,TIME,last3F,16,ave3F,46,47.1,0
フミバレンタイン,15,36,8,0.0,waku,Class,TIME,last3F,16,ave3F,53.9,49.4,0
ゲンパチプライド,16,2.6,1,0.0,waku,Class,TIME,last3F,16,ave3F,52.5,50.5,0
