﻿name,no,odds,pop_rank,power_index,place,distance,surface,pace_type,field_size,class,prev_place,prev_rank,is_chiho
ニジュウダンサー,1,8.5,6,0.0,waku,Class,TIME,last3F,12,ave3F,53.2,53.2,0
モンサンスヴニール,2,40.8,9,0.0,waku,Class,TIME,last3F,12,ave3F,43.6,44.9,0
クリノゴッホ,3,3.8,2,0.0,waku,Class,TIME,last3F,12,ave3F,51.1,48.3,0
エコロレジーナ,4,23.3,7,0.0,waku,Class,TIME,last3F,12,ave3F,41.2,41.5,0
デイドリームビーチ,5,82.5,11,0.0,waku,Class,TIME,last3F,12,ave3F,55.1,53.5,0
スムースベルベット,6,7.7,4,0.0,waku,Class,TIME,last3F,12,ave3F,45.7,48.1,0
サイモンオリーブ,7,29.1,8,0.0,waku,Class,TIME,last3F,12,ave3F,49.4,50.9,0
ロッソランパンテ,8,116.7,12,0.0,waku,Class,TIME,last3F,12,ave3F,58,59.8,0
ソフィアエール,9,8.2,5,0.0,waku,Class,TIME,last3F,12,ave3F,46.9,47.4,0
レイフォール,10,46.2,10,0.0,waku,Class,TIME,last3F,12,ave3F,46.3,44.9,0
クールムーア,11,5.3,3,0.0,waku,Class,TIME,last3F,12,ave3F,58.7,59.8,0
スプレモフレイバー,12,3.4,1,0.0,waku,Class,TIME,last3F,12,ave3F,52.6,48.3,0
