﻿name,no,odds,pop_rank,power_index,place,distance,surface,pace_type,field_size,class,prev_place,prev_rank,is_chiho
アネモス,1,15.9,8,0.0,waku,Class,TIME,last3F,13,ave3F,52.5,52.5,0
エメラダ,2,104.7,12,0.0,waku,Class,TIME,last3F,13,ave3F,48,43.6,0
ミラクルキャッツ,3,9.1,4,0.0,waku,Class,TIME,last3F,13,ave3F,42.9,42.0,0
ディクレアブルーム,4,45.9,10,0.0,waku,Class,TIME,last3F,13,ave3F,----,99.0,0
エイトスターズ,5,57.3,11,0.0,waku,Class,TIME,last3F,13,ave3F,52.6,53.8,0
ヘニータイフーン,6,7.2,3,0.0,waku,Class,TIME,last3F,13,ave3F,52,50.1,0
ハンベルジャイト,7,14.1,6,0.0,waku,Class,TIME,last3F,13,ave3F,48,47.5,0
セラドナイト,8,2.1,1,0.0,waku,Class,TIME,last3F,13,ave3F,----,99.0,0
トモジャミ,9,6.5,2,0.0,waku,Class,TIME,last3F,13,ave3F,44,42.5,0
プラチナジュビリー,10,10.7,5,0.0,waku,Class,TIME,last3F,13,ave3F,45.2,46.3,0
トウシンカーリン,11,14.8,7,0.0,waku,Class,TIME,last3F,13,ave3F,----,99.0,0
エスシービビ,12,23.5,9,0.0,waku,Class,TIME,last3F,13,ave3F,62.4,60.8,0
ヤエベニシダレ,13,402.7,13,0.0,waku,Class,TIME,last3F,13,ave3F,46.9,48.4,0
