﻿name,no,odds,pop_rank,power_index,place,distance,surface,pace_type,field_size,class,prev_place,prev_rank,is_chiho
スノーハレーション,1,89.7,12,0.0,waku,Class,TIME,last3F,16,ave3F,57.3,60.3,0
リトルポピー,2,3.5,1,0.0,waku,Class,TIME,last3F,16,ave3F,46,48.6,0
チャーチャンテン,3,435.4,16,0.0,waku,Class,TIME,last3F,16,ave3F,43.2,48.2,0
ブライズルーム,4,24.5,8,0.0,waku,Class,TIME,last3F,16,ave3F,56,51.8,0
ネイチャーミヤビ,5,111,14,0.0,waku,Class,TIME,last3F,16,ave3F,----,99.0,0
バーリンギャップ,6,5.3,2,0.0,waku,Class,TIME,last3F,16,ave3F,41.5,46.0,0
ハローサブリナ,7,61.5,11,0.0,waku,Class,TIME,last3F,16,ave3F,47.1,47.1,0
クインズミモザ,8,5.9,4,0.0,waku,Class,TIME,last3F,16,ave3F,46.6,48.6,0
ココリジャスミン,9,356.4,15,0.0,waku,Class,TIME,last3F,16,ave3F,46,46.2,0
チャプリ,10,8.5,5,0.0,waku,Class,TIME,last3F,16,ave3F,50.8,48.4,0
アイソウザスター,11,34.6,10,0.0,waku,Class,TIME,last3F,16,ave3F,44.8,49.2,0
タマモバンケット,12,5.5,3,0.0,waku,Class,TIME,last3F,16,ave3F,46.3,49.7,0
キュン,13,90.2,13,0.0,waku,Class,TIME,last3F,16,ave3F,51.5,52.2,0
ラブエスポー,14,34,9,0.0,waku,Class,TIME,last3F,16,ave3F,49.7,51.4,0
ファンタジア,15,13.1,7,0.0,waku,Class,TIME,last3F,16,ave3F,51.7,51.4,0
フミチャン,16,11.5,6,0.0,waku,Class,TIME,last3F,16,ave3F,47.7,48.1,0
