﻿name,no,odds,pop_rank,power_index,place,distance,surface,pace_type,field_size,class,prev_place,prev_rank,is_chiho
メイショウアゴニカ,1,324.9,14,0.0,waku,Class,TIME,last3F,14,ave3F,44.1,44.5,0
スキピオ,2,3.3,2,0.0,waku,Class,TIME,last3F,14,ave3F,44.8,46.1,0
サダムゲンヤ,3,53.3,11,0.0,waku,Class,TIME,last3F,14,ave3F,48.2,46.4,0
リゴレット,4,25.2,10,0.0,waku,Class,TIME,last3F,14,ave3F,41.2,45.1,0
レッドラマンシュ,5,2.9,1,0.0,waku,Class,TIME,last3F,14,ave3F,42.8,43.0,0
サンエルセントロ,6,24.3,9,0.0,waku,Class,TIME,last3F,14,ave3F,50.9,51.0,0
サトノルフィアン,7,15.4,5,0.0,waku,Class,TIME,last3F,14,ave3F,52.5,52.7,0
セレッソフレイム,8,212,12,0.0,waku,Class,TIME,last3F,14,ave3F,56.4,55.6,0
アドマイヤジェイ,9,4.7,3,0.0,waku,Class,TIME,last3F,14,ave3F,43.3,40.7,0
ボニンブルー,10,231.6,13,0.0,waku,Class,TIME,last3F,14,ave3F,47.6,46.3,0
マインジャラン,11,23.6,8,0.0,waku,Class,TIME,last3F,14,ave3F,47.6,43.6,0
ダノンアーリー,12,14.5,4,0.0,waku,Class,TIME,last3F,14,ave3F,44.2,41.3,0
アファン,13,16.5,6,0.0,waku,Class,TIME,last3F,14,ave3F,47.8,46.4,0
ブレーヴジャッカル,14,18.6,7,0.0,waku,Class,TIME,last3F,14,ave3F,38.7,45.8,0
