﻿name,no,odds,pop_rank,power_index,place,distance,surface,pace_type,field_size,class,prev_place,prev_rank,is_chiho
スピードオブライト,1,11.3,6,0.0,waku,Class,TIME,last3F,16,ave3F,52.9,51.1,0
リックスター,2,20.2,9,0.0,waku,Class,TIME,last3F,16,ave3F,----,99.0,0
マイレーヌ,3,36.1,12,0.0,waku,Class,TIME,last3F,16,ave3F,48.1,48.1,0
アンタノバラード,4,23.2,10,0.0,waku,Class,TIME,last3F,16,ave3F,57.7,55.3,0
ヒップホップソウル,5,4.1,1,0.0,waku,Class,TIME,last3F,16,ave3F,62.5,61.5,0
ミシシッピテソーロ,6,7,4,0.0,waku,Class,TIME,last3F,16,ave3F,55.8,56.5,0
ディナトセレーネ,7,4.8,2,0.0,waku,Class,TIME,last3F,16,ave3F,52.8,51.0,0
イコノスタシス,8,9.6,5,0.0,waku,Class,TIME,last3F,16,ave3F,55.7,55.8,0
エナジーチャイム,9,6.6,3,0.0,waku,Class,TIME,last3F,16,ave3F,58.8,58.8,0
メイクアスナッチ,10,12.6,7,0.0,waku,Class,TIME,last3F,16,ave3F,56.2,56.2,0
ディヴァージオン,11,19.3,8,0.0,waku,Class,TIME,last3F,16,ave3F,----,99.0,0
ブラウンウェーブ,12,171.9,15,0.0,waku,Class,TIME,last3F,16,ave3F,51.3,46.9,0
チハヤ,13,279.4,16,0.0,waku,Class,TIME,last3F,16,ave3F,----,99.0,0
キタウイング,14,35.8,11,0.0,waku,Class,TIME,last3F,16,ave3F,64.4,60.7,0
ミタマ,15,39.3,13,0.0,waku,Class,TIME,last3F,16,ave3F,54.4,54.3,0
ブルーイングリーン,16,143.4,14,0.0,waku,Class,TIME,last3F,16,ave3F,----,99.0,0
