﻿name,no,odds,pop_rank,power_index,place,distance,surface,pace_type,field_size,class,prev_place,prev_rank,is_chiho
ローズボウル,1,19.6,9,0.0,waku,Class,TIME,last3F,16,ave3F,50.9,51.3,0
サイモンルモンド,2,227,16,0.0,waku,Class,TIME,last3F,16,ave3F,53.3,57.7,0
アイアムイチリュウ,3,9.3,5,0.0,waku,Class,TIME,last3F,16,ave3F,47.9,46.7,0
サバンナモンキー,4,39.3,12,0.0,waku,Class,TIME,last3F,16,ave3F,47.7,49.3,0
ターニングアップ,5,23.4,11,0.0,waku,Class,TIME,last3F,16,ave3F,47.6,49.2,0
サラフィエル,6,5.6,2,0.0,waku,Class,TIME,last3F,16,ave3F,49.7,50.0,0
ミヤビマドンナ,7,59.9,13,0.0,waku,Class,TIME,last3F,16,ave3F,45.1,47.3,0
オレデイイノカ,8,6.3,3,0.0,waku,Class,TIME,last3F,16,ave3F,48.3,46.2,0
プリンスミノル,9,3.6,1,0.0,waku,Class,TIME,last3F,16,ave3F,51.7,52.0,0
ジョイウイン,10,22.2,10,0.0,waku,Class,TIME,last3F,16,ave3F,45.8,40.6,0
ブルーカルセドニー,11,18,8,0.0,waku,Class,TIME,last3F,16,ave3F,46.8,50.0,0
サクセスエース,12,8.4,4,0.0,waku,Class,TIME,last3F,16,ave3F,47.5,46.7,0
トーホウボルツ,13,111.7,15,0.0,waku,Class,TIME,last3F,16,ave3F,48.8,47.3,0
バルサミックムーン,14,16.4,7,0.0,waku,Class,TIME,last3F,16,ave3F,51,48.6,0
スイートフィル,15,11,6,0.0,waku,Class,TIME,last3F,16,ave3F,48.2,47.9,0
アシタガアルサ,16,72,14,0.0,waku,Class,TIME,last3F,16,ave3F,50.4,47.5,0
