﻿name,no,odds,pop_rank,power_index,place,distance,surface,pace_type,field_size,class,prev_place,prev_rank,is_chiho
フルオール,1,12.9,6,0.0,waku,Class,TIME,last3F,16,ave3F,48,43.4,0
クアトロマジコ,2,38.1,9,0.0,waku,Class,TIME,last3F,16,ave3F,50.8,49.2,0
アトラクティーボ,3,63.2,11,0.0,waku,Class,TIME,last3F,16,ave3F,51.7,54.0,0
ヨンク,4,18.8,7,0.0,waku,Class,TIME,last3F,16,ave3F,51.7,44.6,0
ウインレゼルヴ,5,393.9,16,0.0,waku,Class,TIME,last3F,16,ave3F,48.4,52.4,0
スピードソルジャー,6,50.5,10,0.0,waku,Class,TIME,last3F,16,ave3F,45.5,51.3,0
ブレイクフォース,7,6.6,3,0.0,waku,Class,TIME,last3F,16,ave3F,47.9,49.2,0
ヴァーンフリート,8,2.3,1,0.0,waku,Class,TIME,last3F,16,ave3F,53.5,52.8,0
ローズボウル,9,22.9,8,0.0,waku,Class,TIME,last3F,16,ave3F,44.3,50.0,0
カンピオーネ,10,5.5,2,0.0,waku,Class,TIME,last3F,16,ave3F,50.7,50.5,0
ニシノアジャスト,11,126.3,12,0.0,waku,Class,TIME,last3F,16,ave3F,50.1,52.1,0
サブロンカズマ,12,252.9,14,0.0,waku,Class,TIME,last3F,16,ave3F,45.6,42.4,0
パーティーベル,13,10.3,5,0.0,waku,Class,TIME,last3F,16,ave3F,51.2,46.5,0
ゼローソ,14,128,13,0.0,waku,Class,TIME,last3F,16,ave3F,49.6,47.3,0
ロスコフ,15,7,4,0.0,waku,Class,TIME,last3F,16,ave3F,47.3,45.9,0
ホウオウジャッジ,16,328.9,15,0.0,waku,Class,TIME,last3F,16,ave3F,43.9,48.4,0
