﻿name,no,odds,pop_rank,power_index,place,distance,surface,pace_type,field_size,class,prev_place,prev_rank,is_chiho
トーセンウォルト,1,91.4,9,0.0,waku,Class,TIME,last3F,10,ave3F,51.2,51.5,0
キミノナハマリア,2,7.3,3,0.0,waku,Class,TIME,last3F,10,ave3F,61.5,59.9,0
マジカルワード,3,27.3,7,0.0,waku,Class,TIME,last3F,10,ave3F,----,99.0,0
ビターグラッセ,4,2.1,1,0.0,waku,Class,TIME,last3F,10,ave3F,56,49.9,0
アヴニールドブリエ,5,4,2,0.0,waku,Class,TIME,last3F,10,ave3F,51.8,49.2,0
マイネルモーント,6,取消し,,0.0,waku,Class,TIME,last3F,10,ave3F,60.2,59.6,0
ハウゼ,7,7.5,4,0.0,waku,Class,TIME,last3F,10,ave3F,52.2,49.6,0
イージーオンミー,8,48,8,0.0,waku,Class,TIME,last3F,10,ave3F,59.9,59.6,0
ビップクロエ,9,13.5,6,0.0,waku,Class,TIME,last3F,10,ave3F,47.8,47.2,0
シリアルノヴェル,10,8.2,5,0.0,waku,Class,TIME,last3F,10,ave3F,----,99.0,0
