﻿name,no,odds,pop_rank,power_index,place,distance,surface,pace_type,field_size,class,prev_place,prev_rank,is_chiho
リリーミニスター,1,54.8,12,0.0,waku,Class,TIME,last3F,16,ave3F,46.5,49.9,0
ムエックス,2,234.3,14,0.0,waku,Class,TIME,last3F,16,ave3F,45.2,46.3,0
テイエムマグマ,3,41.7,10,0.0,waku,Class,TIME,last3F,16,ave3F,47.3,49.5,0
メイショウユズルハ,4,6.1,4,0.0,waku,Class,TIME,last3F,16,ave3F,46.3,46.3,0
トウセツ,5,3.4,1,0.0,waku,Class,TIME,last3F,16,ave3F,49.1,47.6,0
ダッチマン,6,116.5,13,0.0,waku,Class,TIME,last3F,16,ave3F,45.6,44.8,0
メイショウミカワ,7,20.3,7,0.0,waku,Class,TIME,last3F,16,ave3F,46.5,46.3,0
ラヴォラーレ,8,45.4,11,0.0,waku,Class,TIME,last3F,16,ave3F,50.9,50.5,0
クリノホノオ,9,244.7,15,0.0,waku,Class,TIME,last3F,16,ave3F,49.5,46.1,0
セブンデイズ,10,41.6,9,0.0,waku,Class,TIME,last3F,16,ave3F,53.3,51.3,0
コルドンルージュ,11,3.5,2,0.0,waku,Class,TIME,last3F,16,ave3F,43.9,43.9,0
セイクリッドゲイズ,12,40.4,8,0.0,waku,Class,TIME,last3F,16,ave3F,47.4,47.7,0
ロッキーサンダー,13,14.2,6,0.0,waku,Class,TIME,last3F,16,ave3F,48,46.0,0
サンマルレジェンド,14,10.8,5,0.0,waku,Class,TIME,last3F,16,ave3F,42.7,45.5,0
メイケイハリアー,15,248.5,16,0.0,waku,Class,TIME,last3F,16,ave3F,44.3,46.6,0
オディロン,16,5.9,3,0.0,waku,Class,TIME,last3F,16,ave3F,45.9,45.1,0
