﻿name,no,odds,pop_rank,power_index,place,distance,surface,pace_type,field_size,class,prev_place,prev_rank,is_chiho
セイクリッド,1,32.4,8,0.0,waku,Class,TIME,last3F,9,ave3F,47.7,44.2,0
トゥードジボン,2,3.8,2,0.0,waku,Class,TIME,last3F,9,ave3F,54.6,51.7,0
ジャッカル,3,26.6,7,0.0,waku,Class,TIME,last3F,9,ave3F,55.5,51.8,0
ショウナンアデイブ,4,5,3,0.0,waku,Class,TIME,last3F,9,ave3F,55.4,53.1,0
タイゲン,5,6.2,5,0.0,waku,Class,TIME,last3F,9,ave3F,55.5,54.1,0
セルバーグ,6,2.9,1,0.0,waku,Class,TIME,last3F,9,ave3F,50.9,50.9,0
サトノペルセウス,7,5.7,4,0.0,waku,Class,TIME,last3F,9,ave3F,55.6,55.6,0
エーティーソブリン,8,26.1,6,0.0,waku,Class,TIME,last3F,9,ave3F,56.6,55.0,0
ゼットレヨン,9,59,9,0.0,waku,Class,TIME,last3F,9,ave3F,44.9,44.1,0
