﻿name,no,odds,pop_rank,power_index,place,distance,surface,pace_type,field_size,class,prev_place,prev_rank,is_chiho
コナブラック,1,6.5,3,0.0,waku,Class,TIME,last3F,16,ave3F,58.9,58.4,0
ダノンフロンティア,2,5.1,2,0.0,waku,Class,TIME,last3F,16,ave3F,52.6,52.9,0
マンクスホップ,3,51.1,11,0.0,waku,Class,TIME,last3F,16,ave3F,48.6,46.7,0
ヒルノロワール,4,89.1,13,0.0,waku,Class,TIME,last3F,16,ave3F,45.6,49.3,0
ラフダイヤモンド,5,103.6,14,0.0,waku,Class,TIME,last3F,16,ave3F,52.1,57.4,0
マイネルカグラ,6,60.5,12,0.0,waku,Class,TIME,last3F,16,ave3F,49.6,53.0,0
キュンストラー,7,14.5,8,0.0,waku,Class,TIME,last3F,16,ave3F,53.2,49.6,0
アスカノミライ,8,20,9,0.0,waku,Class,TIME,last3F,16,ave3F,----,99.0,0
エスポワールミノル,9,4.5,1,0.0,waku,Class,TIME,last3F,16,ave3F,57.7,58.2,0
クリノイヴァンカ,10,252.5,16,0.0,waku,Class,TIME,last3F,16,ave3F,54.6,54.8,0
ゼンノインヴォーク,11,8.9,6,0.0,waku,Class,TIME,last3F,16,ave3F,47.5,47.8,0
ヴィルトブリーゼ,12,8.2,5,0.0,waku,Class,TIME,last3F,16,ave3F,49.3,49.6,0
ウインマイルート,13,10,7,0.0,waku,Class,TIME,last3F,16,ave3F,56.7,58.2,0
フィレンツェ,14,35.3,10,0.0,waku,Class,TIME,last3F,16,ave3F,57.7,52.8,0
アテンパーティ,15,202.1,15,0.0,waku,Class,TIME,last3F,16,ave3F,49.7,48.6,0
マケルナマサムネ,16,7.1,4,0.0,waku,Class,TIME,last3F,16,ave3F,54.5,55.0,0
