﻿name,no,odds,pop_rank,power_index,place,distance,surface,pace_type,field_size,class,prev_place,prev_rank,is_chiho
グランメテオール,1,38,7,0.0,waku,Class,TIME,last3F,12,ave3F,50.4,51.9,0
バイス,2,11.1,4,0.0,waku,Class,TIME,last3F,12,ave3F,55.8,54.8,0
グリューヴルム,3,3.4,2,0.0,waku,Class,TIME,last3F,12,ave3F,50.7,47.5,0
タマモモンレーブ,4,54,10,0.0,waku,Class,TIME,last3F,12,ave3F,42.9,44.3,0
ウラエウス,5,17.9,5,0.0,waku,Class,TIME,last3F,12,ave3F,46.3,51.1,0
フロイング,6,174.8,12,0.0,waku,Class,TIME,last3F,12,ave3F,49.5,50.3,0
シンゼンハット,7,51.2,9,0.0,waku,Class,TIME,last3F,12,ave3F,----,99.0,0
シャンバラ,8,1.9,1,0.0,waku,Class,TIME,last3F,12,ave3F,48,45.6,0
アークデトリオンフ,9,132.2,11,0.0,waku,Class,TIME,last3F,12,ave3F,47.6,47.6,0
ジョーコモド,10,33,6,0.0,waku,Class,TIME,last3F,12,ave3F,53.3,49.7,0
タマモエイトビート,11,44.1,8,0.0,waku,Class,TIME,last3F,12,ave3F,49.7,47.9,0
ウインザナドゥ,12,6.1,3,0.0,waku,Class,TIME,last3F,12,ave3F,57.2,53.6,0
