﻿name,no,odds,pop_rank,power_index,place,distance,surface,pace_type,field_size,class,prev_place,prev_rank,is_chiho
プルモナリア,1,47.5,10,0.0,waku,Class,TIME,last3F,16,ave3F,47.9,46.1,0
メイショウゲキリン,2,6.2,3,0.0,waku,Class,TIME,last3F,16,ave3F,47.2,45.7,0
アドマイヤベネラ,3,13,5,0.0,waku,Class,TIME,last3F,16,ave3F,57.5,56.7,0
カフェキング,4,88.3,12,0.0,waku,Class,TIME,last3F,16,ave3F,43.6,51.3,0
クリーンドリーム,5,35.9,9,0.0,waku,Class,TIME,last3F,16,ave3F,51.2,48.3,0
テイエムファクター,6,24.2,8,0.0,waku,Class,TIME,last3F,16,ave3F,46.2,45.8,0
レッドファーロ,7,1.8,1,0.0,waku,Class,TIME,last3F,16,ave3F,51.6,45.6,0
セブンスレター,8,22.4,6,0.0,waku,Class,TIME,last3F,16,ave3F,51.7,51.3,0
エルディアブロ,9,89.7,13,0.0,waku,Class,TIME,last3F,16,ave3F,56.4,56.5,0
サンバデジャネイロ,10,217.9,14,0.0,waku,Class,TIME,last3F,16,ave3F,49.2,50.7,0
アスクビックスター,11,10.7,4,0.0,waku,Class,TIME,last3F,16,ave3F,48.2,51.9,0
ミエノナイスガイ,12,315.7,15,0.0,waku,Class,TIME,last3F,16,ave3F,----,99.0,0
トップリーチ,13,432.4,16,0.0,waku,Class,TIME,last3F,16,ave3F,----,99.0,0
アシタガアルサ,14,80.2,11,0.0,waku,Class,TIME,last3F,16,ave3F,45.2,41.5,0
クリノナイスガイ,15,23.4,7,0.0,waku,Class,TIME,last3F,16,ave3F,45.4,45.1,0
セレッソ,16,6.1,2,0.0,waku,Class,TIME,last3F,16,ave3F,49.5,51.4,0
