﻿name,no,odds,pop_rank,power_index,place,distance,surface,pace_type,field_size,class,prev_place,prev_rank,is_chiho
クリノパイソン,1,11.8,5,0.0,waku,Class,TIME,last3F,15,ave3F,44,45.0,0
ケイティレインボー,2,12.1,6,0.0,waku,Class,TIME,last3F,15,ave3F,50,51.3,0
ベイビールビオ,3,41.4,10,0.0,waku,Class,TIME,last3F,15,ave3F,----,99.0,0
アテンパーティ,4,254.3,13,0.0,waku,Class,TIME,last3F,15,ave3F,43.8,42.1,0
ベンチャーアウト,5,5.3,3,0.0,waku,Class,TIME,last3F,15,ave3F,47.2,45.9,0
メイマックス,6,351.9,15,0.0,waku,Class,TIME,last3F,15,ave3F,46.2,48.2,0
キングレリック,7,6.2,4,0.0,waku,Class,TIME,last3F,15,ave3F,48.7,50.0,0
チャールストン,8,234.9,12,0.0,waku,Class,TIME,last3F,15,ave3F,----,99.0,0
クリノザウルス,9,314.3,14,0.0,waku,Class,TIME,last3F,15,ave3F,47.9,47.5,0
サノラキ,10,117.2,11,0.0,waku,Class,TIME,last3F,15,ave3F,51.2,54.8,0
メジャークオリティ,11,14,7,0.0,waku,Class,TIME,last3F,15,ave3F,52.2,52.2,0
トップスターサン,12,3.5,1,0.0,waku,Class,TIME,last3F,15,ave3F,50.5,49.8,0
ロイヤルダンス,13,3.9,2,0.0,waku,Class,TIME,last3F,15,ave3F,45.3,45.8,0
ミキノプリンス,14,16.4,8,0.0,waku,Class,TIME,last3F,15,ave3F,----,99.0,0
モズミツボシ,15,40.2,9,0.0,waku,Class,TIME,last3F,15,ave3F,46.8,50.7,0
