﻿name,no,odds,pop_rank,power_index,place,distance,surface,pace_type,field_size,class,prev_place,prev_rank,is_chiho
タイセイスラッガー,1,68,8,0.0,waku,Class,TIME,last3F,12,ave3F,48.4,48.4,0
タヒチアンダンス,2,14.5,6,0.0,waku,Class,TIME,last3F,12,ave3F,50.4,49.2,0
トラモント,3,13.2,5,0.0,waku,Class,TIME,last3F,12,ave3F,46.5,46.5,0
オンザライン,4,8.4,3,0.0,waku,Class,TIME,last3F,12,ave3F,46.6,46.5,0
ペイシャクェーサー,5,290.8,12,0.0,waku,Class,TIME,last3F,12,ave3F,52.9,50.7,0
カフェスペランツァ,6,257.7,11,0.0,waku,Class,TIME,last3F,12,ave3F,45.9,44.2,0
スズカデレヤ,7,43.6,7,0.0,waku,Class,TIME,last3F,12,ave3F,48.5,49.4,0
ヴィジョンオブラヴ,8,139.3,10,0.0,waku,Class,TIME,last3F,12,ave3F,49.5,45.1,0
ウィルソンテソーロ,9,1.5,1,0.0,waku,Class,TIME,last3F,12,ave3F,53.1,52.2,0
フィストバンプ,10,122.5,9,0.0,waku,Class,TIME,last3F,12,ave3F,47.3,45.9,0
ベストリーガード,11,5.2,2,0.0,waku,Class,TIME,last3F,12,ave3F,45.7,46.2,0
ダノンブレット,12,9.3,4,0.0,waku,Class,TIME,last3F,12,ave3F,51.1,50.5,0
