﻿name,no,odds,pop_rank,power_index,place,distance,surface,pace_type,field_size,class,prev_place,prev_rank,is_chiho
ヴィトーリア,1,6.4,3,0.0,waku,Class,TIME,last3F,7,ave3F,54.8,46.3,0
ムガ,2,47.6,7,0.0,waku,Class,TIME,last3F,7,ave3F,56.5,55.7,0
エンドウノハナ,3,1.5,1,0.0,waku,Class,TIME,last3F,7,ave3F,58.5,55.0,0
マテンロウアレス,4,24.4,6,0.0,waku,Class,TIME,last3F,7,ave3F,52.2,49.7,0
ジェニーアムレット,5,11.9,4,0.0,waku,Class,TIME,last3F,7,ave3F,43.6,48.2,0
エスポワールミノル,6,4.6,2,0.0,waku,Class,TIME,last3F,7,ave3F,58.8,58.4,0
メトセラ,7,14.9,5,0.0,waku,Class,TIME,last3F,7,ave3F,40.9,44.7,0
