﻿name,no,odds,pop_rank,power_index,place,distance,surface,pace_type,field_size,class,prev_place,prev_rank,is_chiho
ステラバルセロナ,1,18.4,7,0.0,waku,Class,TIME,last3F,13,ave3F,52.6,53.9,0
ルージュクレセント,2,5.8,3,0.0,waku,Class,TIME,last3F,13,ave3F,54.5,54.1,0
キガン,3,11.3,5,0.0,waku,Class,TIME,last3F,13,ave3F,58.3,59.8,0
コスモフーレイ,4,19,8,0.0,waku,Class,TIME,last3F,13,ave3F,50.6,49.2,0
メインクーン,5,3.6,2,0.0,waku,Class,TIME,last3F,13,ave3F,61.5,56.2,0
アリスヴェリテ,6,2.9,1,0.0,waku,Class,TIME,last3F,13,ave3F,56.2,56.5,0
トラベログ,7,13.6,6,0.0,waku,Class,TIME,last3F,13,ave3F,----,99.0,0
コウセイマリア,8,34.1,9,0.0,waku,Class,TIME,last3F,13,ave3F,58.7,49.4,0
カレイジャス,9,303.5,13,0.0,waku,Class,TIME,last3F,13,ave3F,----,99.0,0
トラネスハープ,10,62.5,11,0.0,waku,Class,TIME,last3F,13,ave3F,38.4,42.5,0
セイウンスイート,11,109.5,12,0.0,waku,Class,TIME,last3F,13,ave3F,52.9,48.3,0
エミュー,12,8.5,4,0.0,waku,Class,TIME,last3F,13,ave3F,55.2,52.5,0
ニシノコウフク,13,41.4,10,0.0,waku,Class,TIME,last3F,13,ave3F,55.8,56.5,0
