﻿name,no,odds,pop_rank,power_index,place,distance,surface,pace_type,field_size,class,prev_place,prev_rank,is_chiho
ラキ,1,55.2,10,0.0,waku,Class,TIME,last3F,16,ave3F,50.6,40.8,0
ウラヤ,2,7.3,4,0.0,waku,Class,TIME,last3F,16,ave3F,49.9,47.4,0
タガノトランキーロ,3,58.8,11,0.0,waku,Class,TIME,last3F,16,ave3F,45.7,43.0,0
カズプレスト,4,3,1,0.0,waku,Class,TIME,last3F,16,ave3F,----,99.0,0
ヴァクストゥーム,5,43.5,9,0.0,waku,Class,TIME,last3F,16,ave3F,50,49.0,0
モナルヒ,6,13.9,6,0.0,waku,Class,TIME,last3F,16,ave3F,45.4,43.0,0
メイショウフンケイ,7,4.4,2,0.0,waku,Class,TIME,last3F,16,ave3F,44.6,43.6,0
カジュフェイス,8,21.2,8,0.0,waku,Class,TIME,last3F,16,ave3F,50.9,46.8,0
テーオーポシブル,9,109.9,14,0.0,waku,Class,TIME,last3F,16,ave3F,46.7,41.6,0
スンヌンタイ,10,86.6,13,0.0,waku,Class,TIME,last3F,16,ave3F,52,51.4,0
タイミングナウ,11,8.6,5,0.0,waku,Class,TIME,last3F,16,ave3F,36.7,39.5,0
ジェイエルエース,12,20.3,7,0.0,waku,Class,TIME,last3F,16,ave3F,52.2,52.1,0
ヴアーサ,13,5.9,3,0.0,waku,Class,TIME,last3F,16,ave3F,52.6,48.6,0
メイショウストーム,14,166,15,0.0,waku,Class,TIME,last3F,16,ave3F,48.7,50.1,0
ニホンピロオーセン,15,63.3,12,0.0,waku,Class,TIME,last3F,16,ave3F,----,99.0,0
ダイシンウィット,16,230.7,16,0.0,waku,Class,TIME,last3F,16,ave3F,42.3,36.1,0
