﻿name,no,odds,pop_rank,power_index,place,distance,surface,pace_type,field_size,class,prev_place,prev_rank,is_chiho
ショウナンマッハ,1,4.8,2,0.0,waku,Class,TIME,last3F,18,ave3F,52.1,52.1,0
ハギノモーリス,2,10.7,5,0.0,waku,Class,TIME,last3F,18,ave3F,47.2,46.9,0
オードゥメール,3,30.3,10,0.0,waku,Class,TIME,last3F,18,ave3F,44.6,43.1,0
ゼットレヨン,4,29.9,9,0.0,waku,Class,TIME,last3F,18,ave3F,37,41.0,0
セリノーフォス,5,32.6,12,0.0,waku,Class,TIME,last3F,18,ave3F,41.1,42.3,0
ミキノバスドラム,6,230.5,17,0.0,waku,Class,TIME,last3F,18,ave3F,50.9,50.9,0
マイネルレノン,7,13.3,6,0.0,waku,Class,TIME,last3F,18,ave3F,46.2,45.1,0
メルヴィル,8,17.6,7,0.0,waku,Class,TIME,last3F,18,ave3F,50,50.6,0
ジュストコル,9,17.6,8,0.0,waku,Class,TIME,last3F,18,ave3F,46.8,46.8,0
チャイカ,10,31.3,11,0.0,waku,Class,TIME,last3F,18,ave3F,50.9,46.8,0
トーセンサンダー,11,8.7,4,0.0,waku,Class,TIME,last3F,18,ave3F,53.8,52.9,0
バンデルオーラ,12,5.6,3,0.0,waku,Class,TIME,last3F,18,ave3F,46.3,44.9,0
ステラダイヤ,13,131.3,15,0.0,waku,Class,TIME,last3F,18,ave3F,41.5,42.8,0
サクセスハーモニー,14,353.6,18,0.0,waku,Class,TIME,last3F,18,ave3F,45.9,48.8,0
ウインモナーク,15,3.3,1,0.0,waku,Class,TIME,last3F,18,ave3F,49.7,46.3,0
サニーオーシャン,16,219.6,16,0.0,waku,Class,TIME,last3F,18,ave3F,49.7,47.1,0
ミズノコキュウ,17,81,13,0.0,waku,Class,TIME,last3F,18,ave3F,51.5,49.1,0
エテルナメンテ,18,94.9,14,0.0,waku,Class,TIME,last3F,18,ave3F,49.1,48.8,0
