﻿name,no,odds,pop_rank,power_index,place,distance,surface,pace_type,field_size,class,prev_place,prev_rank,is_chiho
フォルテース,1,9.8,4,0.0,waku,Class,TIME,last3F,8,ave3F,51.2,51.2,0
ダンシングニードル,2,1.7,1,0.0,waku,Class,TIME,last3F,8,ave3F,48.6,50.0,0
オーサムサンライズ,3,14.3,5,0.0,waku,Class,TIME,last3F,8,ave3F,45.7,46.3,0
ニシノトキメキ,4,17.5,6,0.0,waku,Class,TIME,last3F,8,ave3F,43,45.1,0
アウクソー,5,71.5,8,0.0,waku,Class,TIME,last3F,8,ave3F,43.9,45.1,0
タマモブラックタイ,6,8.2,3,0.0,waku,Class,TIME,last3F,8,ave3F,43.6,44.0,0
ルーフ,7,3.3,2,0.0,waku,Class,TIME,last3F,8,ave3F,50.6,49.4,0
ブライトサイン,8,34.1,7,0.0,waku,Class,TIME,last3F,8,ave3F,56.2,53.8,0
