﻿name,no,odds,pop_rank,power_index,place,distance,surface,pace_type,field_size,class,prev_place,prev_rank,is_chiho
キタサンシンドー,1,8.3,5,0.0,waku,Class,TIME,last3F,12,ave3F,47.2,51.0,0
シャトンアンジュ,2,3.3,1,0.0,waku,Class,TIME,last3F,12,ave3F,55,53.9,0
アールフォルス,3,8.1,4,0.0,waku,Class,TIME,last3F,12,ave3F,51.9,52.6,0
ポルテーニャ,4,39,9,0.0,waku,Class,TIME,last3F,12,ave3F,38.5,43.2,0
サツキハピネス,5,23.2,8,0.0,waku,Class,TIME,last3F,12,ave3F,56.7,56.2,0
クオンタム,6,120.7,11,0.0,waku,Class,TIME,last3F,12,ave3F,56,58.0,0
ツッチーフェイス,7,4.9,3,0.0,waku,Class,TIME,last3F,12,ave3F,58.8,52.7,0
エレフセリア,8,4.9,2,0.0,waku,Class,TIME,last3F,12,ave3F,50.1,45.9,0
ジェラペッシュ,9,154.2,12,0.0,waku,Class,TIME,last3F,12,ave3F,50,46.3,0
ダノンティアラ,10,10.3,7,0.0,waku,Class,TIME,last3F,12,ave3F,36.5,49.6,0
テリオスマナ,11,9.1,6,0.0,waku,Class,TIME,last3F,12,ave3F,59,57.9,0
フェブサンカラ,12,81.9,10,0.0,waku,Class,TIME,last3F,12,ave3F,41.3,43.9,0
