﻿name,no,odds,pop_rank,power_index,place,distance,surface,pace_type,field_size,class,prev_place,prev_rank,is_chiho
アルジーヌ,1,4.3,3,0.0,waku,Class,TIME,last3F,7,ave3F,----,99.0,0
エマヌエーレ,2,11,4,0.0,waku,Class,TIME,last3F,7,ave3F,56.7,59.2,0
メテオリート,3,13.2,5,0.0,waku,Class,TIME,last3F,7,ave3F,52.4,53.2,0
カルロヴェローチェ,4,3.2,2,0.0,waku,Class,TIME,last3F,7,ave3F,61.1,60.2,0
エアメテオラ,5,1.9,1,0.0,waku,Class,TIME,last3F,7,ave3F,60.2,60.2,0
タガノタント,6,45.2,6,0.0,waku,Class,TIME,last3F,7,ave3F,41.2,44.0,0
メイショウヒュウガ,7,53.4,7,0.0,waku,Class,TIME,last3F,7,ave3F,48.3,45.1,0
