﻿name,no,odds,pop_rank,power_index,place,distance,surface,pace_type,field_size,class,prev_place,prev_rank,is_chiho
サトノギベオン,1,2.2,1,0.0,waku,Class,TIME,last3F,11,ave3F,53.8,51.9,0
デュアルレインボー,2,16.5,7,0.0,waku,Class,TIME,last3F,11,ave3F,44.7,52.5,0
ネフィリム,3,198.6,11,0.0,waku,Class,TIME,last3F,11,ave3F,45.8,49.2,0
ランドアーティスト,4,114.9,10,0.0,waku,Class,TIME,last3F,11,ave3F,41.6,43.8,0
サトノバトラー,5,11,6,0.0,waku,Class,TIME,last3F,11,ave3F,41.5,46.1,0
バックスクリーン,6,10.1,5,0.0,waku,Class,TIME,last3F,11,ave3F,43.4,45.4,0
エコロカナワン,7,41.8,8,0.0,waku,Class,TIME,last3F,11,ave3F,50,48.2,0
ヴラディア,8,74.6,9,0.0,waku,Class,TIME,last3F,11,ave3F,50.7,49.7,0
ブラックピアノ,9,3.7,2,0.0,waku,Class,TIME,last3F,11,ave3F,55.8,53.5,0
サクセスミノル,10,8.2,3,0.0,waku,Class,TIME,last3F,11,ave3F,47.7,49.2,0
アーバンデザイン,11,8.7,4,0.0,waku,Class,TIME,last3F,11,ave3F,41.8,45.9,0
