﻿name,no,odds,pop_rank,power_index,place,distance,surface,pace_type,field_size,class,prev_place,prev_rank,is_chiho
タマモテラコッタ,1,39.3,10,0.0,waku,Class,TIME,last3F,14,ave3F,----,99.0,0
ルヴェルジェ,2,2.9,1,0.0,waku,Class,TIME,last3F,14,ave3F,43.8,42.7,0
アカザ,3,3.8,2,0.0,waku,Class,TIME,last3F,14,ave3F,45.1,45.4,0
ミルトクリーガー,4,130.2,13,0.0,waku,Class,TIME,last3F,14,ave3F,42.6,42.4,0
サンランシング,5,70.6,11,0.0,waku,Class,TIME,last3F,14,ave3F,47.4,46.9,0
メイム,6,158,14,0.0,waku,Class,TIME,last3F,14,ave3F,42.4,43.5,0
ラージベル,7,75.5,12,0.0,waku,Class,TIME,last3F,14,ave3F,48.1,50.4,0
キリシマタウン,8,37.9,9,0.0,waku,Class,TIME,last3F,14,ave3F,53.8,51.0,0
キュートヘスティア,9,12,5,0.0,waku,Class,TIME,last3F,14,ave3F,45.9,43.2,0
グランデフィオーレ,10,30.8,8,0.0,waku,Class,TIME,last3F,14,ave3F,39.3,42.3,0
ペイシャカレン,11,7.9,4,0.0,waku,Class,TIME,last3F,14,ave3F,43.2,45.4,0
ララシャンドン,12,4.8,3,0.0,waku,Class,TIME,last3F,14,ave3F,43.9,43.1,0
ニシノコチ,13,24.8,7,0.0,waku,Class,TIME,last3F,14,ave3F,----,99.0,0
デルマカミーラ,14,13.2,6,0.0,waku,Class,TIME,last3F,14,ave3F,42.8,44.3,0
