﻿name,no,odds,pop_rank,power_index,place,distance,surface,pace_type,field_size,class,prev_place,prev_rank,is_chiho
ゲンパチレオニダス,1,19.8,8,0.0,waku,Class,TIME,last3F,15,ave3F,54.1,48.3,0
メイショウオウギ,2,21.5,9,0.0,waku,Class,TIME,last3F,15,ave3F,47,45.9,0
ブリュットミレジメ,3,7.4,5,0.0,waku,Class,TIME,last3F,15,ave3F,38.7,43.6,0
サッポロゲッカオウ,4,139.4,12,0.0,waku,Class,TIME,last3F,15,ave3F,----,99.0,0
ルワンジュ,5,6.3,4,0.0,waku,Class,TIME,last3F,15,ave3F,48.9,44.9,0
テーオールノワール,6,144.1,14,0.0,waku,Class,TIME,last3F,15,ave3F,----,99.0,0
デルマジゾウ,7,58.8,10,0.0,waku,Class,TIME,last3F,15,ave3F,46.7,42.7,0
メルテッドハニー,8,65.5,11,0.0,waku,Class,TIME,last3F,15,ave3F,47.8,47.5,0
ヤマイチエスポ,9,152.9,15,0.0,waku,Class,TIME,last3F,15,ave3F,46,46.2,0
エリザベスミノル,10,4.7,2,0.0,waku,Class,TIME,last3F,15,ave3F,41.4,39.3,0
タイセイジャスパー,11,3.6,1,0.0,waku,Class,TIME,last3F,15,ave3F,42.7,49.0,0
パレフォーコン,12,13.7,7,0.0,waku,Class,TIME,last3F,15,ave3F,----,99.0,0
ナイトコマンダー,13,142,13,0.0,waku,Class,TIME,last3F,15,ave3F,44.6,44.9,0
タイガークリスエス,14,13.3,6,0.0,waku,Class,TIME,last3F,15,ave3F,42.5,40.6,0
ルシャリーブル,15,5.7,3,0.0,waku,Class,TIME,last3F,15,ave3F,42.7,47.5,0
