﻿name,no,odds,pop_rank,power_index,place,distance,surface,pace_type,field_size,class,prev_place,prev_rank,is_chiho
カツノサンキュウ,1,108.6,12,0.0,waku,Class,TIME,last3F,16,ave3F,41.6,39.2,0
ミツカネムーン,2,129,14,0.0,waku,Class,TIME,last3F,16,ave3F,48.3,53.5,0
インコントラーレ,3,2.8,1,0.0,waku,Class,TIME,last3F,16,ave3F,48.9,50.3,0
スマイルアップ,4,34.2,8,0.0,waku,Class,TIME,last3F,16,ave3F,49.7,45.5,0
チアフルローズ,5,221.9,15,0.0,waku,Class,TIME,last3F,16,ave3F,44.3,42.3,0
ワイルドアイズ,6,122.5,13,0.0,waku,Class,TIME,last3F,16,ave3F,----,99.0,0
ブエナベントゥーラ,7,14.3,7,0.0,waku,Class,TIME,last3F,16,ave3F,53.4,52.8,0
トーアスカーレット,8,7.9,3,0.0,waku,Class,TIME,last3F,16,ave3F,49.3,45.4,0
エコロブラスト,9,104.8,11,0.0,waku,Class,TIME,last3F,16,ave3F,43.3,41.7,0
カンザシ,10,8.4,6,0.0,waku,Class,TIME,last3F,16,ave3F,46.3,45.5,0
パイツィーレン,11,8.1,4,0.0,waku,Class,TIME,last3F,16,ave3F,44.9,43.9,0
ヴァンデリオン,12,8.3,5,0.0,waku,Class,TIME,last3F,16,ave3F,39.9,39.2,0
カリカ,13,45.7,9,0.0,waku,Class,TIME,last3F,16,ave3F,46.7,47.7,0
トーセンニック,14,4.2,2,0.0,waku,Class,TIME,last3F,16,ave3F,52.1,50.9,0
ビーマイベイビー,15,60.9,10,0.0,waku,Class,TIME,last3F,16,ave3F,40.3,42.1,0
マイネルバッカーノ,16,494.3,16,0.0,waku,Class,TIME,last3F,16,ave3F,----,99.0,0
