﻿name,no,odds,pop_rank,power_index,place,distance,surface,pace_type,field_size,class,prev_place,prev_rank,is_chiho
ワンダーウィルク,1,3.2,1,0.0,waku,Class,TIME,last3F,12,ave3F,46.3,44.0,0
レッドバロッサ,2,7.1,4,0.0,waku,Class,TIME,last3F,12,ave3F,45.8,46.3,0
シュガーコルト,3,37.4,10,0.0,waku,Class,TIME,last3F,12,ave3F,50.8,45.9,0
デルマグレムリン,4,6.6,3,0.0,waku,Class,TIME,last3F,12,ave3F,64.2,52.7,0
クリノアンビシャス,5,305.1,12,0.0,waku,Class,TIME,last3F,12,ave3F,43.3,51.2,0
キングロコマイカイ,6,3.9,2,0.0,waku,Class,TIME,last3F,12,ave3F,45.2,43.6,0
レイクリエイター,7,22.6,8,0.0,waku,Class,TIME,last3F,12,ave3F,43.3,46.8,0
タガノバルコス,8,40.5,11,0.0,waku,Class,TIME,last3F,12,ave3F,51.1,52.7,0
ヒロシクン,9,32.9,9,0.0,waku,Class,TIME,last3F,12,ave3F,50.5,50.5,0
ビナホイアン,10,13.7,7,0.0,waku,Class,TIME,last3F,12,ave3F,42.2,44.8,0
グローバルブラッド,11,11.3,6,0.0,waku,Class,TIME,last3F,12,ave3F,56.6,58.3,0
メジャークオリティ,12,9,5,0.0,waku,Class,TIME,last3F,12,ave3F,46.2,45.5,0
