﻿name,no,odds,pop_rank,power_index,place,distance,surface,pace_type,field_size,class,prev_place,prev_rank,is_chiho
フラリオナ,1,70.7,12,0.0,waku,Class,TIME,last3F,16,ave3F,56.2,49.8,0
クリノエルサ,2,250.5,15,0.0,waku,Class,TIME,last3F,16,ave3F,----,99.0,0
クロニクルノヴァ,3,17.4,5,0.0,waku,Class,TIME,last3F,16,ave3F,49.5,48.2,0
アルファヒディ,4,7.2,3,0.0,waku,Class,TIME,last3F,16,ave3F,52.9,54.4,0
ショショローザ,5,21.3,7,0.0,waku,Class,TIME,last3F,16,ave3F,53.2,52.5,0
モズゴールドバレル,6,30.8,11,0.0,waku,Class,TIME,last3F,16,ave3F,60.1,55.3,0
ルージュグラース,7,25,9,0.0,waku,Class,TIME,last3F,16,ave3F,34.2,43.5,0
メトセラ,8,19.9,6,0.0,waku,Class,TIME,last3F,16,ave3F,51.1,52.5,0
パラディズム,9,448.3,16,0.0,waku,Class,TIME,last3F,16,ave3F,46.1,50.9,0
レオンバローズ,10,23.3,8,0.0,waku,Class,TIME,last3F,16,ave3F,55.3,54.1,0
アスクコンナモンダ,11,3.2,2,0.0,waku,Class,TIME,last3F,16,ave3F,52.4,51.1,0
クワイエット,12,152.5,13,0.0,waku,Class,TIME,last3F,16,ave3F,51,49.8,0
アイキャンドウイッ,13,26,10,0.0,waku,Class,TIME,last3F,16,ave3F,54.9,56.9,0
ショウナンハクラク,14,13.2,4,0.0,waku,Class,TIME,last3F,16,ave3F,48.4,45.5,0
ディオ,15,2.5,1,0.0,waku,Class,TIME,last3F,16,ave3F,62.8,57.4,0
デルマアシュラ,16,203.9,14,0.0,waku,Class,TIME,last3F,16,ave3F,53.2,55.6,0
