﻿name,no,odds,pop_rank,power_index,place,distance,surface,pace_type,field_size,class,prev_place,prev_rank,is_chiho
ミズリーナ,1,66,9,0.0,waku,Class,TIME,last3F,11,ave3F,58.9,60.2,0
マリノソフィア,2,192.4,11,0.0,waku,Class,TIME,last3F,11,ave3F,56.6,57.9,0
グランスラムアスク,3,10.7,4,0.0,waku,Class,TIME,last3F,11,ave3F,46.8,49.2,0
サンカルパ,4,3.9,2,0.0,waku,Class,TIME,last3F,11,ave3F,52.3,53.5,0
ベルクレスタ,5,1.6,1,0.0,waku,Class,TIME,last3F,11,ave3F,55.7,54.5,0
エープラス,6,34.5,6,0.0,waku,Class,TIME,last3F,11,ave3F,57.6,55.5,0
カナテープ,7,5.8,3,0.0,waku,Class,TIME,last3F,11,ave3F,57.9,55.3,0
アイアゲート,8,82.2,10,0.0,waku,Class,TIME,last3F,11,ave3F,52.3,50.3,0
ヒットザシーン,9,24.1,5,0.0,waku,Class,TIME,last3F,11,ave3F,54.8,55.5,0
トーセンメラニー,10,46,7,0.0,waku,Class,TIME,last3F,11,ave3F,58.9,55.5,0
エトワールマタン,11,52.9,8,0.0,waku,Class,TIME,last3F,11,ave3F,48.8,46.6,0
