﻿name,no,odds,pop_rank,power_index,place,distance,surface,pace_type,field_size,class,prev_place,prev_rank,is_chiho
マテンロウレオ,1,6,3,0.0,waku,Class,TIME,last3F,17,ave3F,53.6,52.0,0
クリノプレミアム,2,13.7,7,0.0,waku,Class,TIME,last3F,17,ave3F,53.2,50.6,0
ラーグルフ,3,4.5,1,0.0,waku,Class,TIME,last3F,17,ave3F,53.2,52.5,0
レインカルナティオ,4,23.6,10,0.0,waku,Class,TIME,last3F,17,ave3F,55.9,52.6,0
フェーングロッテン,5,4.6,2,0.0,waku,Class,TIME,last3F,17,ave3F,58,57.9,0
スカーフェイス,6,63.6,13,0.0,waku,Class,TIME,last3F,17,ave3F,57.6,57.9,0
アラタ,7,10.4,5,0.0,waku,Class,TIME,last3F,17,ave3F,48.3,44.9,0
カレンルシェルブル,8,10.5,6,0.0,waku,Class,TIME,last3F,17,ave3F,59.1,50.0,0
ヒュミドール,9,138.3,16,0.0,waku,Class,TIME,last3F,17,ave3F,48.9,50.9,0
コスモカレンドゥラ,10,99.5,15,0.0,waku,Class,TIME,last3F,17,ave3F,48.7,49.4,0
ラーゴム,11,18.8,9,0.0,waku,Class,TIME,last3F,17,ave3F,----,99.0,0
ウインキートス,12,14.8,8,0.0,waku,Class,TIME,last3F,17,ave3F,52.3,52.3,0
フォワードアゲン,13,147,17,0.0,waku,Class,TIME,last3F,17,ave3F,53.5,49.4,0
ワンダフルタウン,14,38.9,11,0.0,waku,Class,TIME,last3F,17,ave3F,59.6,57.9,0
レッドランメルト,15,8.3,4,0.0,waku,Class,TIME,last3F,17,ave3F,55.3,53.6,0
ゴールドスミス,16,40.5,12,0.0,waku,Class,TIME,last3F,17,ave3F,56.4,50.9,0
エヴァーガーデン,17,74.1,14,0.0,waku,Class,TIME,last3F,17,ave3F,53.9,52.8,0
