﻿name,no,odds,pop_rank,power_index,place,distance,surface,pace_type,field_size,class,prev_place,prev_rank,is_chiho
メイショウハボタン,1,17,6,0.0,waku,Class,TIME,last3F,18,ave3F,53.9,51.2,0
アスクキングコング,2,69.2,12,0.0,waku,Class,TIME,last3F,18,ave3F,50.3,45.2,0
コスモカッティーボ,3,301.7,18,0.0,waku,Class,TIME,last3F,18,ave3F,49.7,46.0,0
ワンダーカタリナ,4,9.8,4,0.0,waku,Class,TIME,last3F,18,ave3F,55.7,52.1,0
ブッシュガーデン,5,4.2,2,0.0,waku,Class,TIME,last3F,18,ave3F,43.8,44.1,0
ヒノクニ,6,19.9,7,0.0,waku,Class,TIME,last3F,18,ave3F,46.3,47.9,0
エナジーグラン,7,23,10,0.0,waku,Class,TIME,last3F,18,ave3F,50.9,42.0,0
トーセンサンダー,8,7.7,3,0.0,waku,Class,TIME,last3F,18,ave3F,48,46.0,0
リーゼントフラム,9,159.6,17,0.0,waku,Class,TIME,last3F,18,ave3F,52.6,51.0,0
メイショウエニシア,10,22,9,0.0,waku,Class,TIME,last3F,18,ave3F,38.1,39.1,0
アラモードバイオ,11,21.7,8,0.0,waku,Class,TIME,last3F,18,ave3F,54.2,47.1,0
クープドクール,12,71.6,13,0.0,waku,Class,TIME,last3F,18,ave3F,52.3,48.8,0
アルムファーツリー,13,120.5,16,0.0,waku,Class,TIME,last3F,18,ave3F,50.6,48.8,0
ウインモナーク,14,2.6,1,0.0,waku,Class,TIME,last3F,18,ave3F,45.4,44.9,0
サニーオーシャン,15,102,15,0.0,waku,Class,TIME,last3F,18,ave3F,47.5,43.1,0
ダテボレアス,16,14.8,5,0.0,waku,Class,TIME,last3F,18,ave3F,52.1,52.1,0
トーホウラビアン,17,35.2,11,0.0,waku,Class,TIME,last3F,18,ave3F,51.2,52.1,0
メイショウイジゲン,18,72.1,14,0.0,waku,Class,TIME,last3F,18,ave3F,44.1,44.1,0
