﻿name,no,odds,pop_rank,power_index,place,distance,surface,pace_type,field_size,class,prev_place,prev_rank,is_chiho
ウイングレイテスト,1,5.7,2,0.0,waku,Class,TIME,last3F,13,ave3F,61.1,59.0,0
エイシンチラー,2,6.2,3,0.0,waku,Class,TIME,last3F,13,ave3F,56.2,56.2,0
グラティアス,3,3.9,1,0.0,waku,Class,TIME,last3F,13,ave3F,52.8,51.9,0
サクラトゥジュール,4,9.4,6,0.0,waku,Class,TIME,last3F,13,ave3F,50.5,50.9,0
ワールドバローズ,5,10.7,7,0.0,waku,Class,TIME,last3F,13,ave3F,57.8,54.8,0
インテンスライト,6,29.2,10,0.0,waku,Class,TIME,last3F,13,ave3F,55.2,53.3,0
ココロノトウダイ,7,9,5,0.0,waku,Class,TIME,last3F,13,ave3F,56,57.9,0
シュヴァリエローズ,8,17,9,0.0,waku,Class,TIME,last3F,13,ave3F,53.8,50.9,0
ノルカソルカ,9,29.8,11,0.0,waku,Class,TIME,last3F,13,ave3F,50.6,50.9,0
キングエルメス,10,7.3,4,0.0,waku,Class,TIME,last3F,13,ave3F,----,99.0,0
アオイクレアトール,11,65.5,12,0.0,waku,Class,TIME,last3F,13,ave3F,48.2,51.4,0
グランデマーレ,12,16.4,8,0.0,waku,Class,TIME,last3F,13,ave3F,49.2,48.3,0
ダノンチェイサー,13,76.6,13,0.0,waku,Class,TIME,last3F,13,ave3F,49.1,48.6,0
