﻿name,no,odds,pop_rank,power_index,place,distance,surface,pace_type,field_size,class,prev_place,prev_rank,is_chiho
サトノリーベ,1,7.1,3,0.0,waku,Class,TIME,last3F,13,ave3F,51.8,49.4,0
ネージュプドルーズ,2,65,10,0.0,waku,Class,TIME,last3F,13,ave3F,50.9,47.7,0
レディーシス,3,63.7,9,0.0,waku,Class,TIME,last3F,13,ave3F,53.8,52.5,0
ラスマドレス,4,5.8,2,0.0,waku,Class,TIME,last3F,13,ave3F,54.6,54.9,0
ジェラペッシュ,5,182.3,13,0.0,waku,Class,TIME,last3F,13,ave3F,54.4,57.4,0
サトノヴィーナス,6,10,5,0.0,waku,Class,TIME,last3F,13,ave3F,51.3,51.1,0
ダイシンビヨンド,7,8.3,4,0.0,waku,Class,TIME,last3F,13,ave3F,48.4,48.0,0
エレフセリア,8,35.4,8,0.0,waku,Class,TIME,last3F,13,ave3F,52.7,50.0,0
ポルテーニャ,9,144.2,12,0.0,waku,Class,TIME,last3F,13,ave3F,53.4,54.9,0
ベッラアルバ,10,16.5,6,0.0,waku,Class,TIME,last3F,13,ave3F,50.7,55.0,0
ウインメイユール,11,123.7,11,0.0,waku,Class,TIME,last3F,13,ave3F,----,99.0,0
エバーシャドネー,12,1.8,1,0.0,waku,Class,TIME,last3F,13,ave3F,63.9,63.2,0
タンジェリンムーン,13,21.9,7,0.0,waku,Class,TIME,last3F,13,ave3F,58.3,57.3,0
