﻿name,no,odds,pop_rank,power_index,place,distance,surface,pace_type,field_size,class,prev_place,prev_rank,is_chiho
アドマイヤメティス,1,79.6,10,0.0,waku,Class,TIME,last3F,16,ave3F,50.4,50.7,0
メイショウオーギシ,2,26.6,6,0.0,waku,Class,TIME,last3F,16,ave3F,51.1,47.9,0
ウインアキレウス,3,31.9,7,0.0,waku,Class,TIME,last3F,16,ave3F,34.2,42.6,0
グットディール,4,7.5,3,0.0,waku,Class,TIME,last3F,16,ave3F,49.2,45.7,0
ワイドカント,5,170.1,13,0.0,waku,Class,TIME,last3F,16,ave3F,47.6,49.8,0
レオノーレ,6,4.8,2,0.0,waku,Class,TIME,last3F,16,ave3F,44.4,43.3,0
テーオーステルス,7,14.1,5,0.0,waku,Class,TIME,last3F,16,ave3F,48.6,46.2,0
ワンダーイチョウ,8,42,8,0.0,waku,Class,TIME,last3F,16,ave3F,52.2,49.4,0
ヘイセイメジャー,9,120.7,12,0.0,waku,Class,TIME,last3F,16,ave3F,47.1,45.7,0
メイショウラビエ,10,333.2,15,0.0,waku,Class,TIME,last3F,16,ave3F,48.6,42.1,0
バーニングペスカ,11,225.9,14,0.0,waku,Class,TIME,last3F,16,ave3F,42.2,39.6,0
フォルツァエフ,12,54.4,9,0.0,waku,Class,TIME,last3F,16,ave3F,43.7,44.4,0
スズカカナロア,13,83.6,11,0.0,waku,Class,TIME,last3F,16,ave3F,50.2,42.6,0
ドンフランキー,14,1.8,1,0.0,waku,Class,TIME,last3F,16,ave3F,47,46.5,0
ダイシンイナリ,15,488.4,16,0.0,waku,Class,TIME,last3F,16,ave3F,48.3,45.7,0
レーヴリアン,16,7.6,4,0.0,waku,Class,TIME,last3F,16,ave3F,50.9,49.3,0
