﻿name,no,odds,pop_rank,power_index,place,distance,surface,pace_type,field_size,class,prev_place,prev_rank,is_chiho
デンジャーマン,1,291.5,13,0.0,waku,Class,TIME,last3F,13,ave3F,47.9,48.6,0
キタサンシュガー,2,4.6,3,0.0,waku,Class,TIME,last3F,13,ave3F,56.5,51.5,0
エリカフェリーチェ,3,13.5,5,0.0,waku,Class,TIME,last3F,13,ave3F,48.7,51.6,0
ゴルトファルベン,4,27.2,7,0.0,waku,Class,TIME,last3F,13,ave3F,57.9,54.1,0
レオンバローズ,5,20.3,6,0.0,waku,Class,TIME,last3F,13,ave3F,39.6,41.4,0
アンフィニドール,6,6.6,4,0.0,waku,Class,TIME,last3F,13,ave3F,55.9,52.9,0
ルヴァンノワール,7,281.6,12,0.0,waku,Class,TIME,last3F,13,ave3F,60,60.7,0
ロードリライアブル,8,34.6,9,0.0,waku,Class,TIME,last3F,13,ave3F,52.8,53.2,0
ザウリ,9,71.5,10,0.0,waku,Class,TIME,last3F,13,ave3F,49.1,46.3,0
カルタゴ,10,82.3,11,0.0,waku,Class,TIME,last3F,13,ave3F,57.5,52.9,0
ポーカー,11,3.6,2,0.0,waku,Class,TIME,last3F,13,ave3F,53.4,49.8,0
アインシュペンナー,12,32,8,0.0,waku,Class,TIME,last3F,13,ave3F,----,99.0,0
レッドベルアーム,13,2.7,1,0.0,waku,Class,TIME,last3F,13,ave3F,57.7,55.4,0
