﻿name,no,odds,pop_rank,power_index,place,distance,surface,pace_type,field_size,class,prev_place,prev_rank,is_chiho
クリノサンレオ,1,233.6,16,0.0,waku,Class,TIME,last3F,16,ave3F,49.4,44.0,0
エイユーストロング,2,138,14,0.0,waku,Class,TIME,last3F,16,ave3F,40.2,41.3,0
フルム,3,24.8,7,0.0,waku,Class,TIME,last3F,16,ave3F,49.2,46.1,0
サンライズアムール,4,2.6,1,0.0,waku,Class,TIME,last3F,16,ave3F,48.6,44.3,0
イスラアネーロ,5,5.8,3,0.0,waku,Class,TIME,last3F,16,ave3F,44.8,44.2,0
テイエムランウェイ,6,6.3,4,0.0,waku,Class,TIME,last3F,16,ave3F,47.5,44.8,0
メディーヴァル,7,39.7,10,0.0,waku,Class,TIME,last3F,16,ave3F,49.9,49.8,0
コパシーナ,8,60,12,0.0,waku,Class,TIME,last3F,16,ave3F,40.6,41.3,0
ホッコーカリュウ,9,54.5,11,0.0,waku,Class,TIME,last3F,16,ave3F,50.6,41.3,0
アイスリアン,10,137.4,13,0.0,waku,Class,TIME,last3F,16,ave3F,44.7,41.6,0
ラインガルーダ,11,28.9,9,0.0,waku,Class,TIME,last3F,16,ave3F,45.1,46.1,0
サンライズホーク,12,4.9,2,0.0,waku,Class,TIME,last3F,16,ave3F,45.4,44.3,0
ヴァガボンド,13,24.9,8,0.0,waku,Class,TIME,last3F,16,ave3F,34.1,37.7,0
ラヴケリー,14,12.9,5,0.0,waku,Class,TIME,last3F,16,ave3F,47.8,44.6,0
ウォームライト,15,16.6,6,0.0,waku,Class,TIME,last3F,16,ave3F,50,43.4,0
ムジック,16,167.9,15,0.0,waku,Class,TIME,last3F,16,ave3F,44,44.0,0
