﻿name,no,odds,pop_rank,power_index,place,distance,surface,pace_type,field_size,class,prev_place,prev_rank,is_chiho
レインカルナティオ,1,53.9,9,0.0,waku,Class,TIME,last3F,14,ave3F,60.5,55.1,0
シャムロックヒル,2,175,13,0.0,waku,Class,TIME,last3F,14,ave3F,54.1,56.2,0
ブラックマジック,3,66.2,11,0.0,waku,Class,TIME,last3F,14,ave3F,57.5,57.9,0
ノースブリッジ,4,8.6,4,0.0,waku,Class,TIME,last3F,14,ave3F,53.7,51.3,0
バビット,5,14.1,6,0.0,waku,Class,TIME,last3F,14,ave3F,50.9,52.3,0
ユーバーレーベン,6,8,3,0.0,waku,Class,TIME,last3F,14,ave3F,59.4,44.4,0
スタッドリー,7,16.6,7,0.0,waku,Class,TIME,last3F,14,ave3F,53.6,52.6,0
オウケンムーン,8,317.7,14,0.0,waku,Class,TIME,last3F,14,ave3F,58.4,59.6,0
エヒト,9,13.6,5,0.0,waku,Class,TIME,last3F,14,ave3F,57.3,57.9,0
ガイアフォース,10,1.8,1,0.0,waku,Class,TIME,last3F,14,ave3F,54.9,52.5,0
エピファニー,11,5.8,2,0.0,waku,Class,TIME,last3F,14,ave3F,55.8,54.9,0
レッドガラン,12,85.9,12,0.0,waku,Class,TIME,last3F,14,ave3F,53,51.6,0
アリストテレス,13,59.7,10,0.0,waku,Class,TIME,last3F,14,ave3F,55.7,58.6,0
ラーゴム,14,35,8,0.0,waku,Class,TIME,last3F,14,ave3F,----,99.0,0
