﻿name,no,odds,pop_rank,power_index,place,distance,surface,pace_type,field_size,class,prev_place,prev_rank,is_chiho
オーロラテソーロ,1,109.2,12,0.0,waku,Class,TIME,last3F,16,ave3F,----,99.0,0
ヘリオス,2,14.7,5,0.0,waku,Class,TIME,last3F,16,ave3F,----,99.0,0
ホウオウアマゾン,3,32.5,8,0.0,waku,Class,TIME,last3F,16,ave3F,46.5,48.0,0
セキフウ,4,27.2,7,0.0,waku,Class,TIME,last3F,16,ave3F,50.1,51.6,0
アドマイヤルプス,5,62.2,9,0.0,waku,Class,TIME,last3F,16,ave3F,49.7,51.7,0
ギルデッドミラー,6,5.1,2,0.0,waku,Class,TIME,last3F,16,ave3F,54.7,51.7,0
レディバグ,7,191.3,15,0.0,waku,Class,TIME,last3F,16,ave3F,----,99.0,0
テイエムサウスダン,8,7.9,3,0.0,waku,Class,TIME,last3F,16,ave3F,----,99.0,0
ベルダーイメル,9,190.8,14,0.0,waku,Class,TIME,last3F,16,ave3F,51.9,50.6,0
タガノビューティー,10,23.4,6,0.0,waku,Class,TIME,last3F,16,ave3F,54.4,51.6,0
ジャスパープリンス,11,347.5,16,0.0,waku,Class,TIME,last3F,16,ave3F,42.5,48.7,0
デンコウリジエール,12,166.7,13,0.0,waku,Class,TIME,last3F,16,ave3F,51.3,51.0,0
レモンポップ,13,1.6,1,0.0,waku,Class,TIME,last3F,16,ave3F,50.7,48.7,0
バトルクライ,14,12.8,4,0.0,waku,Class,TIME,last3F,16,ave3F,49.6,47.7,0
エアアルマス,15,87.3,11,0.0,waku,Class,TIME,last3F,16,ave3F,44.6,43.0,0
ケンシンコウ,16,86.7,10,0.0,waku,Class,TIME,last3F,16,ave3F,52.2,48.3,0
