﻿name,no,odds,pop_rank,power_index,place,distance,surface,pace_type,field_size,class,prev_place,prev_rank,is_chiho
ハーディローズ,1,97.3,14,0.0,waku,Class,TIME,last3F,16,ave3F,----,99.0,0
ダレモトメラレナイ,2,3.2,1,0.0,waku,Class,TIME,last3F,16,ave3F,48,46.3,0
ファタリテ,3,27.4,9,0.0,waku,Class,TIME,last3F,16,ave3F,51.7,44.8,0
エイシンディアデム,4,66.3,11,0.0,waku,Class,TIME,last3F,16,ave3F,48.8,52.4,0
プルサティーラ,5,8.1,3,0.0,waku,Class,TIME,last3F,16,ave3F,57.2,52.9,0
イチローイチロー,6,106.8,15,0.0,waku,Class,TIME,last3F,16,ave3F,----,99.0,0
タガノスペルノヴァ,7,10,5,0.0,waku,Class,TIME,last3F,16,ave3F,54.4,48.6,0
バトルシャイニング,8,74.5,13,0.0,waku,Class,TIME,last3F,16,ave3F,59.4,57.9,0
ルクスランページ,9,72.6,12,0.0,waku,Class,TIME,last3F,16,ave3F,----,99.0,0
サミュエル,10,20.6,8,0.0,waku,Class,TIME,last3F,16,ave3F,49.7,48.0,0
ナリタローゼ,11,3.5,2,0.0,waku,Class,TIME,last3F,16,ave3F,47.7,47.7,0
クインズコスモス,12,18.2,7,0.0,waku,Class,TIME,last3F,16,ave3F,50.6,46.0,0
ヒノクニ,13,9.5,4,0.0,waku,Class,TIME,last3F,16,ave3F,44.8,46.6,0
アキバ,14,10.3,6,0.0,waku,Class,TIME,last3F,16,ave3F,49.7,47.7,0
ラッシュアップ,15,33.3,10,0.0,waku,Class,TIME,last3F,16,ave3F,53.4,51.8,0
ヨンウォニ,16,185.5,16,0.0,waku,Class,TIME,last3F,16,ave3F,55.9,55.6,0
