﻿name,no,odds,pop_rank,power_index,place,distance,surface,pace_type,field_size,class,prev_place,prev_rank,is_chiho
タガノエスコート,1,3.7,1,0.0,waku,Class,TIME,last3F,16,ave3F,49.7,49.2,0
ナムラゴロフキン,2,88.9,14,0.0,waku,Class,TIME,last3F,16,ave3F,42.8,44.7,0
ピオノノ,3,26.5,10,0.0,waku,Class,TIME,last3F,16,ave3F,44,45.9,0
シュルレアリスト,4,59,11,0.0,waku,Class,TIME,last3F,16,ave3F,47.4,45.9,0
ラッキーモー,5,21.4,8,0.0,waku,Class,TIME,last3F,16,ave3F,43.1,39.6,0
ジロー,6,65.9,12,0.0,waku,Class,TIME,last3F,16,ave3F,48.2,48.2,0
マイネルタイムリー,7,340.1,16,0.0,waku,Class,TIME,last3F,16,ave3F,44.4,46.9,0
ダイシンピスケス,8,6.7,4,0.0,waku,Class,TIME,last3F,16,ave3F,48.3,47.9,0
ヴォルゴグラード,9,5.6,3,0.0,waku,Class,TIME,last3F,16,ave3F,47.4,46.6,0
スナークレジスト,10,102.2,15,0.0,waku,Class,TIME,last3F,16,ave3F,47.3,51.2,0
メイショウゲキリン,11,4.6,2,0.0,waku,Class,TIME,last3F,16,ave3F,53,53.7,0
ビヨンドザシーン,12,18.8,7,0.0,waku,Class,TIME,last3F,16,ave3F,47.3,39.1,0
シンヨモギネス,13,8,5,0.0,waku,Class,TIME,last3F,16,ave3F,47,46.9,0
ドンレパルス,14,75,13,0.0,waku,Class,TIME,last3F,16,ave3F,45.5,46.5,0
スズカマジェスタ,15,15.4,6,0.0,waku,Class,TIME,last3F,16,ave3F,54.5,54.1,0
タイセイエピソード,16,23,9,0.0,waku,Class,TIME,last3F,16,ave3F,46.7,44.6,0
