﻿name,no,odds,pop_rank,power_index,place,distance,surface,pace_type,field_size,class,prev_place,prev_rank,is_chiho
フライングバレル,1,3.2,2,0.0,waku,Class,TIME,last3F,8,ave3F,45.7,47.8,0
シゲルオトヒメ,2,4.6,4,0.0,waku,Class,TIME,last3F,8,ave3F,46.9,42.4,0
ラピドゥス,3,4.6,3,0.0,waku,Class,TIME,last3F,8,ave3F,50.3,53.2,0
サウザンドスマイル,4,34.4,7,0.0,waku,Class,TIME,last3F,8,ave3F,41.9,39.6,0
マヤローザ,5,9,5,0.0,waku,Class,TIME,last3F,8,ave3F,48.8,46.0,0
ウインメイフラワー,6,3,1,0.0,waku,Class,TIME,last3F,8,ave3F,42,42.4,0
セレッソフレイム,7,128.4,8,0.0,waku,Class,TIME,last3F,8,ave3F,53.3,46.3,0
グレナデンシロップ,8,29.9,6,0.0,waku,Class,TIME,last3F,8,ave3F,44.7,46.7,0
