﻿name,no,odds,pop_rank,power_index,place,distance,surface,pace_type,field_size,class,prev_place,prev_rank,is_chiho
プリーチトヤーン,1,19.5,5,0.0,waku,Class,TIME,last3F,16,ave3F,49.3,49.3,0
オウケンロジータ,2,104.5,13,0.0,waku,Class,TIME,last3F,16,ave3F,51.7,50.4,0
アラゴナイト,3,41,8,0.0,waku,Class,TIME,last3F,16,ave3F,53.8,48.4,0
グリモリオ,4,67.4,11,0.0,waku,Class,TIME,last3F,16,ave3F,52,52.0,0
ミヤビマドンナ,5,79,12,0.0,waku,Class,TIME,last3F,16,ave3F,52.4,54.0,0
ラフルオリータ,6,37.5,7,0.0,waku,Class,TIME,last3F,16,ave3F,50.7,49.2,0
カフェプリンセス,7,8.1,3,0.0,waku,Class,TIME,last3F,16,ave3F,49.5,49.2,0
キャリックアリード,8,1.6,1,0.0,waku,Class,TIME,last3F,16,ave3F,52.2,50.9,0
ユースフルラヴ,9,198.1,14,0.0,waku,Class,TIME,last3F,16,ave3F,42.6,43.5,0
ネイリッカ,10,60.5,10,0.0,waku,Class,TIME,last3F,16,ave3F,47.3,47.3,0
デアノヴァ,11,14.5,4,0.0,waku,Class,TIME,last3F,16,ave3F,51.4,50.0,0
ラボンダンス,12,314.2,15,0.0,waku,Class,TIME,last3F,16,ave3F,51.9,50.0,0
フレンチギフト,13,4.3,2,0.0,waku,Class,TIME,last3F,16,ave3F,51.2,46.1,0
ロジカルガール,14,492.4,16,0.0,waku,Class,TIME,last3F,16,ave3F,53.3,49.2,0
ミアマンテ,15,52.1,9,0.0,waku,Class,TIME,last3F,16,ave3F,59.6,57.8,0
セナリスト,16,31.4,6,0.0,waku,Class,TIME,last3F,16,ave3F,55.7,53.6,0
