﻿name,no,odds,pop_rank,power_index,place,distance,surface,pace_type,field_size,class,prev_place,prev_rank,is_chiho
ヤクシマ,1,3.3,2,0.0,waku,Class,TIME,last3F,9,ave3F,52.3,50.9,0
フォルテース,2,10.3,4,0.0,waku,Class,TIME,last3F,9,ave3F,45.6,46.1,0
グランテスト,3,9.8,3,0.0,waku,Class,TIME,last3F,9,ave3F,----,99.0,0
プロトポロス,4,1.7,1,0.0,waku,Class,TIME,last3F,9,ave3F,55.3,53.5,0
エムオーチロ,5,280.5,8,0.0,waku,Class,TIME,last3F,9,ave3F,----,99.0,0
メイショウオトギ,6,27.8,7,0.0,waku,Class,TIME,last3F,9,ave3F,45.7,47.5,0
タガノタント,7,27.5,6,0.0,waku,Class,TIME,last3F,9,ave3F,50.2,53.7,0
アスクドリームモア,8,11.4,5,0.0,waku,Class,TIME,last3F,9,ave3F,52.7,53.7,0
コーヒーカフェ,9,380.2,9,0.0,waku,Class,TIME,last3F,9,ave3F,47.7,41.7,0
