﻿name,no,odds,pop_rank,power_index,place,distance,surface,pace_type,field_size,class,prev_place,prev_rank,is_chiho
エターナリー,1,41.8,9,0.0,waku,Class,TIME,last3F,15,ave3F,48.1,46.5,0
ライラボンド,2,31.1,7,0.0,waku,Class,TIME,last3F,15,ave3F,49.7,49.2,0
コンシリエーレ,3,1.5,1,0.0,waku,Class,TIME,last3F,15,ave3F,----,99.0,0
トーセンアラン,4,40.1,8,0.0,waku,Class,TIME,last3F,15,ave3F,40.4,42.6,0
ヤマメ,5,111.4,12,0.0,waku,Class,TIME,last3F,15,ave3F,45.2,46.2,0
ペイシャクェーサー,6,199.9,15,0.0,waku,Class,TIME,last3F,15,ave3F,48.2,47.0,0
ラズルダズル,7,25,6,0.0,waku,Class,TIME,last3F,15,ave3F,45.7,42.9,0
モズピンポン,8,105.4,11,0.0,waku,Class,TIME,last3F,15,ave3F,43.4,46.3,0
ドンカポノ,9,138.3,13,0.0,waku,Class,TIME,last3F,15,ave3F,49.3,45.7,0
ジョディーズマロン,10,23.3,5,0.0,waku,Class,TIME,last3F,15,ave3F,43.5,39.6,0
クリーンスレイト,11,4.9,2,0.0,waku,Class,TIME,last3F,15,ave3F,56.4,49.4,0
カシノブレンド,12,145.1,14,0.0,waku,Class,TIME,last3F,15,ave3F,49.6,51.1,0
ケイアイロベージ,13,9.8,3,0.0,waku,Class,TIME,last3F,15,ave3F,44.8,47.5,0
ダッチマン,14,97,10,0.0,waku,Class,TIME,last3F,15,ave3F,48,46.0,0
グランツアーテム,15,12.8,4,0.0,waku,Class,TIME,last3F,15,ave3F,48,46.5,0
