﻿name,no,odds,pop_rank,power_index,place,distance,surface,pace_type,field_size,class,prev_place,prev_rank,is_chiho
イエローウィン,1,10.3,4,0.0,waku,Class,TIME,last3F,13,ave3F,46.4,46.7,0
チャーチャンテン,2,296.7,12,0.0,waku,Class,TIME,last3F,13,ave3F,----,99.0,0
アイソウザスター,3,10.6,5,0.0,waku,Class,TIME,last3F,13,ave3F,46.1,43.4,0
ソリッドグロウ,4,56,11,0.0,waku,Class,TIME,last3F,13,ave3F,45.5,46.6,0
ハローサブリナ,5,27.5,8,0.0,waku,Class,TIME,last3F,13,ave3F,41.4,49.2,0
ジューンポンポン,6,4.3,3,0.0,waku,Class,TIME,last3F,13,ave3F,43.8,42.6,0
ニシノミズカゼ,7,49.9,10,0.0,waku,Class,TIME,last3F,13,ave3F,44.5,44.1,0
フミチャン,8,4.3,2,0.0,waku,Class,TIME,last3F,13,ave3F,51.3,49.6,0
サイモンポーリア,9,45.3,9,0.0,waku,Class,TIME,last3F,13,ave3F,42,45.6,0
クインズミモザ,10,2.5,1,0.0,waku,Class,TIME,last3F,13,ave3F,53.1,49.6,0
ビーマイセルフ,11,23.5,7,0.0,waku,Class,TIME,last3F,13,ave3F,46.8,45.0,0
ジェイエルフラッグ,12,345,13,0.0,waku,Class,TIME,last3F,13,ave3F,45.4,45.0,0
クーシフォン,13,14.6,6,0.0,waku,Class,TIME,last3F,13,ave3F,50.3,52.0,0
