﻿name,no,odds,pop_rank,power_index,place,distance,surface,pace_type,field_size,class,prev_place,prev_rank,is_chiho
トーホウデュラン,1,4.9,1,0.0,waku,Class,TIME,last3F,18,ave3F,43.3,44.3,0
テンジュイン,2,47.7,13,0.0,waku,Class,TIME,last3F,18,ave3F,47.2,46.1,0
ピンクセイラー,3,33.2,10,0.0,waku,Class,TIME,last3F,18,ave3F,44.1,44.1,0
ダノンカオス,4,8.8,5,0.0,waku,Class,TIME,last3F,18,ave3F,----,99.0,0
プリモカリーナ,5,5.1,2,0.0,waku,Class,TIME,last3F,18,ave3F,49.1,48.0,0
メリトクラシー,6,45.3,12,0.0,waku,Class,TIME,last3F,18,ave3F,38.2,43.7,0
ユナイテッドハーツ,7,79.3,16,0.0,waku,Class,TIME,last3F,18,ave3F,50.6,49.2,0
スカイトレイル,8,82.1,17,0.0,waku,Class,TIME,last3F,18,ave3F,36.8,43.6,0
トーホウジュナール,9,5.8,4,0.0,waku,Class,TIME,last3F,18,ave3F,46.2,44.5,0
スウィートメリナ,10,108.4,18,0.0,waku,Class,TIME,last3F,18,ave3F,50.7,46.8,0
メイショウヒゾッコ,11,51.3,14,0.0,waku,Class,TIME,last3F,18,ave3F,50.6,43.9,0
ショウナンアメリア,12,10.1,6,0.0,waku,Class,TIME,last3F,18,ave3F,46.3,45.8,0
タイニープライド,13,75.8,15,0.0,waku,Class,TIME,last3F,18,ave3F,53.2,52.9,0
センドハーマイラブ,14,32.5,8,0.0,waku,Class,TIME,last3F,18,ave3F,----,99.0,0
イラーレ,15,5.3,3,0.0,waku,Class,TIME,last3F,18,ave3F,54.5,51.5,0
デイトンウェイ,16,16.4,7,0.0,waku,Class,TIME,last3F,18,ave3F,50,48.0,0
プラソン,17,44.9,11,0.0,waku,Class,TIME,last3F,18,ave3F,45,45.5,0
ラッシュアップ,18,32.7,9,0.0,waku,Class,TIME,last3F,18,ave3F,57.3,49.2,0
