﻿name,no,odds,pop_rank,power_index,place,distance,surface,pace_type,field_size,class,prev_place,prev_rank,is_chiho
エイムトゥルー,1,27.9,6,0.0,waku,Class,TIME,last3F,16,ave3F,48.5,53.3,0
カトルショセット,2,100.9,10,0.0,waku,Class,TIME,last3F,16,ave3F,48.5,50.2,0
ビジューブリランテ,3,231.4,13,0.0,waku,Class,TIME,last3F,16,ave3F,46.6,47.4,0
ヴァンガーズハート,4,3.9,2,0.0,waku,Class,TIME,last3F,16,ave3F,53.5,54.4,0
インフィニタス,5,177.8,12,0.0,waku,Class,TIME,last3F,16,ave3F,52.9,51.6,0
ユヌエトワール,6,39.3,7,0.0,waku,Class,TIME,last3F,16,ave3F,51.5,55.6,0
ラズベリームース,7,1.9,1,0.0,waku,Class,TIME,last3F,16,ave3F,51.3,53.5,0
ムーランシャタン,8,251.8,14,0.0,waku,Class,TIME,last3F,16,ave3F,----,99.0,0
モカフラワー,9,5,3,0.0,waku,Class,TIME,last3F,16,ave3F,60.1,57.1,0
インテグリフォリア,10,147.5,11,0.0,waku,Class,TIME,last3F,16,ave3F,----,99.0,0
エールトゥヘヴン,11,23.9,5,0.0,waku,Class,TIME,last3F,16,ave3F,49,49.7,0
アップストローク,12,9.4,4,0.0,waku,Class,TIME,last3F,16,ave3F,56.9,54.8,0
アルジェントステラ,13,62.9,9,0.0,waku,Class,TIME,last3F,16,ave3F,60.4,60.0,0
ロードブライト,14,323.9,15,0.0,waku,Class,TIME,last3F,16,ave3F,----,99.0,0
ゼンノテンバ,15,49.7,8,0.0,waku,Class,TIME,last3F,16,ave3F,50.5,54.2,0
ラインアルテア,16,651.7,16,0.0,waku,Class,TIME,last3F,16,ave3F,48.7,51.0,0
