﻿name,no,odds,pop_rank,power_index,place,distance,surface,pace_type,field_size,class,prev_place,prev_rank,is_chiho
ウィリアムバローズ,1,3,1,0.0,waku,Class,TIME,last3F,14,ave3F,49.6,48.3,0
ケンシンコウ,2,8.9,5,0.0,waku,Class,TIME,last3F,14,ave3F,45.5,45.9,0
アシャカトブ,3,16.2,6,0.0,waku,Class,TIME,last3F,14,ave3F,50.7,48.3,0
アメリカンフェイス,4,66.8,11,0.0,waku,Class,TIME,last3F,14,ave3F,48.6,49.2,0
キタノヴィジョン,5,16.7,7,0.0,waku,Class,TIME,last3F,14,ave3F,54.6,53.6,0
メイショウムラクモ,6,33.6,10,0.0,waku,Class,TIME,last3F,14,ave3F,50.3,50.5,0
ワーケア,7,18.2,9,0.0,waku,Class,TIME,last3F,14,ave3F,50.3,48.3,0
ディアセオリー,8,18.1,8,0.0,waku,Class,TIME,last3F,14,ave3F,51.8,51.0,0
ニューモニュメント,9,3.8,2,0.0,waku,Class,TIME,last3F,14,ave3F,48.7,45.9,0
ルコルセール,10,8.9,4,0.0,waku,Class,TIME,last3F,14,ave3F,49,46.4,0
タガノディアマンテ,11,72.7,12,0.0,waku,Class,TIME,last3F,14,ave3F,56.5,53.3,0
リッターシュラーク,12,111.3,13,0.0,waku,Class,TIME,last3F,14,ave3F,48.5,49.3,0
ニュートンテソーロ,13,212.3,14,0.0,waku,Class,TIME,last3F,14,ave3F,53,51.7,0
ルリアン,14,7.6,3,0.0,waku,Class,TIME,last3F,14,ave3F,54.5,53.6,0
