﻿name,no,odds,pop_rank,power_index,place,distance,surface,pace_type,field_size,class,prev_place,prev_rank,is_chiho
ゴルトシュミーデ,1,23.6,8,0.0,waku,Class,TIME,last3F,16,ave3F,53.2,50.0,0
ジューンレインボー,2,16.7,6,0.0,waku,Class,TIME,last3F,16,ave3F,50.5,53.2,0
ヘクトパスカル,3,17.2,7,0.0,waku,Class,TIME,last3F,16,ave3F,53.5,49.8,0
フォレスタ,4,5.3,2,0.0,waku,Class,TIME,last3F,16,ave3F,52.4,48.5,0
エルバルーチェ,5,77.3,13,0.0,waku,Class,TIME,last3F,16,ave3F,57.4,52.9,0
バトルキャット,6,6.4,5,0.0,waku,Class,TIME,last3F,16,ave3F,54.9,54.1,0
プリペアード,7,51.6,11,0.0,waku,Class,TIME,last3F,16,ave3F,52.9,54.2,0
パープルグローリー,8,69.3,12,0.0,waku,Class,TIME,last3F,16,ave3F,----,99.0,0
ロムネヤ,9,6.1,3,0.0,waku,Class,TIME,last3F,16,ave3F,51.8,47.1,0
フェブサンカラ,10,78.2,14,0.0,waku,Class,TIME,last3F,16,ave3F,56.3,52.7,0
ナオミニデレデレヤ,11,78.3,15,0.0,waku,Class,TIME,last3F,16,ave3F,----,99.0,0
ナックフローラ,12,31.3,10,0.0,waku,Class,TIME,last3F,16,ave3F,43.3,47.9,0
スウィートスカー,13,3.6,1,0.0,waku,Class,TIME,last3F,16,ave3F,49.2,48.1,0
クインズステラ,14,28.4,9,0.0,waku,Class,TIME,last3F,16,ave3F,48.6,46.2,0
ゴールドエクリプス,15,6.3,4,0.0,waku,Class,TIME,last3F,16,ave3F,60.6,58.5,0
クオンタム,16,102.5,16,0.0,waku,Class,TIME,last3F,16,ave3F,62.9,63.2,0
