﻿name,no,odds,pop_rank,power_index,place,distance,surface,pace_type,field_size,class,prev_place,prev_rank,is_chiho
オーヴァーネクサス,1,12.6,3,0.0,waku,Class,TIME,last3F,14,ave3F,44,40.9,0
ドウドウキリシマ,2,205.3,12,0.0,waku,Class,TIME,last3F,14,ave3F,45.8,42.8,0
シャイニーブランコ,3,216.1,13,0.0,waku,Class,TIME,last3F,14,ave3F,49.7,45.5,0
クリノフラッシュ,4,181.3,11,0.0,waku,Class,TIME,last3F,14,ave3F,47.6,50.6,0
セキフウ,5,19.1,6,0.0,waku,Class,TIME,last3F,14,ave3F,----,99.0,0
コパノマーキュリー,6,307.2,14,0.0,waku,Class,TIME,last3F,14,ave3F,47.8,47.7,0
メイショウテンスイ,7,37.5,7,0.0,waku,Class,TIME,last3F,14,ave3F,40.4,40.9,0
イバル,8,83.7,9,0.0,waku,Class,TIME,last3F,14,ave3F,----,99.0,0
シゲルタイタン,9,17.3,5,0.0,waku,Class,TIME,last3F,14,ave3F,45.1,45.8,0
バトルクライ,10,2.8,2,0.0,waku,Class,TIME,last3F,14,ave3F,51.2,49.4,0
レディオマジック,11,171.6,10,0.0,waku,Class,TIME,last3F,14,ave3F,53.1,51.0,0
ドライスタウト,12,1.8,1,0.0,waku,Class,TIME,last3F,14,ave3F,----,99.0,0
ケイアイターコイズ,13,14.7,4,0.0,waku,Class,TIME,last3F,14,ave3F,46.7,48.7,0
サンライズラポール,14,41.8,8,0.0,waku,Class,TIME,last3F,14,ave3F,50.8,51.7,0
