﻿name,no,odds,pop_rank,power_index,place,distance,surface,pace_type,field_size,class,prev_place,prev_rank,is_chiho
サヴォーナ,1,19.4,7,0.0,waku,Class,TIME,last3F,9,ave3F,54.9,48.3,0
シーウィザード,2,11.8,4,0.0,waku,Class,TIME,last3F,9,ave3F,61.2,59.9,0
オメガリッチマン,3,118,9,0.0,waku,Class,TIME,last3F,9,ave3F,51.3,48.3,0
ソールオリエンス,4,2.7,2,0.0,waku,Class,TIME,last3F,9,ave3F,----,99.0,0
シルヴァーデューク,5,14.2,5,0.0,waku,Class,TIME,last3F,9,ave3F,56.4,47.4,0
シルバースペード,6,44.5,8,0.0,waku,Class,TIME,last3F,9,ave3F,53.1,52.2,0
セブンマジシャン,7,2.7,1,0.0,waku,Class,TIME,last3F,9,ave3F,60,57.0,0
グラニット,8,16.9,6,0.0,waku,Class,TIME,last3F,9,ave3F,46.9,47.4,0
シャンパンカラー,9,4.2,3,0.0,waku,Class,TIME,last3F,9,ave3F,61.6,59.0,0
