﻿name,no,odds,pop_rank,power_index,place,distance,surface,pace_type,field_size,class,prev_place,prev_rank,is_chiho
スナークレジスト,1,31.1,9,0.0,waku,Class,TIME,last3F,16,ave3F,47.9,43.2,0
ラブリーエンジェル,2,19,8,0.0,waku,Class,TIME,last3F,16,ave3F,52.8,49.2,0
レイクリエイター,3,74,11,0.0,waku,Class,TIME,last3F,16,ave3F,43.1,46.7,0
ウインザナドゥ,4,13.1,5,0.0,waku,Class,TIME,last3F,16,ave3F,43.8,44.7,0
サンライズアリオン,5,2.6,1,0.0,waku,Class,TIME,last3F,16,ave3F,45.5,45.8,0
サワヤカコーズサン,6,183.5,15,0.0,waku,Class,TIME,last3F,16,ave3F,44.4,47.6,0
ラインオブソウル,7,16.9,7,0.0,waku,Class,TIME,last3F,16,ave3F,51.6,51.2,0
タガノエスコート,8,5,3,0.0,waku,Class,TIME,last3F,16,ave3F,43.2,45.4,0
スズカマジェスタ,9,115.5,12,0.0,waku,Class,TIME,last3F,16,ave3F,53.5,49.3,0
ファイヴレター,10,163.2,13,0.0,waku,Class,TIME,last3F,16,ave3F,46.6,45.6,0
タイセイエピソード,11,14.2,6,0.0,waku,Class,TIME,last3F,16,ave3F,43.2,45.4,0
プリモスペランツァ,12,4.1,2,0.0,waku,Class,TIME,last3F,16,ave3F,50.5,47.5,0
シェイリーン,13,12.1,4,0.0,waku,Class,TIME,last3F,16,ave3F,47.7,49.2,0
ナムラゴロフキン,14,173.5,14,0.0,waku,Class,TIME,last3F,16,ave3F,46.6,50.1,0
キミコソシャチョウ,15,50,10,0.0,waku,Class,TIME,last3F,16,ave3F,43.9,43.2,0
キゾク,16,354.2,16,0.0,waku,Class,TIME,last3F,16,ave3F,40.9,45.6,0
