﻿name,no,odds,pop_rank,power_index,place,distance,surface,pace_type,field_size,class,prev_place,prev_rank,is_chiho
シーオブドリームス,1,53.4,10,0.0,waku,Class,TIME,last3F,16,ave3F,48.1,42.1,0
リネンファイト,2,10.2,6,0.0,waku,Class,TIME,last3F,16,ave3F,48.6,47.7,0
クイーンアポーン,3,5.8,3,0.0,waku,Class,TIME,last3F,16,ave3F,49.2,44.3,0
オルコス,4,5.9,4,0.0,waku,Class,TIME,last3F,16,ave3F,44.3,42.7,0
コウソクカレン,5,8.8,5,0.0,waku,Class,TIME,last3F,16,ave3F,50.6,49.3,0
アドマイヤアリエル,6,21.1,9,0.0,waku,Class,TIME,last3F,16,ave3F,57.1,53.9,0
レッジャードロ,7,57.7,11,0.0,waku,Class,TIME,last3F,16,ave3F,49.2,49.1,0
サンフィニティ,8,10.4,7,0.0,waku,Class,TIME,last3F,16,ave3F,46.9,46.0,0
フェスティヴノンノ,9,290.3,16,0.0,waku,Class,TIME,last3F,16,ave3F,39.8,42.7,0
コーラルティアラ,10,67.5,12,0.0,waku,Class,TIME,last3F,16,ave3F,45.7,43.2,0
ラブロッソー,11,99.1,13,0.0,waku,Class,TIME,last3F,16,ave3F,46.5,48.1,0
サバンナチャンス,12,4.6,1,0.0,waku,Class,TIME,last3F,16,ave3F,42.9,42.1,0
ビーマイベイビー,13,18.2,8,0.0,waku,Class,TIME,last3F,16,ave3F,34.9,40.7,0
フロストエッジ,14,192.1,14,0.0,waku,Class,TIME,last3F,16,ave3F,44.1,47.4,0
ロジヴィクトリア,15,4.6,2,0.0,waku,Class,TIME,last3F,16,ave3F,44.9,40.7,0
フラスティー,16,265.4,15,0.0,waku,Class,TIME,last3F,16,ave3F,----,99.0,0
