﻿name,no,odds,pop_rank,power_index,place,distance,surface,pace_type,field_size,class,prev_place,prev_rank,is_chiho
クリノカサット,1,169.5,8,0.0,waku,Class,TIME,last3F,8,ave3F,50.6,44.1,0
ケルンキングダム,2,24.7,5,0.0,waku,Class,TIME,last3F,8,ave3F,56.5,50.7,0
アウトレイジング,3,47,7,0.0,waku,Class,TIME,last3F,8,ave3F,56.7,49.6,0
シティレインボー,4,5.8,4,0.0,waku,Class,TIME,last3F,8,ave3F,56.5,50.7,0
ボルザコフスキー,5,2,1,0.0,waku,Class,TIME,last3F,8,ave3F,49.6,50.6,0
パンドレア,6,3.6,2,0.0,waku,Class,TIME,last3F,8,ave3F,44.3,46.3,0
ウルトラソニック,7,4.3,3,0.0,waku,Class,TIME,last3F,8,ave3F,50.1,47.3,0
セイイーグル,8,32.4,6,0.0,waku,Class,TIME,last3F,8,ave3F,41.3,44.3,0
