﻿name,no,odds,pop_rank,power_index,place,distance,surface,pace_type,field_size,class,prev_place,prev_rank,is_chiho
トーセンウォルト,1,175.8,9,0.0,waku,Class,TIME,last3F,10,ave3F,57.1,52.3,0
パクスオトマニカ,2,5.6,4,0.0,waku,Class,TIME,last3F,10,ave3F,55.6,55.6,0
トーセントラム,3,25.8,6,0.0,waku,Class,TIME,last3F,10,ave3F,55.5,52.1,0
ショウナンアレクサ,4,7.4,5,0.0,waku,Class,TIME,last3F,10,ave3F,58.5,59.2,0
ネイビースター,5,4.9,3,0.0,waku,Class,TIME,last3F,10,ave3F,----,99.0,0
オリオンネビュラ,6,53.1,7,0.0,waku,Class,TIME,last3F,10,ave3F,51.9,50.3,0
スズハローム,7,2.2,1,0.0,waku,Class,TIME,last3F,10,ave3F,58.5,58.4,0
マイネルカーライル,8,63,8,0.0,waku,Class,TIME,last3F,10,ave3F,49.1,50.8,0
レッドロスタム,9,4.7,2,0.0,waku,Class,TIME,last3F,10,ave3F,62.1,62.1,0
コンチトーホク,10,188.3,10,0.0,waku,Class,TIME,last3F,10,ave3F,50.3,50.6,0
