﻿name,no,odds,pop_rank,power_index,place,distance,surface,pace_type,field_size,class,prev_place,prev_rank,is_chiho
サイヤダンサー,1,3.4,1,0.0,waku,Class,TIME,last3F,11,ave3F,53.3,53.4,0
ルルローズ,2,11.1,6,0.0,waku,Class,TIME,last3F,11,ave3F,56.1,56.6,0
セルレア,3,43.8,9,0.0,waku,Class,TIME,last3F,11,ave3F,50.8,50.8,0
ビーオンザマーチ,4,6.2,4,0.0,waku,Class,TIME,last3F,11,ave3F,40.8,41.0,0
コスモカッティーボ,5,93.9,10,0.0,waku,Class,TIME,last3F,11,ave3F,53.6,49.1,0
ウインバグース,6,4.4,3,0.0,waku,Class,TIME,last3F,11,ave3F,47.8,47.8,0
ベルウッドブラボー,7,6.9,5,0.0,waku,Class,TIME,last3F,11,ave3F,54.3,52.6,0
シゲルファンノユメ,8,3.9,2,0.0,waku,Class,TIME,last3F,11,ave3F,49.7,43.1,0
ミモザイエロー,9,35,7,0.0,waku,Class,TIME,last3F,11,ave3F,55,55.0,0
スズノヤマト,10,36.5,8,0.0,waku,Class,TIME,last3F,11,ave3F,44.6,44.9,0
ヨール,11,取消し,,0.0,waku,Class,TIME,last3F,11,ave3F,46,44.9,0
