﻿name,no,odds,pop_rank,power_index,place,distance,surface,pace_type,field_size,class,prev_place,prev_rank,is_chiho
イルデレーヴ,1,16,6,0.0,waku,Class,TIME,last3F,16,ave3F,51.1,44.8,0
キッショウ,2,取消し,,0.0,waku,Class,TIME,last3F,16,ave3F,42.8,44.0,0
メディシス,3,68,13,0.0,waku,Class,TIME,last3F,16,ave3F,33.5,40.6,0
ジョイウイン,4,13.2,5,0.0,waku,Class,TIME,last3F,16,ave3F,47.7,48.2,0
カネコメアサヒ,5,24.6,8,0.0,waku,Class,TIME,last3F,16,ave3F,48.6,41.5,0
ペガサスターボ,6,42.9,11,0.0,waku,Class,TIME,last3F,16,ave3F,52.5,44.8,0
ドンフクリン,7,16.8,7,0.0,waku,Class,TIME,last3F,16,ave3F,44.6,44.6,0
テイルウインド,8,186,15,0.0,waku,Class,TIME,last3F,16,ave3F,42.6,45.4,0
フォックススリープ,9,83.1,14,0.0,waku,Class,TIME,last3F,16,ave3F,44.6,42.4,0
クレア,10,13,4,0.0,waku,Class,TIME,last3F,16,ave3F,43.2,43.4,0
ペプチドサンライズ,11,41.3,10,0.0,waku,Class,TIME,last3F,16,ave3F,47.8,44.0,0
スマートラプター,12,2.5,1,0.0,waku,Class,TIME,last3F,16,ave3F,44.3,44.6,0
タイセイブレイズ,13,4.4,2,0.0,waku,Class,TIME,last3F,16,ave3F,49.4,44.6,0
オカリナ,14,43.1,12,0.0,waku,Class,TIME,last3F,16,ave3F,41.1,41.7,0
ストームゾーン,15,5.3,3,0.0,waku,Class,TIME,last3F,16,ave3F,44.3,44.3,0
エクサープト,16,26.2,9,0.0,waku,Class,TIME,last3F,16,ave3F,41,43.4,0
