﻿name,no,odds,pop_rank,power_index,place,distance,surface,pace_type,field_size,class,prev_place,prev_rank,is_chiho
ホウオウエンジェル,1,14.5,6,0.0,waku,Class,TIME,last3F,15,ave3F,50.1,47.9,0
オリンピックデイ,2,1.9,1,0.0,waku,Class,TIME,last3F,15,ave3F,44.2,43.7,0
マスキエッタ,3,18.2,8,0.0,waku,Class,TIME,last3F,15,ave3F,50.3,50.3,0
ファタリテ,4,50.8,11,0.0,waku,Class,TIME,last3F,15,ave3F,47.7,42.0,0
ランスオブミューズ,5,30.3,9,0.0,waku,Class,TIME,last3F,15,ave3F,38.4,48.0,0
タツオウカケンラン,6,37.4,10,0.0,waku,Class,TIME,last3F,15,ave3F,50.1,46.8,0
クレイジーリッチ,7,132.5,14,0.0,waku,Class,TIME,last3F,15,ave3F,43.4,41.9,0
テセウス,8,60,12,0.0,waku,Class,TIME,last3F,15,ave3F,44.8,46.1,0
ソルトキャピタル,9,10.2,4,0.0,waku,Class,TIME,last3F,15,ave3F,51.1,47.1,0
キャニオニング,10,取消し,,0.0,waku,Class,TIME,last3F,15,ave3F,49.7,48.0,0
エクロール,11,7.7,3,0.0,waku,Class,TIME,last3F,15,ave3F,45.7,40.7,0
タイキバンディエラ,12,16.1,7,0.0,waku,Class,TIME,last3F,15,ave3F,46,48.0,0
コーリングユー,13,11.7,5,0.0,waku,Class,TIME,last3F,15,ave3F,44.9,48.9,0
エイシンディアデム,14,120.7,13,0.0,waku,Class,TIME,last3F,15,ave3F,54.7,51.5,0
ジョーブリッランテ,15,7.4,2,0.0,waku,Class,TIME,last3F,15,ave3F,52.6,51.3,0
