﻿name,no,odds,pop_rank,power_index,place,distance,surface,pace_type,field_size,class,prev_place,prev_rank,is_chiho
グランドライン,1,4,3,0.0,waku,Class,TIME,last3F,10,ave3F,53.3,47.0,0
ブラックデビル,2,148.9,8,0.0,waku,Class,TIME,last3F,10,ave3F,51.2,50.8,0
ミトロジー,3,22.4,5,0.0,waku,Class,TIME,last3F,10,ave3F,55.9,53.6,0
ゲバラ,4,28.2,6,0.0,waku,Class,TIME,last3F,10,ave3F,54.7,46.4,0
ヒューマンコメディ,5,34.5,7,0.0,waku,Class,TIME,last3F,10,ave3F,51.3,49.2,0
シンティレーション,6,3.1,2,0.0,waku,Class,TIME,last3F,10,ave3F,54.5,51.9,0
トランシルヴァニア,7,取消し,,0.0,waku,Class,TIME,last3F,10,ave3F,53.6,50.6,0
サイモンルモンド,8,203,9,0.0,waku,Class,TIME,last3F,10,ave3F,46.2,47.2,0
ヤマニンガラッシア,9,9,4,0.0,waku,Class,TIME,last3F,10,ave3F,55.1,53.6,0
ゴーゴーユタカ,10,2.1,1,0.0,waku,Class,TIME,last3F,10,ave3F,53.5,53.6,0
