﻿name,no,odds,pop_rank,power_index,place,distance,surface,pace_type,field_size,class,prev_place,prev_rank,is_chiho
ルーカス,1,67.2,8,0.0,waku,Class,TIME,last3F,12,ave3F,53.9,56.1,0
アオイシンゴ,2,32.9,7,0.0,waku,Class,TIME,last3F,12,ave3F,62.7,59.0,0
ベジャール,3,12.1,4,0.0,waku,Class,TIME,last3F,12,ave3F,58.4,57.8,0
レッドモンレーヴ,4,2,1,0.0,waku,Class,TIME,last3F,12,ave3F,56.8,52.9,0
ダンテスヴュー,5,5.7,3,0.0,waku,Class,TIME,last3F,12,ave3F,49.8,48.7,0
リーガルバトル,6,171.8,11,0.0,waku,Class,TIME,last3F,12,ave3F,48.2,46.4,0
アヴェラーレ,7,3.3,2,0.0,waku,Class,TIME,last3F,12,ave3F,61,57.3,0
ソウルトレイン,8,17.1,6,0.0,waku,Class,TIME,last3F,12,ave3F,54.6,54.6,0
オーバーディリバー,9,76.3,9,0.0,waku,Class,TIME,last3F,12,ave3F,46.5,49.7,0
パーソナルハイ,10,14,5,0.0,waku,Class,TIME,last3F,12,ave3F,47.6,54.3,0
ストライプ,11,102.7,10,0.0,waku,Class,TIME,last3F,12,ave3F,50.6,49.4,0
トーセンヴァンノ,12,208.4,12,0.0,waku,Class,TIME,last3F,12,ave3F,48.9,44.1,0
