﻿name,no,odds,pop_rank,power_index,place,distance,surface,pace_type,field_size,class,prev_place,prev_rank,is_chiho
エヴァジョーネ,1,14.7,7,0.0,waku,Class,TIME,last3F,14,ave3F,39.2,38.8,0
フウゲツムヘン,2,64.7,12,0.0,waku,Class,TIME,last3F,14,ave3F,46.7,50.3,0
アカザ,3,8.6,5,0.0,waku,Class,TIME,last3F,14,ave3F,42.8,40.7,0
エコロワカ,4,25.9,10,0.0,waku,Class,TIME,last3F,14,ave3F,46.3,41.8,0
プリティインピンク,5,6.2,3,0.0,waku,Class,TIME,last3F,14,ave3F,41.3,40.2,0
デルマシルフ,6,11,6,0.0,waku,Class,TIME,last3F,14,ave3F,----,99.0,0
ミッキーレタス,7,25.7,9,0.0,waku,Class,TIME,last3F,14,ave3F,42.4,43.4,0
エスペシャルストア,8,155.8,14,0.0,waku,Class,TIME,last3F,14,ave3F,----,99.0,0
ハイレリーフ,9,109.3,13,0.0,waku,Class,TIME,last3F,14,ave3F,37.8,40.7,0
ワンエルメス,10,6.4,4,0.0,waku,Class,TIME,last3F,14,ave3F,41.8,40.9,0
ナムラデイリリー,11,3.8,1,0.0,waku,Class,TIME,last3F,14,ave3F,46.5,43.9,0
クインズプリーズ,12,4.6,2,0.0,waku,Class,TIME,last3F,14,ave3F,----,99.0,0
ノアファンタジー,13,33.7,11,0.0,waku,Class,TIME,last3F,14,ave3F,43.6,44.2,0
メリヴェイユ,14,19.8,8,0.0,waku,Class,TIME,last3F,14,ave3F,49.3,51.0,0
