﻿name,no,odds,pop_rank,power_index,place,distance,surface,pace_type,field_size,class,prev_place,prev_rank,is_chiho
タイセイランナー,1,23.7,8,0.0,waku,Class,TIME,last3F,11,ave3F,49.7,47.8,0
アームズレイン,2,6.4,3,0.0,waku,Class,TIME,last3F,11,ave3F,46.4,46.4,0
マジックタッチ,3,57.6,10,0.0,waku,Class,TIME,last3F,11,ave3F,46.5,42.9,0
ラヴェリテ,4,12.3,7,0.0,waku,Class,TIME,last3F,11,ave3F,----,99.0,0
アスターチェンチ,5,39.5,9,0.0,waku,Class,TIME,last3F,11,ave3F,48.4,47.8,0
ミルトプライム,6,6.6,4,0.0,waku,Class,TIME,last3F,11,ave3F,46.2,46.2,0
ミラクルティアラ,7,7.1,5,0.0,waku,Class,TIME,last3F,11,ave3F,48.5,47.5,0
アネモス,8,3,1,0.0,waku,Class,TIME,last3F,11,ave3F,43,44.3,0
ノースディーバ,9,10,6,0.0,waku,Class,TIME,last3F,11,ave3F,44.7,42.6,0
ユイノマチブセ,10,4.8,2,0.0,waku,Class,TIME,last3F,11,ave3F,----,99.0,0
トロピカルヒーロー,11,85.9,11,0.0,waku,Class,TIME,last3F,11,ave3F,51.4,51.2,0
