﻿name,no,odds,pop_rank,power_index,place,distance,surface,pace_type,field_size,class,prev_place,prev_rank,is_chiho
サンライズピース,1,16,6,0.0,waku,Class,TIME,last3F,7,ave3F,54.4,52.4,0
ライトクオンタム,2,3,2,0.0,waku,Class,TIME,last3F,7,ave3F,----,99.0,0
スズカダブル,3,9.7,5,0.0,waku,Class,TIME,last3F,7,ave3F,53,54.8,0
トーホウガレオン,4,6.8,4,0.0,waku,Class,TIME,last3F,7,ave3F,54,54.2,0
クファシル,5,2.4,1,0.0,waku,Class,TIME,last3F,7,ave3F,----,99.0,0
シンゼンイズモ,6,56.4,7,0.0,waku,Class,TIME,last3F,7,ave3F,46.5,42.5,0
ペースセッティング,7,5.4,3,0.0,waku,Class,TIME,last3F,7,ave3F,54.4,50.9,0
