﻿name,no,odds,pop_rank,power_index,place,distance,surface,pace_type,field_size,class,prev_place,prev_rank,is_chiho
サトノペルセウス,1,5.8,3,0.0,waku,Class,TIME,last3F,12,ave3F,54.5,55.2,0
クリノキララ,2,175.2,11,0.0,waku,Class,TIME,last3F,12,ave3F,43.8,42.9,0
ヒルノショパン,3,7.8,5,0.0,waku,Class,TIME,last3F,12,ave3F,52.2,54.0,0
カワキタレブリー,4,2.9,1,0.0,waku,Class,TIME,last3F,12,ave3F,55.6,52.9,0
エアミアーニ,5,11.7,6,0.0,waku,Class,TIME,last3F,12,ave3F,55.6,52.9,0
タイゲン,6,18.5,7,0.0,waku,Class,TIME,last3F,12,ave3F,56.5,55.6,0
サトノヘリオス,7,4.5,2,0.0,waku,Class,TIME,last3F,12,ave3F,48.9,54.2,0
ショウナンアデイブ,8,5.8,4,0.0,waku,Class,TIME,last3F,12,ave3F,50.8,52.5,0
マイプレシャス,9,24.9,8,0.0,waku,Class,TIME,last3F,12,ave3F,51.6,51.7,0
テーオーアマゾン,10,73.5,10,0.0,waku,Class,TIME,last3F,12,ave3F,53,55.0,0
ショーヒデキラ,11,56.2,9,0.0,waku,Class,TIME,last3F,12,ave3F,58,55.2,0
メイショウカクウン,12,202.6,12,0.0,waku,Class,TIME,last3F,12,ave3F,52.6,52.7,0
