﻿name,no,odds,pop_rank,power_index,place,distance,surface,pace_type,field_size,class,prev_place,prev_rank,is_chiho
エルバリオ,1,2.4,1,0.0,waku,Class,TIME,last3F,16,ave3F,46.6,46.7,0
トゥーサン,2,12.7,6,0.0,waku,Class,TIME,last3F,16,ave3F,51.4,52.5,0
ワンダーアマルフィ,3,47.5,12,0.0,waku,Class,TIME,last3F,16,ave3F,56.3,54.8,0
タガノトランキーロ,4,14.3,7,0.0,waku,Class,TIME,last3F,16,ave3F,46.8,43.6,0
サンライズロナウド,5,24.4,8,0.0,waku,Class,TIME,last3F,16,ave3F,39.7,46.9,0
スマートオリーブ,6,47,11,0.0,waku,Class,TIME,last3F,16,ave3F,46.2,51.8,0
メイショウヒメゴゼ,7,104.3,16,0.0,waku,Class,TIME,last3F,16,ave3F,----,99.0,0
ゴットゴーゴー,8,8,3,0.0,waku,Class,TIME,last3F,16,ave3F,51.7,51.0,0
ヴィゴラスダンサー,9,5,2,0.0,waku,Class,TIME,last3F,16,ave3F,50.2,51.5,0
サンエルセントロ,10,85.9,14,0.0,waku,Class,TIME,last3F,16,ave3F,45.1,45.0,0
アエリーゾ,11,28.3,9,0.0,waku,Class,TIME,last3F,16,ave3F,42.1,47.6,0
ディーエスボンバー,12,99.4,15,0.0,waku,Class,TIME,last3F,16,ave3F,47,49.3,0
モズブーナー,13,11,4,0.0,waku,Class,TIME,last3F,16,ave3F,40.5,41.8,0
ベンチャーアウト,14,12.4,5,0.0,waku,Class,TIME,last3F,16,ave3F,45.2,45.9,0
クラップアンドチア,15,55.5,13,0.0,waku,Class,TIME,last3F,16,ave3F,43.9,44.2,0
グッドグロウス,16,33,10,0.0,waku,Class,TIME,last3F,16,ave3F,45.7,45.9,0
