﻿name,no,odds,pop_rank,power_index,place,distance,surface,pace_type,field_size,class,prev_place,prev_rank,is_chiho
トーセンクライマー,1,202.3,16,0.0,waku,Class,TIME,last3F,17,ave3F,52.3,47.0,0
カメハメハタイム,2,29.9,10,0.0,waku,Class,TIME,last3F,17,ave3F,49,48.2,0
コスモフロイデ,3,20.9,8,0.0,waku,Class,TIME,last3F,17,ave3F,58.7,58.4,0
タフトテソーロ,4,25.6,9,0.0,waku,Class,TIME,last3F,17,ave3F,54.9,51.7,0
イヴニングスター,5,11.6,5,0.0,waku,Class,TIME,last3F,17,ave3F,52.4,50.8,0
ローズパルファン,6,168.9,15,0.0,waku,Class,TIME,last3F,17,ave3F,56.9,52.9,0
カヨウネンカ,7,6.5,3,0.0,waku,Class,TIME,last3F,17,ave3F,51.7,49.2,0
ブルーゲート,8,17.6,6,0.0,waku,Class,TIME,last3F,17,ave3F,55.6,54.9,0
ヤマニンパニータ,9,95,13,0.0,waku,Class,TIME,last3F,17,ave3F,51.5,52.0,0
フレンドジェイ,10,439.9,17,0.0,waku,Class,TIME,last3F,17,ave3F,----,99.0,0
ホーリーエンブレム,11,2.4,1,0.0,waku,Class,TIME,last3F,17,ave3F,50.7,47.0,0
フジマサフリーダム,12,63.6,11,0.0,waku,Class,TIME,last3F,17,ave3F,54.8,53.7,0
エンパイアウエスト,13,20.3,7,0.0,waku,Class,TIME,last3F,17,ave3F,60.3,60.7,0
ウィズグレイス,14,5.6,2,0.0,waku,Class,TIME,last3F,17,ave3F,39.6,51.2,0
インワンシティング,15,94.8,12,0.0,waku,Class,TIME,last3F,17,ave3F,49.1,46.0,0
フォーチュンリング,16,137.1,14,0.0,waku,Class,TIME,last3F,17,ave3F,57.6,56.2,0
レイトカンセイオー,17,6.9,4,0.0,waku,Class,TIME,last3F,17,ave3F,57.7,57.2,0
