﻿name,no,odds,pop_rank,power_index,place,distance,surface,pace_type,field_size,class,prev_place,prev_rank,is_chiho
ドーブネ,1,3.8,2,0.0,waku,Class,TIME,last3F,10,ave3F,62.2,62.2,0
ヤマニンサルバム,2,6.5,3,0.0,waku,Class,TIME,last3F,10,ave3F,57.8,56.5,0
トゥーフェイス,3,9.3,5,0.0,waku,Class,TIME,last3F,10,ave3F,54.1,50.9,0
カレンルシェルブル,4,8.8,4,0.0,waku,Class,TIME,last3F,10,ave3F,60.3,57.2,0
ザイツィンガー,5,214.5,9,0.0,waku,Class,TIME,last3F,10,ave3F,56.3,51.8,0
サトノフラッグ,6,33,6,0.0,waku,Class,TIME,last3F,10,ave3F,49.1,49.0,0
サリエラ,7,1.8,1,0.0,waku,Class,TIME,last3F,10,ave3F,66.1,61.8,0
サトノエルドール,8,86.9,8,0.0,waku,Class,TIME,last3F,10,ave3F,49.5,50.9,0
ヒルノダカール,9,72.5,7,0.0,waku,Class,TIME,last3F,10,ave3F,51.6,52.0,0
スーパーフェザー,10,289.9,10,0.0,waku,Class,TIME,last3F,10,ave3F,44.5,50.9,0
