﻿name,no,odds,pop_rank,power_index,place,distance,surface,pace_type,field_size,class,prev_place,prev_rank,is_chiho
ガリレイ,1,6.6,4,0.0,waku,Class,TIME,last3F,13,ave3F,58.5,49.1,0
ナサ,2,46.3,9,0.0,waku,Class,TIME,last3F,13,ave3F,37.3,39.1,0
デルマカンノン,3,18.5,6,0.0,waku,Class,TIME,last3F,13,ave3F,46.4,45.8,0
サトノルーチェ,4,8.4,5,0.0,waku,Class,TIME,last3F,13,ave3F,55.4,54.4,0
テーオーディエス,5,36.3,8,0.0,waku,Class,TIME,last3F,13,ave3F,57,53.4,0
ベッサラビア,6,249.1,13,0.0,waku,Class,TIME,last3F,13,ave3F,----,99.0,0
ブッシュガーデン,7,2.3,1,0.0,waku,Class,TIME,last3F,13,ave3F,49.1,48.0,0
セイレーン,8,54.9,10,0.0,waku,Class,TIME,last3F,13,ave3F,43.2,47.3,0
メイショウイジゲン,9,227.8,12,0.0,waku,Class,TIME,last3F,13,ave3F,58.7,57.8,0
ワンダーカタリナ,10,4.6,2,0.0,waku,Class,TIME,last3F,13,ave3F,56.1,49.1,0
リーゼントフラム,11,18.9,7,0.0,waku,Class,TIME,last3F,13,ave3F,52.4,50.8,0
テーオーメアリー,12,84.5,11,0.0,waku,Class,TIME,last3F,13,ave3F,52.9,48.8,0
ドグマ,13,6.5,3,0.0,waku,Class,TIME,last3F,13,ave3F,51.4,44.7,0
