﻿name,no,odds,pop_rank,power_index,place,distance,surface,pace_type,field_size,class,prev_place,prev_rank,is_chiho
タイガークリスエス,1,25.7,8,0.0,waku,Class,TIME,last3F,14,ave3F,49.2,46.9,0
リッキーヤスオカ,2,30.8,9,0.0,waku,Class,TIME,last3F,14,ave3F,40.1,42.1,0
ヤンチャプリヒメ,3,74.8,12,0.0,waku,Class,TIME,last3F,14,ave3F,48.9,42.7,0
ダノンフューチャー,4,20.9,7,0.0,waku,Class,TIME,last3F,14,ave3F,50.5,54.9,0
シゲルカンガルー,5,216.3,14,0.0,waku,Class,TIME,last3F,14,ave3F,43.2,43.6,0
フラップシグナス,6,4.1,2,0.0,waku,Class,TIME,last3F,14,ave3F,48.3,51.0,0
テイエムフェロー,7,4.7,3,0.0,waku,Class,TIME,last3F,14,ave3F,44,44.3,0
トモノボーイ,8,31.1,10,0.0,waku,Class,TIME,last3F,14,ave3F,47,44.1,0
トモジャアルマンド,9,55.8,11,0.0,waku,Class,TIME,last3F,14,ave3F,33.8,41.5,0
シュガーフロート,10,13.9,5,0.0,waku,Class,TIME,last3F,14,ave3F,----,99.0,0
メイショウアジロ,11,139.8,13,0.0,waku,Class,TIME,last3F,14,ave3F,45.2,44.3,0
ナムラフランク,12,2.6,1,0.0,waku,Class,TIME,last3F,14,ave3F,39.6,45.0,0
マスキエッタ,13,15,6,0.0,waku,Class,TIME,last3F,14,ave3F,45.7,44.3,0
サクハル,14,11.7,4,0.0,waku,Class,TIME,last3F,14,ave3F,45.1,45.0,0
