﻿name,no,odds,pop_rank,power_index,place,distance,surface,pace_type,field_size,class,prev_place,prev_rank,is_chiho
シャインガーネット,1,17.2,6,0.0,waku,Class,TIME,last3F,15,ave3F,51.4,47.6,0
ナムラクレア,2,4.8,2,0.0,waku,Class,TIME,last3F,15,ave3F,49.7,46.2,0
グルーヴィット,3,29.8,8,0.0,waku,Class,TIME,last3F,15,ave3F,52.6,48.3,0
エイティーンガール,4,69.1,12,0.0,waku,Class,TIME,last3F,15,ave3F,48.5,43.2,0
シゲルピンクルビー,5,17.2,7,0.0,waku,Class,TIME,last3F,15,ave3F,46,45.3,0
レイハリア,6,144.9,14,0.0,waku,Class,TIME,last3F,15,ave3F,42.9,47.1,0
マリアズハート,7,49.7,11,0.0,waku,Class,TIME,last3F,15,ave3F,51.5,43.2,0
マッドクール,8,2.5,1,0.0,waku,Class,TIME,last3F,15,ave3F,49.7,49.1,0
ファストフォース,9,35.7,10,0.0,waku,Class,TIME,last3F,15,ave3F,52.1,48.2,0
ショウナンバニラ,10,93.4,13,0.0,waku,Class,TIME,last3F,15,ave3F,52.1,51.2,0
テイエムスパーダ,11,32.6,9,0.0,waku,Class,TIME,last3F,15,ave3F,40.6,43.2,0
カイザーメランジェ,12,432,15,0.0,waku,Class,TIME,last3F,15,ave3F,52.4,50.3,0
キルロード,13,9.9,5,0.0,waku,Class,TIME,last3F,15,ave3F,45.7,45.3,0
ウインマーベル,14,8.2,4,0.0,waku,Class,TIME,last3F,15,ave3F,50.6,49.7,0
トウシンマカオ,15,5.8,3,0.0,waku,Class,TIME,last3F,15,ave3F,51.8,47.1,0
