﻿name,no,odds,pop_rank,power_index,place,distance,surface,pace_type,field_size,class,prev_place,prev_rank,is_chiho
ペイシャオウユー,1,22.4,9,0.0,waku,Class,TIME,last3F,16,ave3F,53,49.3,0
メデタシメデタシ,2,180.2,16,0.0,waku,Class,TIME,last3F,16,ave3F,49.7,49.2,0
リファインドマナー,3,25.6,10,0.0,waku,Class,TIME,last3F,16,ave3F,50.5,52.1,0
ドローム,4,20.9,8,0.0,waku,Class,TIME,last3F,16,ave3F,49.7,48.1,0
ジュリエットパール,5,8.1,5,0.0,waku,Class,TIME,last3F,16,ave3F,50.5,49.3,0
メイショウハナモモ,6,39.6,13,0.0,waku,Class,TIME,last3F,16,ave3F,48.3,50.4,0
メイショウホマレ,7,4.3,2,0.0,waku,Class,TIME,last3F,16,ave3F,42.9,42.9,0
スミ,8,13.8,7,0.0,waku,Class,TIME,last3F,16,ave3F,46.5,46.1,0
カラレーション,9,7.7,3,0.0,waku,Class,TIME,last3F,16,ave3F,49.6,48.4,0
スマートムーラン,10,12.7,6,0.0,waku,Class,TIME,last3F,16,ave3F,50,47.6,0
ラフリッグフェル,11,65.9,14,0.0,waku,Class,TIME,last3F,16,ave3F,41.9,43.5,0
コンスタンティン,12,4.2,1,0.0,waku,Class,TIME,last3F,16,ave3F,47.3,46.1,0
マテンロウルビー,13,27.2,11,0.0,waku,Class,TIME,last3F,16,ave3F,47.8,48.0,0
デルマセドナ,14,34.6,12,0.0,waku,Class,TIME,last3F,16,ave3F,48.2,47.6,0
レアシャンパーニュ,15,85.1,15,0.0,waku,Class,TIME,last3F,16,ave3F,55.2,53.7,0
メタルゴッド,16,8,4,0.0,waku,Class,TIME,last3F,16,ave3F,50.8,53.2,0
