﻿name,no,odds,pop_rank,power_index,place,distance,surface,pace_type,field_size,class,prev_place,prev_rank,is_chiho
ワンダイレクト,1,4.3,3,0.0,waku,Class,TIME,last3F,7,ave3F,----,99.0,0
ツーエムルーイー,2,60.5,6,0.0,waku,Class,TIME,last3F,7,ave3F,62.8,65.4,0
セレンディピティ,3,2.3,1,0.0,waku,Class,TIME,last3F,7,ave3F,56.6,54.5,0
セッション,4,4.5,4,0.0,waku,Class,TIME,last3F,7,ave3F,56.4,56.7,0
マイネルラウレア,5,4,2,0.0,waku,Class,TIME,last3F,7,ave3F,----,99.0,0
フォーサイドナイン,6,10,5,0.0,waku,Class,TIME,last3F,7,ave3F,51.6,50.7,0
シリンガバルガリス,7,68.2,7,0.0,waku,Class,TIME,last3F,7,ave3F,44.6,44.2,0
