﻿name,no,odds,pop_rank,power_index,place,distance,surface,pace_type,field_size,class,prev_place,prev_rank,is_chiho
エイシンピクセル,1,5.2,3,0.0,waku,Class,TIME,last3F,18,ave3F,46.8,49.0,0
アーダレイ,2,78.5,14,0.0,waku,Class,TIME,last3F,18,ave3F,53.2,52.7,0
アメイジングタイム,3,27.7,6,0.0,waku,Class,TIME,last3F,18,ave3F,45.9,44.0,0
オラヴェリタス,4,12.1,5,0.0,waku,Class,TIME,last3F,18,ave3F,52.4,46.8,0
ダノンカオス,5,29.5,10,0.0,waku,Class,TIME,last3F,18,ave3F,49.1,48.5,0
モラトリアム,6,28.3,9,0.0,waku,Class,TIME,last3F,18,ave3F,44.5,47.4,0
チャオバンビーナ,7,27.9,8,0.0,waku,Class,TIME,last3F,18,ave3F,51.2,48.0,0
ラッセルリー,8,302,18,0.0,waku,Class,TIME,last3F,18,ave3F,53.3,52.7,0
ロゼクラン,9,10.5,4,0.0,waku,Class,TIME,last3F,18,ave3F,53.2,45.5,0
キタサンシュガー,10,4.3,2,0.0,waku,Class,TIME,last3F,18,ave3F,59,55.3,0
モンストルシチー,11,212.3,16,0.0,waku,Class,TIME,last3F,18,ave3F,54,55.6,0
トラーパニ,12,35,11,0.0,waku,Class,TIME,last3F,18,ave3F,40.1,43.9,0
ソルトキャピタル,13,66,13,0.0,waku,Class,TIME,last3F,18,ave3F,50.3,44.8,0
スコールユニバンス,14,2.6,1,0.0,waku,Class,TIME,last3F,18,ave3F,50.7,48.4,0
ナバロン,15,27.8,7,0.0,waku,Class,TIME,last3F,18,ave3F,42.1,43.9,0
スプリットザシー,16,235.6,17,0.0,waku,Class,TIME,last3F,18,ave3F,46.9,51.1,0
グランデフィオーレ,17,41.4,12,0.0,waku,Class,TIME,last3F,18,ave3F,47.2,48.6,0
ウイングスオブラヴ,18,118.7,15,0.0,waku,Class,TIME,last3F,18,ave3F,47.4,43.0,0
