﻿name,no,odds,pop_rank,power_index,place,distance,surface,pace_type,field_size,class,prev_place,prev_rank,is_chiho
リューベック,1,5.5,3,0.0,waku,Class,TIME,last3F,16,ave3F,52.1,53.9,0
ウインピクシス,2,8.8,5,0.0,waku,Class,TIME,last3F,16,ave3F,59,59.9,0
イリマ,3,27.2,10,0.0,waku,Class,TIME,last3F,16,ave3F,64,64.6,0
シャンブル,4,56.1,14,0.0,waku,Class,TIME,last3F,16,ave3F,56.1,57.3,0
アナゴサン,5,5.1,2,0.0,waku,Class,TIME,last3F,16,ave3F,50.8,51.0,0
ストロングウィル,6,4.8,1,0.0,waku,Class,TIME,last3F,16,ave3F,58.3,56.9,0
ルース,7,35.1,13,0.0,waku,Class,TIME,last3F,16,ave3F,55.8,56.2,0
エターナルヴィテス,8,159.9,16,0.0,waku,Class,TIME,last3F,16,ave3F,56,46.1,0
ストゥーティ,9,21.1,9,0.0,waku,Class,TIME,last3F,16,ave3F,49.3,50.6,0
タガノパッション,10,8.2,4,0.0,waku,Class,TIME,last3F,16,ave3F,56.7,54.7,0
シャイニングフジ,11,15.4,7,0.0,waku,Class,TIME,last3F,16,ave3F,55.9,53.8,0
レヴェッツァ,12,35,12,0.0,waku,Class,TIME,last3F,16,ave3F,49.9,46.7,0
アウスヴァール,13,17.3,8,0.0,waku,Class,TIME,last3F,16,ave3F,48.5,51.0,0
ウィンドリッパー,14,30.2,11,0.0,waku,Class,TIME,last3F,16,ave3F,61,59.0,0
ワールドスケール,15,104.5,15,0.0,waku,Class,TIME,last3F,16,ave3F,54.4,51.0,0
ブルーロワイヤル,16,9.3,6,0.0,waku,Class,TIME,last3F,16,ave3F,48.1,48.1,0
