﻿name,no,odds,pop_rank,power_index,place,distance,surface,pace_type,field_size,class,prev_place,prev_rank,is_chiho
ウインエアフォルク,1,48.8,8,0.0,waku,Class,TIME,last3F,11,ave3F,58.4,58.6,0
マイネルオーサム,2,60.3,9,0.0,waku,Class,TIME,last3F,11,ave3F,53.3,53.0,0
ヒューマンコメディ,3,23.2,6,0.0,waku,Class,TIME,last3F,11,ave3F,54.2,52.5,0
サクセスシュート,4,4.6,3,0.0,waku,Class,TIME,last3F,11,ave3F,55,53.3,0
ダノングレーター,5,25.6,7,0.0,waku,Class,TIME,last3F,11,ave3F,41,45.4,0
トーセンリョウ,6,2.3,1,0.0,waku,Class,TIME,last3F,11,ave3F,62,61.1,0
リリーブライト,7,192.6,11,0.0,waku,Class,TIME,last3F,11,ave3F,52.4,55.7,0
キャルレイ,8,3.8,2,0.0,waku,Class,TIME,last3F,11,ave3F,55.1,55.1,0
キントリヒ,9,7.4,4,0.0,waku,Class,TIME,last3F,11,ave3F,54.2,55.0,0
ジオフロント,10,12.6,5,0.0,waku,Class,TIME,last3F,11,ave3F,58.7,59.0,0
シャドウマッドネス,11,86.1,10,0.0,waku,Class,TIME,last3F,11,ave3F,59.2,58.4,0
