﻿name,no,odds,pop_rank,power_index,place,distance,surface,pace_type,field_size,class,prev_place,prev_rank,is_chiho
マイアミュレット,1,42.9,11,0.0,waku,Class,TIME,last3F,16,ave3F,----,99.0,0
カップッチョ,2,172.3,15,0.0,waku,Class,TIME,last3F,16,ave3F,47.9,47.3,0
ゼンダンピューマ,3,130.5,13,0.0,waku,Class,TIME,last3F,16,ave3F,58.4,53.1,0
ベアグッジョブ,4,28.4,8,0.0,waku,Class,TIME,last3F,16,ave3F,44.5,45.5,0
カツノサンキュウ,5,110.5,12,0.0,waku,Class,TIME,last3F,16,ave3F,43.6,41.7,0
アヴァノス,6,32.3,9,0.0,waku,Class,TIME,last3F,16,ave3F,49.1,48.0,0
ロイヤルブライド,7,142.5,14,0.0,waku,Class,TIME,last3F,16,ave3F,48,45.8,0
アジアノジュンシン,8,1.8,1,0.0,waku,Class,TIME,last3F,16,ave3F,42.8,40.7,0
ルプランドル,9,3.8,2,0.0,waku,Class,TIME,last3F,16,ave3F,43,43.2,0
ブリラーノ,10,228.6,16,0.0,waku,Class,TIME,last3F,16,ave3F,44,46.1,0
ヨシオドライヴ,11,21.8,6,0.0,waku,Class,TIME,last3F,16,ave3F,48.9,41.7,0
フィーカ,12,11.6,3,0.0,waku,Class,TIME,last3F,16,ave3F,45.1,44.3,0
デルマジゾウ,13,38.1,10,0.0,waku,Class,TIME,last3F,16,ave3F,47.5,46.6,0
ヒノデミッチー,14,24.2,7,0.0,waku,Class,TIME,last3F,16,ave3F,39.6,44.1,0
モネ,15,19.9,5,0.0,waku,Class,TIME,last3F,16,ave3F,41.2,44.3,0
シルバーキングダム,16,13.8,4,0.0,waku,Class,TIME,last3F,16,ave3F,43.4,44.0,0
