﻿name,no,odds,pop_rank,power_index,place,distance,surface,pace_type,field_size,class,prev_place,prev_rank,is_chiho
ピンクダイヤ,1,123.2,13,0.0,waku,Class,TIME,last3F,16,ave3F,37.7,43.0,0
リュウグウハヤブサ,2,96.4,11,0.0,waku,Class,TIME,last3F,16,ave3F,----,99.0,0
バクシン,3,22.1,6,0.0,waku,Class,TIME,last3F,16,ave3F,46.6,48.2,0
サトノムスタング,4,167.6,15,0.0,waku,Class,TIME,last3F,16,ave3F,43.7,41.6,0
フィールザワールド,5,72.4,9,0.0,waku,Class,TIME,last3F,16,ave3F,52.8,40.6,0
ケイアイメープル,6,24.6,7,0.0,waku,Class,TIME,last3F,16,ave3F,45.2,48.4,0
ロゼキルシュ,7,68.1,8,0.0,waku,Class,TIME,last3F,16,ave3F,52.8,48.2,0
ローヴェロ,8,4.7,3,0.0,waku,Class,TIME,last3F,16,ave3F,53.7,55.8,0
バルミュゼット,9,3.4,2,0.0,waku,Class,TIME,last3F,16,ave3F,52.6,46.2,0
アスカロン,10,174.9,16,0.0,waku,Class,TIME,last3F,16,ave3F,35.9,41.6,0
リンクスルーファス,11,14,5,0.0,waku,Class,TIME,last3F,16,ave3F,57.8,52.7,0
フォーヴィスム,12,2.5,1,0.0,waku,Class,TIME,last3F,16,ave3F,47.6,40.6,0
リュクスウォリアー,13,102,12,0.0,waku,Class,TIME,last3F,16,ave3F,35.9,45.1,0
アラカザーム,14,74.4,10,0.0,waku,Class,TIME,last3F,16,ave3F,53,52.7,0
インヴァリアンス,15,8.3,4,0.0,waku,Class,TIME,last3F,16,ave3F,49.7,44.1,0
マイナーズライト,16,133,14,0.0,waku,Class,TIME,last3F,16,ave3F,50.7,45.4,0
