﻿name,no,odds,pop_rank,power_index,place,distance,surface,pace_type,field_size,class,prev_place,prev_rank,is_chiho
ローシャムパーク,1,1.4,1,0.0,waku,Class,TIME,last3F,14,ave3F,52,52.0,0
ヤマニンプレシオサ,2,162.9,11,0.0,waku,Class,TIME,last3F,14,ave3F,56.2,53.6,0
ポッドヴァイン,3,89.1,10,0.0,waku,Class,TIME,last3F,14,ave3F,56.8,53.6,0
マイネルステレール,4,201.5,12,0.0,waku,Class,TIME,last3F,14,ave3F,51.5,52.8,0
タイセイドリーマー,5,57.3,7,0.0,waku,Class,TIME,last3F,14,ave3F,51.4,50.3,0
スラップショット,6,225.2,13,0.0,waku,Class,TIME,last3F,14,ave3F,43.2,44.6,0
ヴェールランス,7,18.2,5,0.0,waku,Class,TIME,last3F,14,ave3F,52.7,51.0,0
パトリックハンサム,8,59.8,9,0.0,waku,Class,TIME,last3F,14,ave3F,48.9,47.0,0
パワータイショウ,9,291.7,14,0.0,waku,Class,TIME,last3F,14,ave3F,42,44.7,0
アドマイヤハレー,10,11.2,4,0.0,waku,Class,TIME,last3F,14,ave3F,57.6,50.6,0
ウインチェレステ,11,58.7,8,0.0,waku,Class,TIME,last3F,14,ave3F,49.4,49.4,0
ノーダブルディップ,12,42.3,6,0.0,waku,Class,TIME,last3F,14,ave3F,52.4,53.8,0
ボーンディスウェイ,13,8.2,3,0.0,waku,Class,TIME,last3F,14,ave3F,53.9,52.5,0
マイネルクリソーラ,14,5.5,2,0.0,waku,Class,TIME,last3F,14,ave3F,61.7,61.9,0
