﻿name,no,odds,pop_rank,power_index,place,distance,surface,pace_type,field_size,class,prev_place,prev_rank,is_chiho
セリシア,1,15.6,8,0.0,waku,Class,TIME,last3F,11,ave3F,50.6,46.5,0
トーホウディアス,2,12.1,6,0.0,waku,Class,TIME,last3F,11,ave3F,55.7,51.8,0
サマートゥリスト,3,3.1,1,0.0,waku,Class,TIME,last3F,11,ave3F,60.8,57.8,0
メイショウホシアイ,4,6.2,3,0.0,waku,Class,TIME,last3F,11,ave3F,52.5,53.8,0
ミスボニータ,5,4.6,2,0.0,waku,Class,TIME,last3F,11,ave3F,48.5,44.6,0
カバーガール,6,31,10,0.0,waku,Class,TIME,last3F,11,ave3F,47.6,45.7,0
ヒメノカリス,7,8.7,5,0.0,waku,Class,TIME,last3F,11,ave3F,57.3,54.3,0
アビエルト,8,60.7,11,0.0,waku,Class,TIME,last3F,11,ave3F,50.3,48.8,0
サトノラムセス,9,19.8,9,0.0,waku,Class,TIME,last3F,11,ave3F,51,53.8,0
ソウテン,10,8.6,4,0.0,waku,Class,TIME,last3F,11,ave3F,56.9,50.7,0
ショウナンアレス,11,12.7,7,0.0,waku,Class,TIME,last3F,11,ave3F,46.5,46.6,0
