﻿name,no,odds,pop_rank,power_index,place,distance,surface,pace_type,field_size,class,prev_place,prev_rank,is_chiho
ドンカポノ,1,120.1,13,0.0,waku,Class,TIME,last3F,16,ave3F,52.8,49.4,0
ヴァルキュリア,2,4.8,2,0.0,waku,Class,TIME,last3F,16,ave3F,48.2,45.8,0
テーオーステルス,3,9.1,5,0.0,waku,Class,TIME,last3F,16,ave3F,46,46.5,0
タガノクリステル,4,12.3,7,0.0,waku,Class,TIME,last3F,16,ave3F,44.4,43.0,0
ワイドソロモン,5,78.9,10,0.0,waku,Class,TIME,last3F,16,ave3F,46.8,48.4,0
ダイシンイナリ,6,319.1,15,0.0,waku,Class,TIME,last3F,16,ave3F,37.3,38.0,0
グットディール,7,2.7,1,0.0,waku,Class,TIME,last3F,16,ave3F,49.3,48.4,0
タイキフォース,8,11.5,6,0.0,waku,Class,TIME,last3F,16,ave3F,42.4,47.9,0
クインズレモン,9,117.2,12,0.0,waku,Class,TIME,last3F,16,ave3F,38.5,36.6,0
ヘイセイメジャー,10,146.8,14,0.0,waku,Class,TIME,last3F,16,ave3F,45.2,41.6,0
モズピンポン,11,76.8,9,0.0,waku,Class,TIME,last3F,16,ave3F,49.3,51.6,0
テイエムランウェイ,12,5.4,3,0.0,waku,Class,TIME,last3F,16,ave3F,45.7,43.0,0
スズカマクフィ,13,88,11,0.0,waku,Class,TIME,last3F,16,ave3F,44.4,42.2,0
メイショウヒューマ,14,8.1,4,0.0,waku,Class,TIME,last3F,16,ave3F,43.5,46.6,0
ボルサリーノ,15,29.3,8,0.0,waku,Class,TIME,last3F,16,ave3F,46.8,46.2,0
サトノガイア,16,358,16,0.0,waku,Class,TIME,last3F,16,ave3F,45.2,46.5,0
