﻿name,no,odds,pop_rank,power_index,place,distance,surface,pace_type,field_size,class,prev_place,prev_rank,is_chiho
トーセンニック,1,5.5,3,0.0,waku,Class,TIME,last3F,16,ave3F,45.1,43.8,0
ヤンチャプリヒメ,2,67.5,10,0.0,waku,Class,TIME,last3F,16,ave3F,48,41.8,0
ダルダヌス,3,3,2,0.0,waku,Class,TIME,last3F,16,ave3F,----,99.0,0
フォトスフィア,4,14.2,5,0.0,waku,Class,TIME,last3F,16,ave3F,52.1,47.7,0
ヤマニンエルモサ,5,157.8,13,0.0,waku,Class,TIME,last3F,16,ave3F,43.3,41.9,0
カリュウ,6,2.6,1,0.0,waku,Class,TIME,last3F,16,ave3F,39.1,41.7,0
カンパニョーラ,7,63.3,9,0.0,waku,Class,TIME,last3F,16,ave3F,----,99.0,0
スマイルアップ,8,36.1,7,0.0,waku,Class,TIME,last3F,16,ave3F,51.7,47.5,0
カード,9,135.7,12,0.0,waku,Class,TIME,last3F,16,ave3F,38.3,40.7,0
カリカ,10,18,6,0.0,waku,Class,TIME,last3F,16,ave3F,49.4,41.9,0
モネ,11,8.8,4,0.0,waku,Class,TIME,last3F,16,ave3F,42.4,44.2,0
ブリラーノ,12,71.7,11,0.0,waku,Class,TIME,last3F,16,ave3F,----,99.0,0
カップッチョ,13,188.3,14,0.0,waku,Class,TIME,last3F,16,ave3F,45,44.3,0
クリノアンカーマン,14,423.4,16,0.0,waku,Class,TIME,last3F,16,ave3F,55.1,54.1,0
トーアアネラ,15,269,15,0.0,waku,Class,TIME,last3F,16,ave3F,49.6,50.2,0
ベアグッジョブ,16,37.5,8,0.0,waku,Class,TIME,last3F,16,ave3F,48.2,46.0,0
