﻿name,no,odds,pop_rank,power_index,place,distance,surface,pace_type,field_size,class,prev_place,prev_rank,is_chiho
ニシノピウモッソ,1,4.3,4,0.0,waku,Class,TIME,last3F,10,ave3F,57.5,54.4,0
ロードディフィート,2,13.4,5,0.0,waku,Class,TIME,last3F,10,ave3F,55.7,54.7,0
クールムーア,3,29.3,7,0.0,waku,Class,TIME,last3F,10,ave3F,54.9,48.3,0
レイフォール,4,128.4,10,0.0,waku,Class,TIME,last3F,10,ave3F,37.3,40.6,0
ブルーイングリーン,5,100.8,9,0.0,waku,Class,TIME,last3F,10,ave3F,54.2,52.6,0
ヤクシマ,6,4,3,0.0,waku,Class,TIME,last3F,10,ave3F,56.3,51.2,0
サトノヴィレ,7,14.9,6,0.0,waku,Class,TIME,last3F,10,ave3F,52.5,50.8,0
フロムダスク,8,3.5,1,0.0,waku,Class,TIME,last3F,10,ave3F,50.3,50.9,0
スムースベルベット,9,34.9,8,0.0,waku,Class,TIME,last3F,10,ave3F,50.9,51.2,0
ブーケファロス,10,3.7,2,0.0,waku,Class,TIME,last3F,10,ave3F,55.9,50.9,0
