﻿name,no,odds,pop_rank,power_index,place,distance,surface,pace_type,field_size,class,prev_place,prev_rank,is_chiho
サトノギベオン,1,3.7,1,0.0,waku,Class,TIME,last3F,16,ave3F,----,99.0,0
ニシノムネヲウツ,2,71.1,11,0.0,waku,Class,TIME,last3F,16,ave3F,53.8,52.9,0
ダンディジャック,3,16.9,8,0.0,waku,Class,TIME,last3F,16,ave3F,51.4,49.0,0
リゼレインボー,4,54.8,10,0.0,waku,Class,TIME,last3F,16,ave3F,44.8,49.0,0
マサカウマザンマイ,5,139.6,13,0.0,waku,Class,TIME,last3F,16,ave3F,44.6,46.7,0
キタノポケット,6,219.3,14,0.0,waku,Class,TIME,last3F,16,ave3F,44.5,48.9,0
サトノアレックス,7,15.9,7,0.0,waku,Class,TIME,last3F,16,ave3F,49.1,48.6,0
マイネルサハラ,8,3.9,2,0.0,waku,Class,TIME,last3F,16,ave3F,46.6,46.4,0
ヴィグルズマン,9,325.6,16,0.0,waku,Class,TIME,last3F,16,ave3F,49.9,51.3,0
アーバンデザイン,10,13.2,6,0.0,waku,Class,TIME,last3F,16,ave3F,45.9,45.6,0
トラストドーベル,11,124.7,12,0.0,waku,Class,TIME,last3F,16,ave3F,53.8,49.4,0
アウグスト,12,4.6,3,0.0,waku,Class,TIME,last3F,16,ave3F,44.7,46.0,0
タイセイマーベル,13,9.4,5,0.0,waku,Class,TIME,last3F,16,ave3F,44.9,41.8,0
ディープグラビティ,14,7.5,4,0.0,waku,Class,TIME,last3F,16,ave3F,52.3,51.3,0
アイファーグローブ,15,270.9,15,0.0,waku,Class,TIME,last3F,16,ave3F,----,99.0,0
ネオヒューズ,16,47.8,9,0.0,waku,Class,TIME,last3F,16,ave3F,46.5,48.6,0
