﻿name,no,odds,pop_rank,power_index,place,distance,surface,pace_type,field_size,class,prev_place,prev_rank,is_chiho
カフェスペランツァ,1,20.9,8,0.0,waku,Class,TIME,last3F,12,ave3F,50.3,51.1,0
トミケンボハテル,2,207.1,12,0.0,waku,Class,TIME,last3F,12,ave3F,50.2,46.6,0
スペロデア,3,45.9,11,0.0,waku,Class,TIME,last3F,12,ave3F,44.7,46.2,0
レッドラパルマ,4,3.6,2,0.0,waku,Class,TIME,last3F,12,ave3F,49.2,49.3,0
ソニックベガ,5,13,6,0.0,waku,Class,TIME,last3F,12,ave3F,51.4,51.0,0
カシノブレンド,6,10,4,0.0,waku,Class,TIME,last3F,12,ave3F,47.4,46.1,0
ロンコーネ,7,4.3,3,0.0,waku,Class,TIME,last3F,12,ave3F,49.6,48.4,0
ナリノモンターニュ,8,44.2,10,0.0,waku,Class,TIME,last3F,12,ave3F,43.8,47.7,0
ダノンアレー,9,22.3,9,0.0,waku,Class,TIME,last3F,12,ave3F,50.4,45.3,0
ロードヴァレンチ,10,3.4,1,0.0,waku,Class,TIME,last3F,12,ave3F,43.8,43.4,0
タイセイスラッガー,11,17.7,7,0.0,waku,Class,TIME,last3F,12,ave3F,41.1,46.5,0
アズユーフィール,12,11.8,5,0.0,waku,Class,TIME,last3F,12,ave3F,50.3,46.5,0
