﻿name,no,odds,pop_rank,power_index,place,distance,surface,pace_type,field_size,class,prev_place,prev_rank,is_chiho
モズマゾク,1,12.7,7,0.0,waku,Class,TIME,last3F,16,ave3F,51.1,49.9,0
コパノニコルソン,2,3.7,1,0.0,waku,Class,TIME,last3F,16,ave3F,----,46.1,0
オレンジペコ,3,31.9,10,0.0,waku,Class,TIME,last3F,16,ave3F,43.7,46.1,0
レガーメペスカ,4,14.9,8,0.0,waku,Class,TIME,last3F,16,ave3F,43.1,46.3,0
テイエムマグマ,5,9.9,5,0.0,waku,Class,TIME,last3F,16,ave3F,52.9,53.4,0
モズピンポン,6,55.3,12,0.0,waku,Class,TIME,last3F,16,ave3F,38,42.6,0
ゴールドティア,7,40.5,11,0.0,waku,Class,TIME,last3F,16,ave3F,47.1,46.5,0
ラボエーム,8,20.2,9,0.0,waku,Class,TIME,last3F,16,ave3F,44,46.5,0
ラヴィータエベラ,9,7.7,4,0.0,waku,Class,TIME,last3F,16,ave3F,43.9,45.0,0
ロードインファイト,10,12.6,6,0.0,waku,Class,TIME,last3F,16,ave3F,46.7,46.5,0
サトノロイヤル,11,4.3,2,0.0,waku,Class,TIME,last3F,16,ave3F,44.7,46.0,0
ペガサス,12,66,13,0.0,waku,Class,TIME,last3F,16,ave3F,45.5,46.5,0
リノキアナ,13,178.5,16,0.0,waku,Class,TIME,last3F,16,ave3F,57.6,56.3,0
ロコポルティ,14,72.9,14,0.0,waku,Class,TIME,last3F,16,ave3F,47.2,41.3,0
ハンディーズピーク,15,7.6,3,0.0,waku,Class,TIME,last3F,16,ave3F,49.3,46.5,0
エースレイジング,16,135.7,15,0.0,waku,Class,TIME,last3F,16,ave3F,39.5,39.6,0
