﻿name,no,odds,pop_rank,power_index,place,distance,surface,pace_type,field_size,class,prev_place,prev_rank,is_chiho
スズカワールド,1,30.2,7,0.0,waku,Class,TIME,last3F,8,ave3F,44.7,42.4,0
タマモエース,2,5.9,3,0.0,waku,Class,TIME,last3F,8,ave3F,49.6,45.7,0
ホウオウスミヨシ,3,21.2,6,0.0,waku,Class,TIME,last3F,8,ave3F,----,99.0,0
ディサイド,4,1.9,1,0.0,waku,Class,TIME,last3F,8,ave3F,49.5,49.7,0
テイエムフォンテ,5,7.3,4,0.0,waku,Class,TIME,last3F,8,ave3F,51.4,46.3,0
デルマアシュラ,6,59.7,8,0.0,waku,Class,TIME,last3F,8,ave3F,55.7,50.6,0
オメガデラックス,7,4.3,2,0.0,waku,Class,TIME,last3F,8,ave3F,48.8,48.1,0
ワールドハート,8,9.3,5,0.0,waku,Class,TIME,last3F,8,ave3F,52.4,52.2,0
