﻿name,no,odds,pop_rank,power_index,place,distance,surface,pace_type,field_size,class,prev_place,prev_rank,is_chiho
リアルシング,1,62.4,12,0.0,waku,Class,TIME,last3F,16,ave3F,48.2,46.2,0
メイクアリープ,2,2.2,1,0.0,waku,Class,TIME,last3F,16,ave3F,46.4,46.5,0
マジック,3,12.4,6,0.0,waku,Class,TIME,last3F,16,ave3F,----,99.0,0
ウインホノカ,4,157.3,15,0.0,waku,Class,TIME,last3F,16,ave3F,51,51.5,0
フームスムート,5,16.8,8,0.0,waku,Class,TIME,last3F,16,ave3F,47.2,45.9,0
メイショウジブリ,6,13.6,7,0.0,waku,Class,TIME,last3F,16,ave3F,41.6,46.1,0
シゲルヒカルダイヤ,7,107.4,13,0.0,waku,Class,TIME,last3F,16,ave3F,44.4,47.2,0
ダノンフォーナイン,8,10.8,5,0.0,waku,Class,TIME,last3F,16,ave3F,50,50.0,0
ハイエストポイント,9,5.7,2,0.0,waku,Class,TIME,last3F,16,ave3F,48.1,46.9,0
サヴァビアン,10,41,9,0.0,waku,Class,TIME,last3F,16,ave3F,48,49.1,0
ハイパーノヴァ,11,184.4,16,0.0,waku,Class,TIME,last3F,16,ave3F,50.4,52.6,0
キョウワウォール,12,8.7,3,0.0,waku,Class,TIME,last3F,16,ave3F,51.1,50.4,0
センタースリール,13,133.3,14,0.0,waku,Class,TIME,last3F,16,ave3F,43.4,43.4,0
マイネルレンカ,14,47.5,10,0.0,waku,Class,TIME,last3F,16,ave3F,50.4,50.0,0
トーアエレクトロン,15,57.1,11,0.0,waku,Class,TIME,last3F,16,ave3F,51.3,51.9,0
ウインアウォード,16,9,4,0.0,waku,Class,TIME,last3F,16,ave3F,41.9,43.6,0
