﻿name,no,odds,pop_rank,power_index,place,distance,surface,pace_type,field_size,class,prev_place,prev_rank,is_chiho
セファーラジエル,1,3.8,3,0.0,waku,Class,TIME,last3F,7,ave3F,57,55.5,0
メイショウボサツ,2,22.9,4,0.0,waku,Class,TIME,last3F,7,ave3F,54.9,50.0,0
シュトルーヴェ,3,2,1,0.0,waku,Class,TIME,last3F,7,ave3F,62,59.9,0
ストリクトコード,4,2.5,2,0.0,waku,Class,TIME,last3F,7,ave3F,57.3,56.2,0
ドゥリトル,5,148.6,7,0.0,waku,Class,TIME,last3F,7,ave3F,49.9,45.6,0
ナリタブレード,6,33.7,6,0.0,waku,Class,TIME,last3F,7,ave3F,55.1,52.3,0
ターキッシュパレス,7,27.6,5,0.0,waku,Class,TIME,last3F,7,ave3F,53.3,49.5,0
