﻿name,no,odds,pop_rank,power_index,place,distance,surface,pace_type,field_size,class,prev_place,prev_rank,is_chiho
ルピナスリード,1,2.7,1,0.0,waku,Class,TIME,last3F,15,ave3F,50.3,47.3,0
ホープフルサイン,2,32,9,0.0,waku,Class,TIME,last3F,15,ave3F,52.1,47.4,0
カルネアサーダ,3,30,8,0.0,waku,Class,TIME,last3F,15,ave3F,45.1,44.0,0
スワーヴシャルル,4,29,7,0.0,waku,Class,TIME,last3F,15,ave3F,40,42.7,0
メイショウチタン,5,33,10,0.0,waku,Class,TIME,last3F,15,ave3F,51.8,51.8,0
ジャスパージャック,6,5.8,3,0.0,waku,Class,TIME,last3F,15,ave3F,52.1,52.1,0
アスタールビー,7,33.5,11,0.0,waku,Class,TIME,last3F,15,ave3F,45.5,45.5,0
ショウナンバニラ,8,18.6,5,0.0,waku,Class,TIME,last3F,15,ave3F,50.9,47.9,0
カリボール,9,49.1,12,0.0,waku,Class,TIME,last3F,15,ave3F,48.9,45.9,0
キャプテンドレイク,10,21.9,6,0.0,waku,Class,TIME,last3F,15,ave3F,48.4,48.0,0
チェアリングソング,11,76.9,14,0.0,waku,Class,TIME,last3F,15,ave3F,52.1,46.4,0
スノーテーラー,12,5.9,4,0.0,waku,Class,TIME,last3F,15,ave3F,49.4,46.5,0
ハッピーアワー,13,218.5,15,0.0,waku,Class,TIME,last3F,15,ave3F,50.7,51.3,0
グレイイングリーン,14,4.1,2,0.0,waku,Class,TIME,last3F,15,ave3F,49,45.9,0
トキメキ,15,73.1,13,0.0,waku,Class,TIME,last3F,15,ave3F,54.4,51.2,0
