﻿name,no,odds,pop_rank,power_index,place,distance,surface,pace_type,field_size,class,prev_place,prev_rank,is_chiho
マイネルエンペラー,1,5.1,4,0.0,waku,Class,TIME,last3F,6,ave3F,60.8,57.7,0
サトノクローク,2,13.4,5,0.0,waku,Class,TIME,last3F,6,ave3F,54.3,53.6,0
ショウナンバシット,3,3.8,3,0.0,waku,Class,TIME,last3F,6,ave3F,60.5,60.2,0
ダノンペドロ,4,34.5,6,0.0,waku,Class,TIME,last3F,6,ave3F,60.7,58.9,0
ドクタードリトル,5,2.5,1,0.0,waku,Class,TIME,last3F,6,ave3F,61.6,58.3,0
エゾダイモン,6,3.3,2,0.0,waku,Class,TIME,last3F,6,ave3F,55.5,54.2,0
