﻿name,no,odds,pop_rank,power_index,place,distance,surface,pace_type,field_size,class,prev_place,prev_rank,is_chiho
ダディーズビビッド,1,5.3,3,0.0,waku,Class,TIME,last3F,9,ave3F,50,46.4,0
ライティア,2,6.5,4,0.0,waku,Class,TIME,last3F,9,ave3F,51,50.6,0
キングエルメス,3,6.8,5,0.0,waku,Class,TIME,last3F,9,ave3F,51.2,50.9,0
グラティアス,4,4.7,2,0.0,waku,Class,TIME,last3F,9,ave3F,53.6,50.9,0
ワールドバローズ,5,9,7,0.0,waku,Class,TIME,last3F,9,ave3F,57.9,57.9,0
トリプルエース,6,6.9,6,0.0,waku,Class,TIME,last3F,9,ave3F,57.2,50.9,0
メイショウオーパス,7,116.8,8,0.0,waku,Class,TIME,last3F,9,ave3F,49.7,48.7,0
ドゥリトル,8,302.3,9,0.0,waku,Class,TIME,last3F,9,ave3F,51.8,50.3,0
ディヴィーナ,9,3.4,1,0.0,waku,Class,TIME,last3F,9,ave3F,55.9,51.8,0
