﻿name,no,odds,pop_rank,power_index,place,distance,surface,pace_type,field_size,class,prev_place,prev_rank,is_chiho
サトノシャローム,1,13.7,5,0.0,waku,Class,TIME,last3F,13,ave3F,51.2,55.9,0
シーグラス,2,7.9,4,0.0,waku,Class,TIME,last3F,13,ave3F,59.1,58.1,0
ミステリーウェイ,3,7.5,3,0.0,waku,Class,TIME,last3F,13,ave3F,50.6,49.6,0
サンデージャック,4,52.4,11,0.0,waku,Class,TIME,last3F,13,ave3F,49.3,45.4,0
ハーツオブシャカ,5,30.1,8,0.0,waku,Class,TIME,last3F,13,ave3F,55.5,55.2,0
ジャンカズマ,6,36.3,9,0.0,waku,Class,TIME,last3F,13,ave3F,55.6,55.1,0
スカイテラス,7,91.8,12,0.0,waku,Class,TIME,last3F,13,ave3F,45.1,45.4,0
ブローザホーン,8,14,6,0.0,waku,Class,TIME,last3F,13,ave3F,52.8,50.0,0
マイネルメサイア,9,23.1,7,0.0,waku,Class,TIME,last3F,13,ave3F,53.7,51.5,0
ウインミニヨン,10,112.1,13,0.0,waku,Class,TIME,last3F,13,ave3F,53.3,53.7,0
シホノスペランツァ,11,1.8,1,0.0,waku,Class,TIME,last3F,13,ave3F,53.5,50.5,0
メイショウブレゲ,12,6.5,2,0.0,waku,Class,TIME,last3F,13,ave3F,58.6,54.9,0
アルバーシャ,13,40.8,10,0.0,waku,Class,TIME,last3F,13,ave3F,56,57.7,0
