﻿name,no,odds,pop_rank,power_index,place,distance,surface,pace_type,field_size,class,prev_place,prev_rank,is_chiho
ヤマニンゼスト,1,8.2,5,0.0,waku,Class,TIME,last3F,14,ave3F,55.7,54.2,0
ヴェルトライゼンデ,2,3.8,2,0.0,waku,Class,TIME,last3F,14,ave3F,52.2,52.3,0
ロバートソンキー,3,3.8,1,0.0,waku,Class,TIME,last3F,14,ave3F,60.3,56.5,0
ハヤヤッコ,4,23.1,7,0.0,waku,Class,TIME,last3F,14,ave3F,50.5,44.9,0
モズナガレボシ,5,172.2,14,0.0,waku,Class,TIME,last3F,14,ave3F,53.7,53.0,0
ダンディズム,6,66.6,11,0.0,waku,Class,TIME,last3F,14,ave3F,61.7,55.1,0
プライドランド,7,89.4,13,0.0,waku,Class,TIME,last3F,14,ave3F,47.6,51.9,0
ヴェローナシチー,8,4.6,3,0.0,waku,Class,TIME,last3F,14,ave3F,45.3,48.2,0
プリマヴィスタ,9,15,6,0.0,waku,Class,TIME,last3F,14,ave3F,60.1,57.9,0
キングオブドラゴン,10,35.8,10,0.0,waku,Class,TIME,last3F,14,ave3F,56.6,58.6,0
イクスプロージョン,11,34.3,9,0.0,waku,Class,TIME,last3F,14,ave3F,55.9,57.9,0
プラダリア,12,6.7,4,0.0,waku,Class,TIME,last3F,14,ave3F,53.3,54.2,0
アフリカンゴールド,13,70.8,12,0.0,waku,Class,TIME,last3F,14,ave3F,53.5,58.6,0
サンレイポケット,14,26,8,0.0,waku,Class,TIME,last3F,14,ave3F,58.6,57.9,0
