﻿name,no,odds,pop_rank,power_index,place,distance,surface,pace_type,field_size,class,prev_place,prev_rank,is_chiho
ツインクルトーズ,1,18.8,6,0.0,waku,Class,TIME,last3F,12,ave3F,45,45.0,0
ジャクソン,2,153,12,0.0,waku,Class,TIME,last3F,12,ave3F,46.8,49.5,0
クリニクラウン,3,117,10,0.0,waku,Class,TIME,last3F,12,ave3F,----,99.0,0
パライバトルマリン,4,3.4,1,0.0,waku,Class,TIME,last3F,12,ave3F,----,99.0,0
フリッパー,5,8.1,5,0.0,waku,Class,TIME,last3F,12,ave3F,54,51.1,0
グランヒマラヤ,6,36.2,7,0.0,waku,Class,TIME,last3F,12,ave3F,49.2,49.2,0
トニトゥルス,7,66.2,9,0.0,waku,Class,TIME,last3F,12,ave3F,52.8,51.0,0
オメガタキシード,8,6.5,4,0.0,waku,Class,TIME,last3F,12,ave3F,48.9,48.1,0
ジャスリー,9,4,3,0.0,waku,Class,TIME,last3F,12,ave3F,53.7,49.4,0
タルマエロマエ,10,43.1,8,0.0,waku,Class,TIME,last3F,12,ave3F,51.7,50.9,0
ラフエイジアン,11,3.4,2,0.0,waku,Class,TIME,last3F,12,ave3F,41,41.3,0
ナチュラルハイ,12,143.4,11,0.0,waku,Class,TIME,last3F,12,ave3F,48.4,51.7,0
