﻿name,no,odds,pop_rank,power_index,place,distance,surface,pace_type,field_size,class,prev_place,prev_rank,is_chiho
アルーリングビュー,1,6.3,3,0.0,waku,Class,TIME,last3F,10,ave3F,----,99.0,0
イリゼ,2,23.3,6,0.0,waku,Class,TIME,last3F,10,ave3F,----,99.0,0
ベガリス,3,59.9,10,0.0,waku,Class,TIME,last3F,10,ave3F,50.4,50.5,0
ダルエスサラーム,4,6.6,4,0.0,waku,Class,TIME,last3F,10,ave3F,61.9,59.9,0
プウスカンドゥール,5,47.8,9,0.0,waku,Class,TIME,last3F,10,ave3F,----,99.0,0
サンティーテソーロ,6,2.5,1,0.0,waku,Class,TIME,last3F,10,ave3F,53,53.0,0
クインズエルサ,7,11,5,0.0,waku,Class,TIME,last3F,10,ave3F,49.5,49.2,0
パルクリチュード,8,25.2,7,0.0,waku,Class,TIME,last3F,10,ave3F,----,99.0,0
バースクライ,9,3.1,2,0.0,waku,Class,TIME,last3F,10,ave3F,----,99.0,0
カワキタマックス,10,45.6,8,0.0,waku,Class,TIME,last3F,10,ave3F,----,99.0,0
