﻿name,no,odds,pop_rank,power_index,place,distance,surface,pace_type,field_size,class,prev_place,prev_rank,is_chiho
ネバレチュゴー,1,3.6,2,0.0,waku,Class,TIME,last3F,13,ave3F,37.2,38.1,0
エリカキルシェ,2,50.2,11,0.0,waku,Class,TIME,last3F,13,ave3F,46.2,46.2,0
ヨロ,3,37.4,8,0.0,waku,Class,TIME,last3F,13,ave3F,55.1,53.2,0
ボルドーネセバル,4,243.6,13,0.0,waku,Class,TIME,last3F,13,ave3F,----,99.0,0
オメガシンフォニー,5,2,1,0.0,waku,Class,TIME,last3F,13,ave3F,44.8,44.8,0
タイセイランナー,6,47,10,0.0,waku,Class,TIME,last3F,13,ave3F,45.7,43.1,0
アドバンスファラオ,7,7.3,3,0.0,waku,Class,TIME,last3F,13,ave3F,38.8,41.8,0
レヴィナス,8,24.2,6,0.0,waku,Class,TIME,last3F,13,ave3F,----,99.0,0
マーブルマカロン,9,9.1,4,0.0,waku,Class,TIME,last3F,13,ave3F,53.6,50.9,0
スモーキンビリー,10,19,5,0.0,waku,Class,TIME,last3F,13,ave3F,44.5,45.5,0
セイウンダマシイ,11,40.2,9,0.0,waku,Class,TIME,last3F,13,ave3F,48.3,49.2,0
ビルカール,12,103.6,12,0.0,waku,Class,TIME,last3F,13,ave3F,42.8,42.0,0
マーゴットレーヴ,13,29.7,7,0.0,waku,Class,TIME,last3F,13,ave3F,46.8,45.5,0
