﻿name,no,odds,pop_rank,power_index,place,distance,surface,pace_type,field_size,class,prev_place,prev_rank,is_chiho
タマモエイトビート,1,6.9,2,0.0,waku,Class,TIME,last3F,12,ave3F,43.4,42.4,0
ショウサンキズナ,2,9.6,3,0.0,waku,Class,TIME,last3F,12,ave3F,48.2,46.6,0
スピリトーゾ,3,41.7,9,0.0,waku,Class,TIME,last3F,12,ave3F,42,49.2,0
ダノンパルス,4,42.6,10,0.0,waku,Class,TIME,last3F,12,ave3F,----,99.0,0
トリプルスリル,5,25.9,7,0.0,waku,Class,TIME,last3F,12,ave3F,40.6,48.7,0
ラピドゥス,6,33.3,8,0.0,waku,Class,TIME,last3F,12,ave3F,46.1,43.4,0
シンゼンハット,7,128.9,12,0.0,waku,Class,TIME,last3F,12,ave3F,----,99.0,0
レッドヴァイス,8,15.1,4,0.0,waku,Class,TIME,last3F,12,ave3F,47.3,49.3,0
ブラジリアンソング,9,1.4,1,0.0,waku,Class,TIME,last3F,12,ave3F,47.9,48.6,0
エルデスペラード,10,17.9,6,0.0,waku,Class,TIME,last3F,12,ave3F,42.6,47.2,0
フェズカズマ,11,16.5,5,0.0,waku,Class,TIME,last3F,12,ave3F,39.2,38.0,0
セイカヤマノ,12,52.7,11,0.0,waku,Class,TIME,last3F,12,ave3F,46.7,45.4,0
