﻿name,no,odds,pop_rank,power_index,place,distance,surface,pace_type,field_size,class,prev_place,prev_rank,is_chiho
エグモント,1,57.4,12,0.0,waku,Class,TIME,last3F,15,ave3F,44.2,48.2,0
バレストラ,2,5.1,2,0.0,waku,Class,TIME,last3F,15,ave3F,45.4,45.1,0
ロサロッサーナ,3,83.6,14,0.0,waku,Class,TIME,last3F,15,ave3F,43.4,51.2,0
ビーナスローズ,4,22.3,9,0.0,waku,Class,TIME,last3F,15,ave3F,50.7,47.9,0
エレガントチャーム,5,11.7,5,0.0,waku,Class,TIME,last3F,15,ave3F,56.8,52.9,0
ウインメイフラワー,6,12.6,7,0.0,waku,Class,TIME,last3F,15,ave3F,51,51.4,0
シゲルオトヒメ,7,5.4,3,0.0,waku,Class,TIME,last3F,15,ave3F,53.5,53.2,0
ミスカイウラニ,8,13.5,8,0.0,waku,Class,TIME,last3F,15,ave3F,----,99.0,0
キタサンマーベラス,9,80.6,13,0.0,waku,Class,TIME,last3F,15,ave3F,52.3,56.4,0
グッドインパクト,10,195.3,15,0.0,waku,Class,TIME,last3F,15,ave3F,----,99.0,0
デームフォーチュン,11,6.3,4,0.0,waku,Class,TIME,last3F,15,ave3F,----,99.0,0
マヤローザ,12,39,11,0.0,waku,Class,TIME,last3F,15,ave3F,46.7,47.3,0
カレンラファータ,13,37,10,0.0,waku,Class,TIME,last3F,15,ave3F,46.7,48.2,0
フライングバレル,14,12,6,0.0,waku,Class,TIME,last3F,15,ave3F,49.4,52.0,0
タマモタップダンス,15,3.9,1,0.0,waku,Class,TIME,last3F,15,ave3F,40.8,43.5,0
