﻿name,no,odds,pop_rank,power_index,place,distance,surface,pace_type,field_size,class,prev_place,prev_rank,is_chiho
ロードフォンス,1,4.4,3,0.0,waku,Class,TIME,last3F,9,ave3F,41.4,40.6,0
ダンテバローズ,2,23.2,7,0.0,waku,Class,TIME,last3F,9,ave3F,47.3,43.8,0
シンゼンイズモ,3,53,9,0.0,waku,Class,TIME,last3F,9,ave3F,49.9,51.9,0
ドンアミティエ,4,3.5,2,0.0,waku,Class,TIME,last3F,9,ave3F,35,41.5,0
マホロバ,5,33.5,8,0.0,waku,Class,TIME,last3F,9,ave3F,49.5,45.8,0
キョウエイゲイル,6,15.2,5,0.0,waku,Class,TIME,last3F,9,ave3F,43.8,45.0,0
ゼットリアン,7,16.9,6,0.0,waku,Class,TIME,last3F,9,ave3F,48.7,42.9,0
インヒズアイズ,8,2.2,1,0.0,waku,Class,TIME,last3F,9,ave3F,----,99.0,0
エミサキホコル,9,10.6,4,0.0,waku,Class,TIME,last3F,9,ave3F,48.6,53.5,0
