﻿name,no,odds,pop_rank,power_index,place,distance,surface,pace_type,field_size,class,prev_place,prev_rank,is_chiho
フクチャンキング,1,35,11,0.0,waku,Class,TIME,last3F,16,ave3F,40.3,41.7,0
アントニオヒロキ,2,53.8,13,0.0,waku,Class,TIME,last3F,16,ave3F,45,49.1,0
アフトクラーティラ,3,24.8,10,0.0,waku,Class,TIME,last3F,16,ave3F,----,99.0,0
ドライブアローカス,4,4.6,2,0.0,waku,Class,TIME,last3F,16,ave3F,49.2,49.7,0
オメガタキシード,5,15,6,0.0,waku,Class,TIME,last3F,16,ave3F,----,99.0,0
トニトゥルス,6,16.6,7,0.0,waku,Class,TIME,last3F,16,ave3F,----,99.0,0
アレクサ,7,87.3,15,0.0,waku,Class,TIME,last3F,16,ave3F,50.3,51.8,0
ピッチパーフェクト,8,7.4,4,0.0,waku,Class,TIME,last3F,16,ave3F,43.1,42.0,0
サノノエスポ,9,13.6,5,0.0,waku,Class,TIME,last3F,16,ave3F,43.2,42.8,0
タイセイマンボ,10,5.7,3,0.0,waku,Class,TIME,last3F,16,ave3F,----,99.0,0
セイカティターニア,11,254.4,16,0.0,waku,Class,TIME,last3F,16,ave3F,43.9,43.9,0
ミトノオー,12,3.6,1,0.0,waku,Class,TIME,last3F,16,ave3F,48.8,48.4,0
トゥルース,13,46.6,12,0.0,waku,Class,TIME,last3F,16,ave3F,----,99.0,0
ナチュラルハイ,14,54.5,14,0.0,waku,Class,TIME,last3F,16,ave3F,60.3,59.9,0
グランヒマラヤ,15,18.1,8,0.0,waku,Class,TIME,last3F,16,ave3F,----,99.0,0
シェットランド,16,19.1,9,0.0,waku,Class,TIME,last3F,16,ave3F,56.5,57.9,0
