﻿name,no,odds,pop_rank,power_index,place,distance,surface,pace_type,field_size,class,prev_place,prev_rank,is_chiho
チェアリングソング,1,58.8,14,0.0,waku,Class,TIME,last3F,16,ave3F,51.2,46.0,0
ジュニパーベリー,2,40.6,12,0.0,waku,Class,TIME,last3F,16,ave3F,48.7,50.3,0
ライオンボス,3,45.1,13,0.0,waku,Class,TIME,last3F,16,ave3F,50.9,50.3,0
ミニオンペール,4,17.1,7,0.0,waku,Class,TIME,last3F,16,ave3F,56,51.2,0
ストーンリッジ,5,7.6,4,0.0,waku,Class,TIME,last3F,16,ave3F,50.7,45.9,0
ルッジェーロ,6,18.3,8,0.0,waku,Class,TIME,last3F,16,ave3F,52,47.6,0
ディヴィナシオン,7,19.6,9,0.0,waku,Class,TIME,last3F,16,ave3F,49.7,47.1,0
コムストックロード,8,5.7,2,0.0,waku,Class,TIME,last3F,16,ave3F,52,49.4,0
カイザーメランジェ,9,113,16,0.0,waku,Class,TIME,last3F,16,ave3F,51.5,48.8,0
エレナアヴァンティ,10,7.7,5,0.0,waku,Class,TIME,last3F,16,ave3F,48.4,51.2,0
ジュビリーヘッド,11,4.7,1,0.0,waku,Class,TIME,last3F,16,ave3F,51.4,49.7,0
スマートリアン,12,6.2,3,0.0,waku,Class,TIME,last3F,16,ave3F,51.8,47.1,0
ショックアクション,13,85.4,15,0.0,waku,Class,TIME,last3F,16,ave3F,54,47.6,0
フレッチア,14,8.1,6,0.0,waku,Class,TIME,last3F,16,ave3F,47.7,46.2,0
ザイツィンガー,15,29.2,11,0.0,waku,Class,TIME,last3F,16,ave3F,50.9,46.2,0
インターミッション,16,24.9,10,0.0,waku,Class,TIME,last3F,16,ave3F,49.4,47.3,0
