﻿name,no,odds,pop_rank,power_index,place,distance,surface,pace_type,field_size,class,prev_place,prev_rank,is_chiho
メイショウヨシテル,1,18.8,6,0.0,waku,Class,TIME,last3F,14,ave3F,49.1,45.1,0
オクトニオン,2,10.1,4,0.0,waku,Class,TIME,last3F,14,ave3F,45.9,50.0,0
キゾク,3,151.2,13,0.0,waku,Class,TIME,last3F,14,ave3F,46.8,48.6,0
エクストラノート,4,35.6,7,0.0,waku,Class,TIME,last3F,14,ave3F,51.9,48.6,0
レッドエンヴィー,5,150,12,0.0,waku,Class,TIME,last3F,14,ave3F,44.8,48.2,0
タガノチュール,6,124.4,11,0.0,waku,Class,TIME,last3F,14,ave3F,43.6,46.9,0
イスカンダル,7,5.7,3,0.0,waku,Class,TIME,last3F,14,ave3F,50.5,50.5,0
ファイヴレター,8,57.3,8,0.0,waku,Class,TIME,last3F,14,ave3F,48.7,45.5,0
ブロフェルド,9,87.2,10,0.0,waku,Class,TIME,last3F,14,ave3F,48.2,47.0,0
ペルアア,10,1.6,1,0.0,waku,Class,TIME,last3F,14,ave3F,----,47.1,0
ウォーターアンク,11,64.3,9,0.0,waku,Class,TIME,last3F,14,ave3F,49.2,47.4,0
パワーブローキング,12,5.5,2,0.0,waku,Class,TIME,last3F,14,ave3F,49.3,48.9,0
イツカハシャチョウ,13,187.7,14,0.0,waku,Class,TIME,last3F,14,ave3F,49.6,47.7,0
キングスバーンズ,14,17.7,5,0.0,waku,Class,TIME,last3F,14,ave3F,45.3,44.6,0
