﻿name,no,odds,pop_rank,power_index,place,distance,surface,pace_type,field_size,class,prev_place,prev_rank,is_chiho
ヤマニンペダラーダ,1,96.8,12,0.0,waku,Class,TIME,last3F,12,ave3F,46.6,39.6,0
アールバロン,2,5.3,3,0.0,waku,Class,TIME,last3F,12,ave3F,49.6,53.1,0
ハーモニーマゼラン,3,8.3,6,0.0,waku,Class,TIME,last3F,12,ave3F,40.4,46.4,0
ジネストラ,4,4.5,2,0.0,waku,Class,TIME,last3F,12,ave3F,49,45.5,0
ユキノファラオ,5,19.5,7,0.0,waku,Class,TIME,last3F,12,ave3F,51.4,48.0,0
フィールシンパシー,6,7.9,4,0.0,waku,Class,TIME,last3F,12,ave3F,60.7,60.7,0
シャチ,7,35.2,10,0.0,waku,Class,TIME,last3F,12,ave3F,56.1,57.8,0
レディバランタイン,8,26.2,9,0.0,waku,Class,TIME,last3F,12,ave3F,42.2,45.5,0
アールクインダム,9,67.9,11,0.0,waku,Class,TIME,last3F,12,ave3F,48.5,45.5,0
ゾンニッヒ,10,3.4,1,0.0,waku,Class,TIME,last3F,12,ave3F,53.9,53.8,0
クロスマジェスティ,11,25.6,8,0.0,waku,Class,TIME,last3F,12,ave3F,47.2,53.8,0
ウインエクレール,12,8.1,5,0.0,waku,Class,TIME,last3F,12,ave3F,55.2,51.9,0
