﻿name,no,odds,pop_rank,power_index,place,distance,surface,pace_type,field_size,class,prev_place,prev_rank,is_chiho
ドンフクリン,1,13,5,0.0,waku,Class,TIME,last3F,13,ave3F,38.6,41.7,0
スズカサウスソング,2,17.6,8,0.0,waku,Class,TIME,last3F,13,ave3F,40,46.1,0
メイショウフジタカ,3,3.8,2,0.0,waku,Class,TIME,last3F,13,ave3F,41.9,41.9,0
ミラクル,4,15.8,6,0.0,waku,Class,TIME,last3F,13,ave3F,40.1,45.6,0
サンライズホーク,5,4.1,3,0.0,waku,Class,TIME,last3F,13,ave3F,50.6,45.6,0
マイネルプロンプト,6,91.4,12,0.0,waku,Class,TIME,last3F,13,ave3F,----,99.0,0
プレジールミノル,7,17,7,0.0,waku,Class,TIME,last3F,13,ave3F,39.9,40.0,0
バーニングソウル,8,38.9,9,0.0,waku,Class,TIME,last3F,13,ave3F,46.8,41.5,0
メイショウカイト,9,42.4,10,0.0,waku,Class,TIME,last3F,13,ave3F,46,44.8,0
ロードサージュ,10,63.8,11,0.0,waku,Class,TIME,last3F,13,ave3F,43.3,43.4,0
クリノカサット,11,401.9,13,0.0,waku,Class,TIME,last3F,13,ave3F,45.5,42.9,0
ストームゾーン,12,3.6,1,0.0,waku,Class,TIME,last3F,13,ave3F,45.9,45.9,0
サウンドサンビーム,13,7.1,4,0.0,waku,Class,TIME,last3F,13,ave3F,50.3,44.8,0
