﻿name,no,odds,pop_rank,power_index,place,distance,surface,pace_type,field_size,class,prev_place,prev_rank,is_chiho
ペイシャジュン,1,3.5,1,0.0,waku,Class,TIME,last3F,13,ave3F,51.7,46.6,0
ブルベアカイリ,2,39.1,8,0.0,waku,Class,TIME,last3F,13,ave3F,44.4,47.8,0
パワーエンブレム,3,97.1,12,0.0,waku,Class,TIME,last3F,13,ave3F,47.1,46.6,0
サルーテ,4,197.5,13,0.0,waku,Class,TIME,last3F,13,ave3F,45.2,45.0,0
ユキノオウジサマ,5,23.4,7,0.0,waku,Class,TIME,last3F,13,ave3F,60.7,60.7,0
モネータドーロ,6,9,6,0.0,waku,Class,TIME,last3F,13,ave3F,56,58.4,0
キュン,7,92.6,11,0.0,waku,Class,TIME,last3F,13,ave3F,50.3,48.1,0
サインオブサクセス,8,6.8,4,0.0,waku,Class,TIME,last3F,13,ave3F,53.7,52.3,0
カイザーレオン,9,5.7,3,0.0,waku,Class,TIME,last3F,13,ave3F,45.8,45.0,0
ジェイエルブリッジ,10,65.1,10,0.0,waku,Class,TIME,last3F,13,ave3F,45,46.7,0
ロードレアル,11,41.4,9,0.0,waku,Class,TIME,last3F,13,ave3F,----,99.0,0
マイネルサハラ,12,3.7,2,0.0,waku,Class,TIME,last3F,13,ave3F,47.6,48.2,0
カールスモーキー,13,7,5,0.0,waku,Class,TIME,last3F,13,ave3F,50.3,50.2,0
