﻿name,no,odds,pop_rank,power_index,place,distance,surface,pace_type,field_size,class,prev_place,prev_rank,is_chiho
サルサディーバ,1,81.4,11,0.0,waku,Class,TIME,last3F,13,ave3F,45.7,45.3,0
シアープレジャー,2,70.8,9,0.0,waku,Class,TIME,last3F,13,ave3F,39.4,42.4,0
ワイルドベティ,3,37.7,7,0.0,waku,Class,TIME,last3F,13,ave3F,50.8,49.4,0
スカンジナビア,4,2.2,1,0.0,waku,Class,TIME,last3F,13,ave3F,49.2,51.8,0
ベルカノア,5,15,6,0.0,waku,Class,TIME,last3F,13,ave3F,43.9,45.6,0
キットクル,6,145.7,12,0.0,waku,Class,TIME,last3F,13,ave3F,----,99.0,0
カンパニュール,7,74.6,10,0.0,waku,Class,TIME,last3F,13,ave3F,47.1,48.1,0
パリスデージー,8,172.1,13,0.0,waku,Class,TIME,last3F,13,ave3F,42,45.6,0
レリジールダモーレ,9,8.5,5,0.0,waku,Class,TIME,last3F,13,ave3F,46.7,47.3,0
パタゴニア,10,4.4,2,0.0,waku,Class,TIME,last3F,13,ave3F,47.5,47.7,0
ブランアルディ,11,6.4,3,0.0,waku,Class,TIME,last3F,13,ave3F,46.6,48.1,0
クリノニキータ,12,6.9,4,0.0,waku,Class,TIME,last3F,13,ave3F,----,99.0,0
ネージュプドルーズ,13,49.9,8,0.0,waku,Class,TIME,last3F,13,ave3F,46.7,46.9,0
