﻿name,no,odds,pop_rank,power_index,place,distance,surface,pace_type,field_size,class,prev_place,prev_rank,is_chiho
クインズバジル,1,38.2,8,0.0,waku,Class,TIME,last3F,16,ave3F,50.9,51.6,0
カラフルキューブ,2,10.6,4,0.0,waku,Class,TIME,last3F,16,ave3F,52.2,50.7,0
ルーチェット,3,48.3,9,0.0,waku,Class,TIME,last3F,16,ave3F,42.2,42.3,0
ステイブルアスク,4,2.2,1,0.0,waku,Class,TIME,last3F,16,ave3F,51.1,46.0,0
ブルーカルセドニー,5,81.1,11,0.0,waku,Class,TIME,last3F,16,ave3F,49.6,49.3,0
ランスオブアース,6,18.6,6,0.0,waku,Class,TIME,last3F,16,ave3F,46,46.0,0
シダー,7,4.3,2,0.0,waku,Class,TIME,last3F,16,ave3F,50.8,48.3,0
アーテルアストレア,8,11.6,5,0.0,waku,Class,TIME,last3F,16,ave3F,53.3,50.0,0
ドライゼ,9,4.7,3,0.0,waku,Class,TIME,last3F,16,ave3F,51.5,50.7,0
ギブミーラブ,10,151.4,13,0.0,waku,Class,TIME,last3F,16,ave3F,49,46.1,0
フェアリーグルーヴ,11,238.3,15,0.0,waku,Class,TIME,last3F,16,ave3F,59.5,58.2,0
ラグラスドシエル,12,159.7,14,0.0,waku,Class,TIME,last3F,16,ave3F,51.7,51.4,0
キングスフィリア,13,52.8,10,0.0,waku,Class,TIME,last3F,16,ave3F,55.3,49.2,0
メガキャット,14,110.2,12,0.0,waku,Class,TIME,last3F,16,ave3F,42,50.7,0
クレデンザ,15,取消し,,0.0,waku,Class,TIME,last3F,16,ave3F,52.3,50.7,0
アイリッシュムーン,16,29.7,7,0.0,waku,Class,TIME,last3F,16,ave3F,50,50.7,0
