﻿name,no,odds,pop_rank,power_index,place,distance,surface,pace_type,field_size,class,prev_place,prev_rank,is_chiho
ナックイルシーブ,1,93.5,7,0.0,waku,Class,TIME,last3F,11,ave3F,50.3,54.8,0
アトラクティーボ,2,99.8,8,0.0,waku,Class,TIME,last3F,11,ave3F,46.4,48.6,0
エクセレントラン,3,137.2,10,0.0,waku,Class,TIME,last3F,11,ave3F,52,45.5,0
サウンドウォリアー,4,5,3,0.0,waku,Class,TIME,last3F,11,ave3F,55.2,56.5,0
セラフィナイト,5,5.8,4,0.0,waku,Class,TIME,last3F,11,ave3F,61,60.7,0
タケルジャック,6,130,9,0.0,waku,Class,TIME,last3F,11,ave3F,48.6,46.9,0
ボーンディスウェイ,7,3,2,0.0,waku,Class,TIME,last3F,11,ave3F,59.1,58.1,0
ミズリーナ,8,139.7,11,0.0,waku,Class,TIME,last3F,11,ave3F,48.5,50.1,0
キャルレイ,9,7.2,5,0.0,waku,Class,TIME,last3F,11,ave3F,59.3,58.1,0
マイネルクリソーラ,10,2.9,1,0.0,waku,Class,TIME,last3F,11,ave3F,61.2,57.9,0
ポッドヴァイン,11,33.9,6,0.0,waku,Class,TIME,last3F,11,ave3F,59.7,58.1,0
