﻿name,no,odds,pop_rank,power_index,place,distance,surface,pace_type,field_size,class,prev_place,prev_rank,is_chiho
レベランス,1,4.7,3,0.0,waku,Class,TIME,last3F,9,ave3F,53.7,58.1,0
シーリアスラブ,2,115,9,0.0,waku,Class,TIME,last3F,9,ave3F,58.6,55.2,0
タガノカイ,3,3.1,2,0.0,waku,Class,TIME,last3F,9,ave3F,60,61.6,0
ビートザウイングス,4,53.6,7,0.0,waku,Class,TIME,last3F,9,ave3F,60.3,61.9,0
タイセイコマンド,5,58.1,8,0.0,waku,Class,TIME,last3F,9,ave3F,55.8,55.7,0
ダディーズトリップ,6,30.1,6,0.0,waku,Class,TIME,last3F,9,ave3F,46.1,50.1,0
プレイリードリーム,7,8.1,4,0.0,waku,Class,TIME,last3F,9,ave3F,69,66.6,0
キントリヒ,8,12,5,0.0,waku,Class,TIME,last3F,9,ave3F,53.8,51.4,0
ストップザタイム,9,2.2,1,0.0,waku,Class,TIME,last3F,9,ave3F,60.1,58.4,0
