﻿name,no,odds,pop_rank,power_index,place,distance,surface,pace_type,field_size,class,prev_place,prev_rank,is_chiho
セイシェルノユウヒ,1,7,3,0.0,waku,Class,TIME,last3F,15,ave3F,46.6,45.1,0
ピナ,2,68.1,13,0.0,waku,Class,TIME,last3F,15,ave3F,39.4,51.8,0
タイセイマーベル,3,3,1,0.0,waku,Class,TIME,last3F,15,ave3F,45.8,48.3,0
チョモランマ,4,264.2,14,0.0,waku,Class,TIME,last3F,15,ave3F,----,99.0,0
コウキ,5,28.7,10,0.0,waku,Class,TIME,last3F,15,ave3F,54.9,54.7,0
イエローウィン,6,37.8,12,0.0,waku,Class,TIME,last3F,15,ave3F,46.9,49.2,0
ヴォーグマチネ,7,37.2,11,0.0,waku,Class,TIME,last3F,15,ave3F,46.8,45.0,0
ラブベティー,8,19.8,8,0.0,waku,Class,TIME,last3F,15,ave3F,49,52.2,0
ビーマイセルフ,9,26.8,9,0.0,waku,Class,TIME,last3F,15,ave3F,52,51.1,0
トリグラフ,10,5.4,2,0.0,waku,Class,TIME,last3F,15,ave3F,53.6,52.2,0
ホノノディーヴァ,11,7.2,4,0.0,waku,Class,TIME,last3F,15,ave3F,53.4,51.5,0
サイモンソーラン,12,15.9,7,0.0,waku,Class,TIME,last3F,15,ave3F,33.4,43.6,0
アシェットデセール,13,15.7,6,0.0,waku,Class,TIME,last3F,15,ave3F,50.3,52.5,0
ジェイエルフラッグ,14,350.4,15,0.0,waku,Class,TIME,last3F,15,ave3F,49.3,48.0,0
チュウワジョーダン,15,7.7,5,0.0,waku,Class,TIME,last3F,15,ave3F,49.3,51.8,0
