﻿name,no,odds,pop_rank,power_index,place,distance,surface,pace_type,field_size,class,prev_place,prev_rank,is_chiho
ケイティマジック,1,65.9,13,0.0,waku,Class,TIME,last3F,16,ave3F,48.3,48.2,0
リオンラファール,2,7.4,3,0.0,waku,Class,TIME,last3F,16,ave3F,43.3,39.2,0
パイツィーレン,3,22.2,11,0.0,waku,Class,TIME,last3F,16,ave3F,43.9,43.4,0
スクリーンショット,4,4.3,1,0.0,waku,Class,TIME,last3F,16,ave3F,42.5,41.7,0
キャプテンローレル,5,59.5,12,0.0,waku,Class,TIME,last3F,16,ave3F,----,99.0,0
トランペットシェル,6,16.4,10,0.0,waku,Class,TIME,last3F,16,ave3F,48.4,45.5,0
アニージョ,7,15.3,8,0.0,waku,Class,TIME,last3F,16,ave3F,51.4,45.5,0
ニシノリース,8,16.3,9,0.0,waku,Class,TIME,last3F,16,ave3F,53.2,47.4,0
トーアスカーレット,9,12.1,6,0.0,waku,Class,TIME,last3F,16,ave3F,46.2,40.7,0
マスケティアーズ,10,504.2,16,0.0,waku,Class,TIME,last3F,16,ave3F,46.2,45.9,0
ヴァンデリオン,11,4.6,2,0.0,waku,Class,TIME,last3F,16,ave3F,41,41.7,0
カイタロー,12,7.6,4,0.0,waku,Class,TIME,last3F,16,ave3F,46.5,48.1,0
サクラトップメジャ,13,231.4,15,0.0,waku,Class,TIME,last3F,16,ave3F,50.9,46.9,0
ジェネラルウィル,14,9.3,5,0.0,waku,Class,TIME,last3F,16,ave3F,----,99.0,0
ハクサンセレーネ,15,108.3,14,0.0,waku,Class,TIME,last3F,16,ave3F,39.7,41.8,0
トランザクト,16,13.7,7,0.0,waku,Class,TIME,last3F,16,ave3F,41.4,44.9,0
