﻿name,no,odds,pop_rank,power_index,place,distance,surface,pace_type,field_size,class,prev_place,prev_rank,is_chiho
ディクテオン,1,43.3,11,0.0,waku,Class,TIME,last3F,15,ave3F,57,50.0,0
オーヴェルニュ,2,23.2,8,0.0,waku,Class,TIME,last3F,15,ave3F,----,99.0,0
ロードレガリス,3,30.9,10,0.0,waku,Class,TIME,last3F,15,ave3F,47,44.3,0
ハギノアレグリアス,4,2.7,1,0.0,waku,Class,TIME,last3F,15,ave3F,52.2,49.7,0
ヴァンヤール,5,45.8,12,0.0,waku,Class,TIME,last3F,15,ave3F,51.6,49.2,0
マリオマッハー,6,226.1,15,0.0,waku,Class,TIME,last3F,15,ave3F,53.8,49.1,0
ウェルカムニュース,7,17.9,7,0.0,waku,Class,TIME,last3F,15,ave3F,48.7,47.7,0
サンライズウルス,8,9.5,4,0.0,waku,Class,TIME,last3F,15,ave3F,52.8,50.6,0
デルマルーヴル,9,196,14,0.0,waku,Class,TIME,last3F,15,ave3F,53.3,53.6,0
プロミストウォリア,10,5.1,2,0.0,waku,Class,TIME,last3F,15,ave3F,46.5,46.1,0
スマッシングハーツ,11,10.6,6,0.0,waku,Class,TIME,last3F,15,ave3F,55.7,51.6,0
クリノドラゴン,12,10.1,5,0.0,waku,Class,TIME,last3F,15,ave3F,----,99.0,0
ハヤブサナンデクン,13,6.3,3,0.0,waku,Class,TIME,last3F,15,ave3F,52.9,51.6,0
ゲンパチルシファー,14,65,13,0.0,waku,Class,TIME,last3F,15,ave3F,50.7,48.9,0
アイアンバローズ,15,28.1,9,0.0,waku,Class,TIME,last3F,15,ave3F,57.8,58.6,0
