﻿name,no,odds,pop_rank,power_index,place,distance,surface,pace_type,field_size,class,prev_place,prev_rank,is_chiho
ヴェルザスカ,1,17.9,7,0.0,waku,Class,TIME,last3F,15,ave3F,62.2,60.2,0
シューラヴァラ,2,19.5,9,0.0,waku,Class,TIME,last3F,15,ave3F,57.9,59.0,0
マイネルアルザス,3,157.1,14,0.0,waku,Class,TIME,last3F,15,ave3F,49.8,47.4,0
ジュンブルースカイ,4,2.8,1,0.0,waku,Class,TIME,last3F,15,ave3F,57.4,50.6,0
ホウオウジョルノ,5,6.1,3,0.0,waku,Class,TIME,last3F,15,ave3F,47.8,48.8,0
マイネルダグラス,6,25.5,10,0.0,waku,Class,TIME,last3F,15,ave3F,53.9,52.1,0
ケルンキングダム,7,173.4,15,0.0,waku,Class,TIME,last3F,15,ave3F,44.4,50.3,0
サウンドウォリアー,8,5.5,2,0.0,waku,Class,TIME,last3F,15,ave3F,60.6,60.2,0
エニシノウタ,9,11.5,5,0.0,waku,Class,TIME,last3F,15,ave3F,55.3,52.8,0
シーリアスラブ,10,57,12,0.0,waku,Class,TIME,last3F,15,ave3F,65.4,57.1,0
シティレインボー,11,14.5,6,0.0,waku,Class,TIME,last3F,15,ave3F,58.4,55.0,0
テーオーシリウス,12,18.8,8,0.0,waku,Class,TIME,last3F,15,ave3F,40.6,46.4,0
メイショウカクウン,13,105.9,13,0.0,waku,Class,TIME,last3F,15,ave3F,49.7,48.8,0
シゲルローズマリー,14,7.5,4,0.0,waku,Class,TIME,last3F,15,ave3F,61.2,62.0,0
スウィートブルーム,15,40.8,11,0.0,waku,Class,TIME,last3F,15,ave3F,----,99.0,0
