﻿name,no,odds,pop_rank,power_index,place,distance,surface,pace_type,field_size,class,prev_place,prev_rank,is_chiho
サイファーシチー,1,11.6,7,0.0,waku,Class,TIME,last3F,16,ave3F,46.5,49.4,0
レッドランサー,2,260.9,16,0.0,waku,Class,TIME,last3F,16,ave3F,42.2,46.6,0
エリモグリッター,3,26,10,0.0,waku,Class,TIME,last3F,16,ave3F,39.7,37.7,0
シゲルヒラトリ,4,59,11,0.0,waku,Class,TIME,last3F,16,ave3F,----,42.2,0
ホワイトガーベラ,5,6.1,3,0.0,waku,Class,TIME,last3F,16,ave3F,41.5,44.1,0
ライフレッスンズ,6,8.8,6,0.0,waku,Class,TIME,last3F,16,ave3F,37.8,38.0,0
スーパーアキラ,7,66.2,12,0.0,waku,Class,TIME,last3F,16,ave3F,47.5,38.8,0
ヴァリアント,8,5.2,2,0.0,waku,Class,TIME,last3F,16,ave3F,42.3,39.1,0
テンテキセンセキ,9,130.4,15,0.0,waku,Class,TIME,last3F,16,ave3F,42.4,42.6,0
グルアーブ,10,67.7,13,0.0,waku,Class,TIME,last3F,16,ave3F,47.7,45.5,0
ジャスパーゴールド,11,20.7,9,0.0,waku,Class,TIME,last3F,16,ave3F,46.1,46.6,0
キタノブレイド,12,8.1,4,0.0,waku,Class,TIME,last3F,16,ave3F,50.1,44.6,0
ニューフロンティア,13,4.1,1,0.0,waku,Class,TIME,last3F,16,ave3F,40.3,38.7,0
トライハード,14,105.1,14,0.0,waku,Class,TIME,last3F,16,ave3F,42.2,42.6,0
マーチリリー,15,8.4,5,0.0,waku,Class,TIME,last3F,16,ave3F,45.6,40.0,0
ミエノワールド,16,16.1,8,0.0,waku,Class,TIME,last3F,16,ave3F,44,41.4,0
