﻿name,no,odds,pop_rank,power_index,place,distance,surface,pace_type,field_size,class,prev_place,prev_rank,is_chiho
ニルカンタテソーロ,1,6.8,5,0.0,waku,Class,TIME,last3F,15,ave3F,46.5,41.5,0
ブーケオブアイリス,2,74.5,12,0.0,waku,Class,TIME,last3F,15,ave3F,46.5,45.4,0
ネイチャーカレン,3,28.9,9,0.0,waku,Class,TIME,last3F,15,ave3F,47.7,41.7,0
ジェットマックス,4,21.8,8,0.0,waku,Class,TIME,last3F,15,ave3F,43.6,41.9,0
アップリバー,5,29.2,10,0.0,waku,Class,TIME,last3F,15,ave3F,40.4,42.4,0
キタノブレイド,6,5.9,4,0.0,waku,Class,TIME,last3F,15,ave3F,45.8,42.6,0
グランドストローク,7,140.8,13,0.0,waku,Class,TIME,last3F,15,ave3F,42.5,42.4,0
オンワードセルフ,8,236.3,15,0.0,waku,Class,TIME,last3F,15,ave3F,44.7,50.1,0
アウトパフォーム,9,5,2,0.0,waku,Class,TIME,last3F,15,ave3F,48.5,44.6,0
トップヴィヴィット,10,5.7,3,0.0,waku,Class,TIME,last3F,15,ave3F,39,42.4,0
ネオトゥルー,11,170.8,14,0.0,waku,Class,TIME,last3F,15,ave3F,46.2,44.2,0
タヤスゴールド,12,4.5,1,0.0,waku,Class,TIME,last3F,15,ave3F,40.5,38.5,0
クリノイコライザー,13,56.4,11,0.0,waku,Class,TIME,last3F,15,ave3F,44.6,39.8,0
プランセスカグヤ,14,15,7,0.0,waku,Class,TIME,last3F,15,ave3F,40.3,40.3,0
ロードミッドナイト,15,8.6,6,0.0,waku,Class,TIME,last3F,15,ave3F,39.2,38.5,0
