﻿name,no,odds,pop_rank,power_index,place,distance,surface,pace_type,field_size,class,prev_place,prev_rank,is_chiho
キレナイカ,1,7.1,5,0.0,waku,Class,TIME,last3F,8,ave3F,57.5,56.7,0
タマモロック,2,5.8,3,0.0,waku,Class,TIME,last3F,8,ave3F,51.4,50.8,0
メジェド,3,14.4,7,0.0,waku,Class,TIME,last3F,8,ave3F,51.7,53.2,0
エクロジャイト,4,19.8,8,0.0,waku,Class,TIME,last3F,8,ave3F,46.2,43.9,0
ジャスパーバローズ,5,10.3,6,0.0,waku,Class,TIME,last3F,8,ave3F,48.8,47.3,0
グランデスフィーダ,6,6.4,4,0.0,waku,Class,TIME,last3F,8,ave3F,47.3,49.9,0
メイクザビート,7,3.5,2,0.0,waku,Class,TIME,last3F,8,ave3F,47.9,46.8,0
プラーヴィ,8,3.4,1,0.0,waku,Class,TIME,last3F,8,ave3F,48.2,45.8,0
