﻿name,no,odds,pop_rank,power_index,place,distance,surface,pace_type,field_size,class,prev_place,prev_rank,is_chiho
サイモンソーラン,1,42.4,10,0.0,waku,Class,TIME,last3F,16,ave3F,48.1,45.0,0
エコロエース,2,114.7,12,0.0,waku,Class,TIME,last3F,16,ave3F,46.3,45.8,0
ブラックルパン,3,202.8,13,0.0,waku,Class,TIME,last3F,16,ave3F,44,47.8,0
リュウノブレイク,4,3.6,2,0.0,waku,Class,TIME,last3F,16,ave3F,48.7,45.7,0
アポロリヤム,5,6.8,4,0.0,waku,Class,TIME,last3F,16,ave3F,52.2,50.5,0
ノクターナリティ,6,23.3,8,0.0,waku,Class,TIME,last3F,16,ave3F,45.2,43.9,0
アイファーヴァンズ,7,439.5,15,0.0,waku,Class,TIME,last3F,16,ave3F,----,99.0,0
グロリアスヒーロー,8,28.7,9,0.0,waku,Class,TIME,last3F,16,ave3F,53.4,50.9,0
マスケティアーズ,9,204.2,14,0.0,waku,Class,TIME,last3F,16,ave3F,40.7,40.7,0
ヴォルケニック,10,10.6,5,0.0,waku,Class,TIME,last3F,16,ave3F,41.8,36.4,0
ネオヒューズ,11,18.9,7,0.0,waku,Class,TIME,last3F,16,ave3F,52.9,51.9,0
クリノアンカーマン,12,630.8,16,0.0,waku,Class,TIME,last3F,16,ave3F,52.9,51.5,0
ミヤコプレジール,13,56.4,11,0.0,waku,Class,TIME,last3F,16,ave3F,----,99.0,0
セイウンオードリー,14,12.6,6,0.0,waku,Class,TIME,last3F,16,ave3F,50.5,52.2,0
グリュースゴット,15,3.6,1,0.0,waku,Class,TIME,last3F,16,ave3F,53.5,52.0,0
コンクエスト,16,5.3,3,0.0,waku,Class,TIME,last3F,16,ave3F,46.2,52.0,0
