﻿name,no,odds,pop_rank,power_index,place,distance,surface,pace_type,field_size,class,prev_place,prev_rank,is_chiho
ヴォーグマチネ,1,102.6,12,0.0,waku,Class,TIME,last3F,16,ave3F,45,46.1,0
カフェカルマ,2,8.6,5,0.0,waku,Class,TIME,last3F,16,ave3F,40.8,43.4,0
サクラロワ,3,77.9,11,0.0,waku,Class,TIME,last3F,16,ave3F,42,46.1,0
タイガ,4,56.4,9,0.0,waku,Class,TIME,last3F,16,ave3F,44,45.6,0
デルマタモン,5,24.9,7,0.0,waku,Class,TIME,last3F,16,ave3F,49.3,47.2,0
ロイヤルダンス,6,3.1,1,0.0,waku,Class,TIME,last3F,16,ave3F,46.4,46.6,0
ベストフィーリング,7,3.7,2,0.0,waku,Class,TIME,last3F,16,ave3F,49.5,47.5,0
セルヴァン,8,104.8,13,0.0,waku,Class,TIME,last3F,16,ave3F,46.6,48.3,0
シンボリックレルム,9,137.4,15,0.0,waku,Class,TIME,last3F,16,ave3F,54.7,56.3,0
ネイチャーセラピー,10,21.4,6,0.0,waku,Class,TIME,last3F,16,ave3F,47.3,45.8,0
チョコレートミルク,11,265,16,0.0,waku,Class,TIME,last3F,16,ave3F,44,47.6,0
サプライズビュー,12,7.3,4,0.0,waku,Class,TIME,last3F,16,ave3F,49.1,48.5,0
キボウノホシ,13,32.9,8,0.0,waku,Class,TIME,last3F,16,ave3F,53.3,53.0,0
サンマルソムニア,14,70.1,10,0.0,waku,Class,TIME,last3F,16,ave3F,49.2,49.1,0
ペイシャジュン,15,4.8,3,0.0,waku,Class,TIME,last3F,16,ave3F,51.1,49.7,0
セザンテイオー,16,119.2,14,0.0,waku,Class,TIME,last3F,16,ave3F,43.5,43.6,0
