﻿name,no,odds,pop_rank,power_index,place,distance,surface,pace_type,field_size,class,prev_place,prev_rank,is_chiho
ホウオウバリスタ,1,6.7,3,0.0,waku,Class,TIME,last3F,16,ave3F,48.6,45.4,0
ジャスパーグレイト,2,4,2,0.0,waku,Class,TIME,last3F,16,ave3F,48.8,48.4,0
ブーケドフルール,3,390.8,15,0.0,waku,Class,TIME,last3F,16,ave3F,47.5,49.2,0
プロース,4,532.8,16,0.0,waku,Class,TIME,last3F,16,ave3F,----,99.0,0
エターナルボンド,5,162.8,14,0.0,waku,Class,TIME,last3F,16,ave3F,----,99.0,0
クールファイブ,6,46.3,10,0.0,waku,Class,TIME,last3F,16,ave3F,51.2,50.2,0
アイスシェルフ,7,122.3,12,0.0,waku,Class,TIME,last3F,16,ave3F,48.2,44.8,0
シンヨモギネス,8,8.3,4,0.0,waku,Class,TIME,last3F,16,ave3F,46.6,44.4,0
カランセ,9,87.8,11,0.0,waku,Class,TIME,last3F,16,ave3F,49.7,48.6,0
ヒミノフラッシュ,10,10.3,5,0.0,waku,Class,TIME,last3F,16,ave3F,47,45.5,0
ウォーロード,11,21.2,8,0.0,waku,Class,TIME,last3F,16,ave3F,46.4,45.9,0
キングサーガ,12,2.6,1,0.0,waku,Class,TIME,last3F,16,ave3F,51.4,50.0,0
パワーブローキング,13,14.5,6,0.0,waku,Class,TIME,last3F,16,ave3F,48,48.3,0
ショウサンキズナ,14,16.8,7,0.0,waku,Class,TIME,last3F,16,ave3F,50.5,49.4,0
リヴェット,15,129.4,13,0.0,waku,Class,TIME,last3F,16,ave3F,51.1,51.1,0
ルーパステソーロ,16,30.9,9,0.0,waku,Class,TIME,last3F,16,ave3F,49.1,51.4,0
