﻿name,no,odds,pop_rank,power_index,place,distance,surface,pace_type,field_size,class,prev_place,prev_rank,is_chiho
ハコダテブショウ,1,2.6,1,0.0,waku,Class,TIME,last3F,11,ave3F,43.2,43.2,0
サイクロトロン,2,42.6,9,0.0,waku,Class,TIME,last3F,11,ave3F,44.1,42.1,0
アティード,3,4.8,2,0.0,waku,Class,TIME,last3F,11,ave3F,----,40.9,0
クインズメリッサ,4,5.1,3,0.0,waku,Class,TIME,last3F,11,ave3F,46.3,43.0,0
ベイビーボス,5,12.1,6,0.0,waku,Class,TIME,last3F,11,ave3F,41.3,37.7,0
スナークダヴィンチ,6,9.2,5,0.0,waku,Class,TIME,last3F,11,ave3F,48.3,45.5,0
スペクタクル,7,24.2,8,0.0,waku,Class,TIME,last3F,11,ave3F,42.8,41.4,0
スピリットワンベル,8,117.6,10,0.0,waku,Class,TIME,last3F,11,ave3F,42.1,42.8,0
ドウドウキリシマ,9,261,11,0.0,waku,Class,TIME,last3F,11,ave3F,44.3,47.3,0
カイアワセ,10,18.9,7,0.0,waku,Class,TIME,last3F,11,ave3F,38.1,42.6,0
アヌラーダプラ,11,6.8,4,0.0,waku,Class,TIME,last3F,11,ave3F,47.3,50.3,0
