﻿name,no,odds,pop_rank,power_index,place,distance,surface,pace_type,field_size,class,prev_place,prev_rank,is_chiho
ジャズブルース,1,4,2,0.0,waku,Class,TIME,last3F,14,ave3F,51.6,50.0,0
ハギノアトラス,2,56.6,12,0.0,waku,Class,TIME,last3F,14,ave3F,----,45.5,0
ダンツキャッスル,3,104.9,13,0.0,waku,Class,TIME,last3F,14,ave3F,52.1,51.2,0
プリマジア,4,170.4,14,0.0,waku,Class,TIME,last3F,14,ave3F,49.6,48.3,0
ダノンファスト,5,15.4,7,0.0,waku,Class,TIME,last3F,14,ave3F,55,50.6,0
ファシネートゼット,6,49.2,10,0.0,waku,Class,TIME,last3F,14,ave3F,53.1,45.8,0
ブリッツファング,7,4.4,3,0.0,waku,Class,TIME,last3F,14,ave3F,----,99.0,0
クリノフラッシュ,8,50.5,11,0.0,waku,Class,TIME,last3F,14,ave3F,48.6,47.3,0
ロッシュローブ,9,11.9,5,0.0,waku,Class,TIME,last3F,14,ave3F,47.6,48.4,0
アラジンバローズ,10,3.7,1,0.0,waku,Class,TIME,last3F,14,ave3F,47.3,46.5,0
ディパッセ,11,17.5,8,0.0,waku,Class,TIME,last3F,14,ave3F,48.7,48.7,0
ミステリオーソ,12,8.3,4,0.0,waku,Class,TIME,last3F,14,ave3F,53.1,51.8,0
メイショウダジン,13,29.5,9,0.0,waku,Class,TIME,last3F,14,ave3F,52.5,53.7,0
ソリタリオ,14,12.9,6,0.0,waku,Class,TIME,last3F,14,ave3F,59.3,57.9,0
