﻿name,no,odds,pop_rank,power_index,place,distance,surface,pace_type,field_size,class,prev_place,prev_rank,is_chiho
タマモモンレーブ,1,57.4,7,0.0,waku,Class,TIME,last3F,9,ave3F,47,50.2,0
マサカウマザンマイ,2,137.9,9,0.0,waku,Class,TIME,last3F,9,ave3F,39.7,43.2,0
テーオーサンドニ,3,2,1,0.0,waku,Class,TIME,last3F,9,ave3F,42.1,42.4,0
マルブツプライド,4,13.5,5,0.0,waku,Class,TIME,last3F,9,ave3F,46.1,47.2,0
ランスオブウェイブ,5,61.4,8,0.0,waku,Class,TIME,last3F,9,ave3F,43.3,47.4,0
ヒロシクン,6,34.9,6,0.0,waku,Class,TIME,last3F,9,ave3F,47.4,53.3,0
デュアルレインボー,7,7,4,0.0,waku,Class,TIME,last3F,9,ave3F,47.8,48.3,0
キングロコマイカイ,8,3.4,2,0.0,waku,Class,TIME,last3F,9,ave3F,49.9,49.7,0
デルマグレムリン,9,5.3,3,0.0,waku,Class,TIME,last3F,9,ave3F,50.4,45.7,0
