﻿name,no,odds,pop_rank,power_index,place,distance,surface,pace_type,field_size,class,prev_place,prev_rank,is_chiho
タフトテソーロ,1,9.1,4,0.0,waku,Class,TIME,last3F,14,ave3F,53.5,47.4,0
ビヨンドザリミット,2,87.2,12,0.0,waku,Class,TIME,last3F,14,ave3F,50.4,49.4,0
イヴニングスター,3,4.2,2,0.0,waku,Class,TIME,last3F,14,ave3F,58.4,57.1,0
ヴァンデスプワール,4,33.1,9,0.0,waku,Class,TIME,last3F,14,ave3F,----,99.0,0
イルチルコ,5,2.8,1,0.0,waku,Class,TIME,last3F,14,ave3F,54.9,53.3,0
エバーハンティング,6,23.5,8,0.0,waku,Class,TIME,last3F,14,ave3F,51,53.5,0
ゾロ,7,139.2,13,0.0,waku,Class,TIME,last3F,14,ave3F,55,52.5,0
ザスリーサーティ,8,16.4,7,0.0,waku,Class,TIME,last3F,14,ave3F,60.3,58.2,0
リニュー,9,10.3,5,0.0,waku,Class,TIME,last3F,14,ave3F,52.9,51.5,0
クロステック,10,265.2,14,0.0,waku,Class,TIME,last3F,14,ave3F,45.9,46.3,0
ボンベール,11,10.5,6,0.0,waku,Class,TIME,last3F,14,ave3F,52.5,51.4,0
ハイエスティーム,12,38.8,10,0.0,waku,Class,TIME,last3F,14,ave3F,54.3,57.1,0
ゴーシェナイト,13,6.3,3,0.0,waku,Class,TIME,last3F,14,ave3F,49.3,50.6,0
タイセイアーサー,14,45.2,11,0.0,waku,Class,TIME,last3F,14,ave3F,53.6,52.8,0
