﻿name,no,odds,pop_rank,power_index,place,distance,surface,pace_type,field_size,class,prev_place,prev_rank,is_chiho
テイエムシップ,1,16,7,0.0,waku,Class,TIME,last3F,16,ave3F,51.3,51.0,0
ブレイヴルーラー,2,208.1,16,0.0,waku,Class,TIME,last3F,16,ave3F,42.8,46.1,0
ブラックワンダー,3,108,14,0.0,waku,Class,TIME,last3F,16,ave3F,----,99.0,0
サノラキ,4,41.5,10,0.0,waku,Class,TIME,last3F,16,ave3F,46.8,48.2,0
バンクロール,5,36,9,0.0,waku,Class,TIME,last3F,16,ave3F,46.8,47.2,0
エルザストラウム,6,5.4,3,0.0,waku,Class,TIME,last3F,16,ave3F,42.9,43.8,0
ガラパゴス,7,3.5,1,0.0,waku,Class,TIME,last3F,16,ave3F,48.8,45.7,0
グローバルブラッド,8,6,4,0.0,waku,Class,TIME,last3F,16,ave3F,54.1,52.4,0
シルバーブレッド,9,15.3,6,0.0,waku,Class,TIME,last3F,16,ave3F,46.1,46.7,0
サトノスライヴ,10,7.5,5,0.0,waku,Class,TIME,last3F,16,ave3F,45.8,43.6,0
ディーエスボンバー,11,52.7,11,0.0,waku,Class,TIME,last3F,16,ave3F,44.2,47.2,0
エイシンティップス,12,23,8,0.0,waku,Class,TIME,last3F,16,ave3F,51.5,53.6,0
セイウンガレオン,13,66.8,13,0.0,waku,Class,TIME,last3F,16,ave3F,50.8,48.6,0
サトミノマロン,14,5.2,2,0.0,waku,Class,TIME,last3F,16,ave3F,45.7,44.1,0
ブールタング,15,63.4,12,0.0,waku,Class,TIME,last3F,16,ave3F,48.9,44.9,0
チャールストン,16,119.2,15,0.0,waku,Class,TIME,last3F,16,ave3F,----,99.0,0
