﻿name,no,odds,pop_rank,power_index,place,distance,surface,pace_type,field_size,class,prev_place,prev_rank,is_chiho
グッドリドゥンス,1,212.2,16,0.0,waku,Class,TIME,last3F,16,ave3F,58.2,61.0,0
リュードマン,2,48.3,9,0.0,waku,Class,TIME,last3F,16,ave3F,53.6,57.7,0
ダノンピーカブー,3,10,5,0.0,waku,Class,TIME,last3F,16,ave3F,53.2,53.0,0
フジマサインパクト,4,7.3,3,0.0,waku,Class,TIME,last3F,16,ave3F,50.5,48.6,0
ミエノナイスガイ,5,72.3,13,0.0,waku,Class,TIME,last3F,16,ave3F,47.9,46.6,0
トーセンマーク,6,12.7,6,0.0,waku,Class,TIME,last3F,16,ave3F,47.5,43.6,0
ヒミノフラッシュ,7,32.6,8,0.0,waku,Class,TIME,last3F,16,ave3F,46.8,45.1,0
ダノンハイファイブ,8,103.9,14,0.0,waku,Class,TIME,last3F,16,ave3F,49.2,48.4,0
ナムアミダブツ,9,7.5,4,0.0,waku,Class,TIME,last3F,16,ave3F,55,55.2,0
クールファイブ,10,68.5,11,0.0,waku,Class,TIME,last3F,16,ave3F,41.9,50.0,0
ハイエストエンド,11,30.9,7,0.0,waku,Class,TIME,last3F,16,ave3F,48.2,46.3,0
ナックイルシーブ,12,155.8,15,0.0,waku,Class,TIME,last3F,16,ave3F,57.7,57.9,0
トクシースタローン,13,2.5,1,0.0,waku,Class,TIME,last3F,16,ave3F,48.6,48.3,0
コバルトブルー,14,66.2,10,0.0,waku,Class,TIME,last3F,16,ave3F,52,50.4,0
ブルレスカ,15,71.8,12,0.0,waku,Class,TIME,last3F,16,ave3F,45.2,44.7,0
ジャスパーグレイト,16,3.9,2,0.0,waku,Class,TIME,last3F,16,ave3F,46.6,46.2,0
