﻿name,no,odds,pop_rank,power_index,place,distance,surface,pace_type,field_size,class,prev_place,prev_rank,is_chiho
ディオアステリア,1,14,6,0.0,waku,Class,TIME,last3F,17,ave3F,51.1,49.4,0
オラヴェリタス,2,4.3,2,0.0,waku,Class,TIME,last3F,17,ave3F,58.6,57.8,0
ダブルスナッチ,3,22.1,9,0.0,waku,Class,TIME,last3F,17,ave3F,49.4,46.1,0
ネイキッドハート,4,56.2,11,0.0,waku,Class,TIME,last3F,17,ave3F,46.9,45.2,0
ミッキーチャレンジ,5,2.8,1,0.0,waku,Class,TIME,last3F,17,ave3F,52,49.7,0
グレイトミッション,6,12.1,5,0.0,waku,Class,TIME,last3F,17,ave3F,50,44.5,0
クインズコスモス,7,45.5,10,0.0,waku,Class,TIME,last3F,17,ave3F,48.9,47.5,0
コスモサンレミ,8,72.7,12,0.0,waku,Class,TIME,last3F,17,ave3F,50.6,53.9,0
ハーディローズ,9,355.2,17,0.0,waku,Class,TIME,last3F,17,ave3F,49.8,47.9,0
ホウオウエンジェル,10,11.1,4,0.0,waku,Class,TIME,last3F,17,ave3F,45.8,46.8,0
ミミグッド,11,103.2,15,0.0,waku,Class,TIME,last3F,17,ave3F,----,99.0,0
ニホンピロポート,12,98.4,14,0.0,waku,Class,TIME,last3F,17,ave3F,45.1,46.3,0
ヨンウォニ,13,198.6,16,0.0,waku,Class,TIME,last3F,17,ave3F,56.3,53.1,0
ロードラスター,14,15.2,7,0.0,waku,Class,TIME,last3F,17,ave3F,51.5,47.4,0
アスクチャンプガイ,15,75.7,13,0.0,waku,Class,TIME,last3F,17,ave3F,48.4,45.1,0
バトルシャイニング,16,5.9,3,0.0,waku,Class,TIME,last3F,17,ave3F,33.5,45.6,0
アランヴェリテ,17,18.9,8,0.0,waku,Class,TIME,last3F,17,ave3F,52,54.4,0
