﻿name,no,odds,pop_rank,power_index,place,distance,surface,pace_type,field_size,class,prev_place,prev_rank,is_chiho
フェアエールング,1,77.1,8,0.0,waku,Class,TIME,last3F,8,ave3F,46.2,51.5,0
シャンドゥレール,2,5,3,0.0,waku,Class,TIME,last3F,8,ave3F,56.2,55.3,0
フェイト,3,7.5,5,0.0,waku,Class,TIME,last3F,8,ave3F,54.1,51.6,0
ベラジオオペラ,4,2.9,1,0.0,waku,Class,TIME,last3F,8,ave3F,----,99.0,0
トラマンダーレ,5,5.9,4,0.0,waku,Class,TIME,last3F,8,ave3F,----,99.0,0
マイレーヌ,6,14.2,6,0.0,waku,Class,TIME,last3F,8,ave3F,52.9,53.8,0
ジェイパームス,7,3.2,2,0.0,waku,Class,TIME,last3F,8,ave3F,61.3,61.3,0
ニシノプロポーズ,8,37.7,7,0.0,waku,Class,TIME,last3F,8,ave3F,58.2,55.6,0
