﻿name,no,odds,pop_rank,power_index,place,distance,surface,pace_type,field_size,class,prev_place,prev_rank,is_chiho
ワールドスケール,1,164.4,10,0.0,waku,Class,TIME,last3F,10,ave3F,58.4,57.1,0
タガノディアーナ,2,19.8,6,0.0,waku,Class,TIME,last3F,10,ave3F,63,54.3,0
トーホウディアス,3,12.6,5,0.0,waku,Class,TIME,last3F,10,ave3F,52.1,50.7,0
シルヴェリオ,4,12.3,4,0.0,waku,Class,TIME,last3F,10,ave3F,59.5,55.8,0
リトルクレバー,5,35.9,7,0.0,waku,Class,TIME,last3F,10,ave3F,47.8,45.5,0
ルージュスティリア,6,1.7,1,0.0,waku,Class,TIME,last3F,10,ave3F,57.6,55.6,0
ロックユー,7,70.9,9,0.0,waku,Class,TIME,last3F,10,ave3F,50.4,50.4,0
カワキタレブリー,8,3.6,2,0.0,waku,Class,TIME,last3F,10,ave3F,58.1,52.6,0
メモリーエフェクト,9,8.4,3,0.0,waku,Class,TIME,last3F,10,ave3F,58,57.3,0
マルカエイペックス,10,58.9,8,0.0,waku,Class,TIME,last3F,10,ave3F,53.5,53.8,0
