﻿name,no,odds,pop_rank,power_index,place,distance,surface,pace_type,field_size,class,prev_place,prev_rank,is_chiho
ニューフロンティア,1,13.3,6,0.0,waku,Class,TIME,last3F,15,ave3F,43.8,42.2,0
パワフルヒロコ,2,84.8,11,0.0,waku,Class,TIME,last3F,15,ave3F,40.7,42.6,0
プラチナムレイアー,3,47.6,10,0.0,waku,Class,TIME,last3F,15,ave3F,49.4,47.3,0
ノーリス,4,8.3,4,0.0,waku,Class,TIME,last3F,15,ave3F,53.8,54.2,0
ジオラマ,5,230.8,14,0.0,waku,Class,TIME,last3F,15,ave3F,46,44.0,0
キミワテル,6,4.4,2,0.0,waku,Class,TIME,last3F,15,ave3F,41,45.8,0
ケイサンフリーゼ,7,11.9,5,0.0,waku,Class,TIME,last3F,15,ave3F,38.5,38.5,0
アシタバ,8,14.5,7,0.0,waku,Class,TIME,last3F,15,ave3F,44.6,44.0,0
メズメライザー,9,3.2,1,0.0,waku,Class,TIME,last3F,15,ave3F,42.4,42.6,0
メイショウヒバリ,10,134.5,12,0.0,waku,Class,TIME,last3F,15,ave3F,40.8,38.9,0
ラヴケリー,11,5,3,0.0,waku,Class,TIME,last3F,15,ave3F,52.9,48.8,0
テイエムトッキュウ,12,17.1,9,0.0,waku,Class,TIME,last3F,15,ave3F,41.3,43.1,0
ヨドノビクトリー,13,372.4,15,0.0,waku,Class,TIME,last3F,15,ave3F,46,46.6,0
ナックドロップス,14,14.9,8,0.0,waku,Class,TIME,last3F,15,ave3F,38.4,39.1,0
エスケーアタランタ,15,175.9,13,0.0,waku,Class,TIME,last3F,15,ave3F,44,40.0,0
