﻿name,no,odds,pop_rank,power_index,place,distance,surface,pace_type,field_size,class,prev_place,prev_rank,is_chiho
レッドラマンシュ,1,3.1,1,0.0,waku,Class,TIME,last3F,16,ave3F,50.6,51.0,0
ダノンアーリー,2,8.7,4,0.0,waku,Class,TIME,last3F,16,ave3F,45.5,46.0,0
アファン,3,16.9,7,0.0,waku,Class,TIME,last3F,16,ave3F,45.1,41.7,0
チェンジザワールド,4,57.4,10,0.0,waku,Class,TIME,last3F,16,ave3F,47.3,51.5,0
ヴィゴラスダンサー,5,3.9,2,0.0,waku,Class,TIME,last3F,16,ave3F,40.2,38.0,0
ロードオルデン,6,5.3,3,0.0,waku,Class,TIME,last3F,16,ave3F,49.5,45.9,0
ウォータールグラン,7,9,5,0.0,waku,Class,TIME,last3F,16,ave3F,40.6,43.1,0
グッドグロウス,8,21,8,0.0,waku,Class,TIME,last3F,16,ave3F,48.7,42.6,0
ショウナンハクラク,9,14.4,6,0.0,waku,Class,TIME,last3F,16,ave3F,45.7,41.2,0
クラップアンドチア,10,99.3,12,0.0,waku,Class,TIME,last3F,16,ave3F,36.4,38.0,0
キクノクライフ,11,345.7,16,0.0,waku,Class,TIME,last3F,16,ave3F,38.3,42.9,0
マサカウマザンマイ,12,155.5,14,0.0,waku,Class,TIME,last3F,16,ave3F,44.5,44.1,0
ソウルユニバンス,13,68.8,11,0.0,waku,Class,TIME,last3F,16,ave3F,----,50.0,0
ライズンシャイン,14,129.1,13,0.0,waku,Class,TIME,last3F,16,ave3F,----,99.0,0
ランスオブウェイブ,15,209.7,15,0.0,waku,Class,TIME,last3F,16,ave3F,41,50.6,0
ウインバリオス,16,30.3,9,0.0,waku,Class,TIME,last3F,16,ave3F,44.1,40.7,0
