﻿name,no,odds,pop_rank,power_index,place,distance,surface,pace_type,field_size,class,prev_place,prev_rank,is_chiho
エムオーチロ,1,371.1,13,0.0,waku,Class,TIME,last3F,13,ave3F,53.4,51.7,0
エレガントムーン,2,12.9,6,0.0,waku,Class,TIME,last3F,13,ave3F,43,41.4,0
アスターチェンチ,3,20.5,8,0.0,waku,Class,TIME,last3F,13,ave3F,41.6,40.6,0
メイショウオトギ,4,5.6,3,0.0,waku,Class,TIME,last3F,13,ave3F,47,47.0,0
シナジーエフェクト,5,40.3,9,0.0,waku,Class,TIME,last3F,13,ave3F,42,44.0,0
エーティースピカ,6,44.1,10,0.0,waku,Class,TIME,last3F,13,ave3F,42.6,42.9,0
ニシキギミッチー,7,67.4,11,0.0,waku,Class,TIME,last3F,13,ave3F,44.4,43.4,0
ワイアウ,8,7.1,4,0.0,waku,Class,TIME,last3F,13,ave3F,54.4,54.4,0
タカネノハナコサン,9,2.5,1,0.0,waku,Class,TIME,last3F,13,ave3F,41.6,41.6,0
マルモリキング,10,20.3,7,0.0,waku,Class,TIME,last3F,13,ave3F,50.1,49.4,0
フォルティーナ,11,83.2,12,0.0,waku,Class,TIME,last3F,13,ave3F,46.6,45.3,0
コパノハンプトン,12,5,2,0.0,waku,Class,TIME,last3F,13,ave3F,44.2,44.0,0
インヒズアイズ,13,10.5,5,0.0,waku,Class,TIME,last3F,13,ave3F,45.7,45.7,0
