﻿name,no,odds,pop_rank,power_index,place,distance,surface,pace_type,field_size,class,prev_place,prev_rank,is_chiho
パルフェアンジュ,1,90.4,14,0.0,waku,Class,TIME,last3F,16,ave3F,43.5,43.4,0
プレイテシア,2,68.8,12,0.0,waku,Class,TIME,last3F,16,ave3F,----,99.0,0
ロックユアハート,3,6.3,4,0.0,waku,Class,TIME,last3F,16,ave3F,47.1,45.0,0
エリザベスミノル,4,12.3,5,0.0,waku,Class,TIME,last3F,16,ave3F,45.7,43.2,0
ティントリップ,5,4.8,3,0.0,waku,Class,TIME,last3F,16,ave3F,45.1,44.4,0
メルテッドハニー,6,87,13,0.0,waku,Class,TIME,last3F,16,ave3F,46,47.3,0
ルシャリーブル,7,12.6,6,0.0,waku,Class,TIME,last3F,16,ave3F,49.5,44.4,0
スマートプレジール,8,25.4,8,0.0,waku,Class,TIME,last3F,16,ave3F,42.6,41.9,0
ルージュシェノン,9,4.3,2,0.0,waku,Class,TIME,last3F,16,ave3F,44.8,44.8,0
スマイルバック,10,15.5,7,0.0,waku,Class,TIME,last3F,16,ave3F,45.9,45.0,0
ヤマイチエスポ,11,67,11,0.0,waku,Class,TIME,last3F,16,ave3F,47.2,47.7,0
アドゥール,12,180.1,15,0.0,waku,Class,TIME,last3F,16,ave3F,48.3,46.4,0
カグラマツリウタ,13,42.1,9,0.0,waku,Class,TIME,last3F,16,ave3F,42.5,46.9,0
グランデレジーナ,14,52,10,0.0,waku,Class,TIME,last3F,16,ave3F,41.1,49.0,0
ビーストアタック,15,3.4,1,0.0,waku,Class,TIME,last3F,16,ave3F,41.9,45.1,0
アザル,16,256.7,16,0.0,waku,Class,TIME,last3F,16,ave3F,44.7,40.7,0
