﻿name,no,odds,pop_rank,power_index,place,distance,surface,pace_type,field_size,class,prev_place,prev_rank,is_chiho
ダディーズトリップ,1,13.1,5,0.0,waku,Class,TIME,last3F,8,ave3F,61.2,61.0,0
ナオミラフィネ,2,91.4,8,0.0,waku,Class,TIME,last3F,8,ave3F,52.5,55.2,0
タイセイコマンド,3,31.3,7,0.0,waku,Class,TIME,last3F,8,ave3F,54,54.8,0
ウン,4,25.2,6,0.0,waku,Class,TIME,last3F,8,ave3F,----,99.0,0
ジャスティンヴェル,5,4.5,2,0.0,waku,Class,TIME,last3F,8,ave3F,53.6,55.2,0
サイモンメガライズ,6,9.1,3,0.0,waku,Class,TIME,last3F,8,ave3F,51,48.0,0
シェルビーズアイ,7,1.4,1,0.0,waku,Class,TIME,last3F,8,ave3F,57.4,56.5,0
シンシアリダーリン,8,10.8,4,0.0,waku,Class,TIME,last3F,8,ave3F,57.1,58.6,0
