﻿name,no,odds,pop_rank,power_index,place,distance,surface,pace_type,field_size,class,prev_place,prev_rank,is_chiho
ユキヤナギ,1,117.5,12,0.0,waku,Class,TIME,last3F,12,ave3F,49.7,46.1,0
ビップシュプリーム,2,20.4,8,0.0,waku,Class,TIME,last3F,12,ave3F,----,56.5,0
テセウス,3,42.6,11,0.0,waku,Class,TIME,last3F,12,ave3F,54.4,51.0,0
ラナキラ,4,6.2,3,0.0,waku,Class,TIME,last3F,12,ave3F,54.6,50.8,0
テンジュイン,5,14.3,6,0.0,waku,Class,TIME,last3F,12,ave3F,54.1,51.0,0
ショウナンナウシカ,6,23.3,9,0.0,waku,Class,TIME,last3F,12,ave3F,50.6,47.4,0
クランシリーニー,7,7.8,4,0.0,waku,Class,TIME,last3F,12,ave3F,53.2,50.8,0
ロックユアハート,8,24.1,10,0.0,waku,Class,TIME,last3F,12,ave3F,46,46.0,0
ナバロン,9,4.2,2,0.0,waku,Class,TIME,last3F,12,ave3F,44.1,45.8,0
ショウナンアメリア,10,14.9,7,0.0,waku,Class,TIME,last3F,12,ave3F,49.2,44.7,0
ダレモトメラレナイ,11,2.8,1,0.0,waku,Class,TIME,last3F,12,ave3F,45.8,46.1,0
サミュエル,12,13.9,5,0.0,waku,Class,TIME,last3F,12,ave3F,39.6,42.7,0
