﻿name,no,odds,pop_rank,power_index,place,distance,surface,pace_type,field_size,class,prev_place,prev_rank,is_chiho
クレア,1,2.6,1,0.0,waku,Class,TIME,last3F,16,ave3F,48.3,47.7,0
オカリナ,2,25.5,10,0.0,waku,Class,TIME,last3F,16,ave3F,46.3,43.0,0
グラウクス,3,164.9,16,0.0,waku,Class,TIME,last3F,16,ave3F,45.3,45.8,0
イルデレーヴ,4,36.2,12,0.0,waku,Class,TIME,last3F,16,ave3F,48.7,50.6,0
アタカンテ,5,28.3,11,0.0,waku,Class,TIME,last3F,16,ave3F,41.8,40.7,0
ウーゴ,6,24.9,9,0.0,waku,Class,TIME,last3F,16,ave3F,45.6,41.6,0
タイセイグラシア,7,89.9,14,0.0,waku,Class,TIME,last3F,16,ave3F,37.8,41.7,0
カネコメシスター,8,17.6,7,0.0,waku,Class,TIME,last3F,16,ave3F,52.5,44.0,0
ポメラート,9,13.4,5,0.0,waku,Class,TIME,last3F,16,ave3F,43.3,44.0,0
ペプチドサンライズ,10,13.9,6,0.0,waku,Class,TIME,last3F,16,ave3F,47.3,42.8,0
コウバコ,11,117.3,15,0.0,waku,Class,TIME,last3F,16,ave3F,47.6,44.0,0
メイショウヒヅクリ,12,7.6,3,0.0,waku,Class,TIME,last3F,16,ave3F,46.2,46.2,0
ケルンコンサート,13,10.2,4,0.0,waku,Class,TIME,last3F,16,ave3F,48.5,48.6,0
タイセイブレイズ,14,4.8,2,0.0,waku,Class,TIME,last3F,16,ave3F,47.4,46.2,0
サウンドサンビーム,15,18.2,8,0.0,waku,Class,TIME,last3F,16,ave3F,49.4,42.2,0
コウイチ,16,54.5,13,0.0,waku,Class,TIME,last3F,16,ave3F,45.7,44.0,0
