﻿name,no,odds,pop_rank,power_index,place,distance,surface,pace_type,field_size,class,prev_place,prev_rank,is_chiho
フィンガークリック,1,27.9,8,0.0,waku,Class,TIME,last3F,13,ave3F,53.2,53.0,0
フルメタルボディー,2,13.9,5,0.0,waku,Class,TIME,last3F,13,ave3F,----,50.3,0
アスクメークシェア,3,28.9,9,0.0,waku,Class,TIME,last3F,13,ave3F,56.1,53.9,0
トーセントラム,4,111.4,13,0.0,waku,Class,TIME,last3F,13,ave3F,56.5,53.5,0
ドンデンガエシ,5,6.8,3,0.0,waku,Class,TIME,last3F,13,ave3F,56.6,56.6,0
マイネルフォルツァ,6,107.7,12,0.0,waku,Class,TIME,last3F,13,ave3F,51.2,51.0,0
オメガリッチマン,7,20.9,7,0.0,waku,Class,TIME,last3F,13,ave3F,57.9,56.2,0
グローリーカフェ,8,81.1,11,0.0,waku,Class,TIME,last3F,13,ave3F,48.6,41.4,0
ナイトオブバンド,9,71.2,10,0.0,waku,Class,TIME,last3F,13,ave3F,----,99.0,0
ノッキングポイント,10,2.1,1,0.0,waku,Class,TIME,last3F,13,ave3F,62.2,59.7,0
ニシノライコウ,11,13.1,4,0.0,waku,Class,TIME,last3F,13,ave3F,52.4,54.0,0
サトノヴィレ,12,19.9,6,0.0,waku,Class,TIME,last3F,13,ave3F,59.4,55.3,0
クルゼイロドスル,13,3.5,2,0.0,waku,Class,TIME,last3F,13,ave3F,56,52.6,0
