﻿name,no,odds,pop_rank,power_index,place,distance,surface,pace_type,field_size,class,prev_place,prev_rank,is_chiho
エヴィダンシア,1,15.6,9,0.0,waku,Class,TIME,last3F,16,ave3F,42,46.1,0
レヴォリオ,2,10.2,4,0.0,waku,Class,TIME,last3F,16,ave3F,52.2,56.3,0
アールチャレンジ,3,11,6,0.0,waku,Class,TIME,last3F,16,ave3F,55.1,54.8,0
ウインアステロイド,4,61.6,15,0.0,waku,Class,TIME,last3F,16,ave3F,53.6,55.4,0
ロードラプソディ,5,73.4,16,0.0,waku,Class,TIME,last3F,16,ave3F,51.1,54.7,0
サルサロッサ,6,22.4,11,0.0,waku,Class,TIME,last3F,16,ave3F,49.3,50.0,0
オメガデラックス,7,4.9,1,0.0,waku,Class,TIME,last3F,16,ave3F,53.8,54.4,0
マイネルパリオート,8,11.7,7,0.0,waku,Class,TIME,last3F,16,ave3F,52.4,50.0,0
マカンマカン,9,15.1,8,0.0,waku,Class,TIME,last3F,16,ave3F,48.7,44.0,0
タケトンボ,10,16.8,10,0.0,waku,Class,TIME,last3F,16,ave3F,46.8,47.5,0
ジャスティンエース,11,10.4,5,0.0,waku,Class,TIME,last3F,16,ave3F,52.5,51.3,0
バルタザール,12,6.2,3,0.0,waku,Class,TIME,last3F,16,ave3F,46.8,46.0,0
アドマイヤハイジ,13,35.2,12,0.0,waku,Class,TIME,last3F,16,ave3F,54.8,54.2,0
エクラノーブル,14,42.5,13,0.0,waku,Class,TIME,last3F,16,ave3F,47.4,48.5,0
ヒルノアントラ,15,52.6,14,0.0,waku,Class,TIME,last3F,16,ave3F,49.6,51.2,0
クラシックステップ,16,5.4,2,0.0,waku,Class,TIME,last3F,16,ave3F,51.1,48.2,0
