﻿name,no,odds,pop_rank,power_index,place,distance,surface,pace_type,field_size,class,prev_place,prev_rank,is_chiho
コンクシェル,1,45.5,7,0.0,waku,Class,TIME,last3F,9,ave3F,64.1,63.4,0
スマラグドス,2,11.3,4,0.0,waku,Class,TIME,last3F,9,ave3F,62.2,61.4,0
フリームファクシ,3,1.4,1,0.0,waku,Class,TIME,last3F,9,ave3F,59.5,59.8,0
ノーブルライジング,4,38.8,6,0.0,waku,Class,TIME,last3F,9,ave3F,55.4,59.5,0
トンジンチ,5,5.4,3,0.0,waku,Class,TIME,last3F,9,ave3F,----,99.0,0
シェイクユアハート,6,22.8,5,0.0,waku,Class,TIME,last3F,9,ave3F,55.2,57.7,0
マルカシャルマン,7,84.5,9,0.0,waku,Class,TIME,last3F,9,ave3F,58.8,57.4,0
マイネルカーライル,8,79.5,8,0.0,waku,Class,TIME,last3F,9,ave3F,59.1,59.1,0
ダノントルネード,9,5.2,2,0.0,waku,Class,TIME,last3F,9,ave3F,70.7,70.2,0
