﻿name,no,odds,pop_rank,power_index,place,distance,surface,pace_type,field_size,class,prev_place,prev_rank,is_chiho
ベレヌス,1,20.3,8,0.0,waku,Class,TIME,last3F,16,ave3F,53.1,53.3,0
プレサージュリフト,2,5.2,2,0.0,waku,Class,TIME,last3F,16,ave3F,56.3,54.5,0
ピースワンパラディ,3,5.9,3,0.0,waku,Class,TIME,last3F,16,ave3F,59.3,59.6,0
アルサトワ,4,14.1,7,0.0,waku,Class,TIME,last3F,16,ave3F,54.8,54.8,0
エアロロノア,5,5.9,4,0.0,waku,Class,TIME,last3F,16,ave3F,53.2,51.4,0
タイムトゥヘヴン,6,23.3,9,0.0,waku,Class,TIME,last3F,16,ave3F,55.5,51.4,0
イルーシヴパンサー,7,7.4,5,0.0,waku,Class,TIME,last3F,16,ave3F,60.2,54.8,0
ヴィクティファルス,8,51.2,11,0.0,waku,Class,TIME,last3F,16,ave3F,57.1,57.9,0
ダイワキャグニー,9,55.1,12,0.0,waku,Class,TIME,last3F,16,ave3F,44.8,46.4,0
マテンロウオリオン,10,4.4,1,0.0,waku,Class,TIME,last3F,16,ave3F,54.8,48.0,0
エントシャイデン,11,79.6,13,0.0,waku,Class,TIME,last3F,16,ave3F,----,99.0,0
シュリ,12,36.7,10,0.0,waku,Class,TIME,last3F,16,ave3F,59.3,59.6,0
オニャンコポン,13,10.4,6,0.0,waku,Class,TIME,last3F,16,ave3F,50.9,52.5,0
カイザーミノル,14,105.2,15,0.0,waku,Class,TIME,last3F,16,ave3F,52.3,51.8,0
シャーレイポピー,15,117.8,16,0.0,waku,Class,TIME,last3F,16,ave3F,55.7,53.3,0
ミッキーブリランテ,16,102.9,14,0.0,waku,Class,TIME,last3F,16,ave3F,44.1,48.0,0
