﻿name,no,odds,pop_rank,power_index,place,distance,surface,pace_type,field_size,class,prev_place,prev_rank,is_chiho
サルビア,1,4.6,3,0.0,waku,Class,TIME,last3F,12,ave3F,46.7,42.9,0
テーオーメアリー,2,61.7,9,0.0,waku,Class,TIME,last3F,12,ave3F,50,44.1,0
ハーツラプソディ,3,4.2,2,0.0,waku,Class,TIME,last3F,12,ave3F,53.3,52.5,0
テリーヌ,4,144.9,12,0.0,waku,Class,TIME,last3F,12,ave3F,48.6,48.6,0
アイアンムスメ,5,136.1,11,0.0,waku,Class,TIME,last3F,12,ave3F,54.4,49.1,0
リトス,6,15.9,6,0.0,waku,Class,TIME,last3F,12,ave3F,49.1,47.4,0
ヒルノローザンヌ,7,2.9,1,0.0,waku,Class,TIME,last3F,12,ave3F,56.3,51.2,0
ソールズベリー,8,71.7,10,0.0,waku,Class,TIME,last3F,12,ave3F,39.3,39.3,0
ラクスバラディー,9,5,4,0.0,waku,Class,TIME,last3F,12,ave3F,43.4,44.8,0
スズカフェラリー,10,31.7,7,0.0,waku,Class,TIME,last3F,12,ave3F,54.8,46.2,0
エコロデイジー,11,9.9,5,0.0,waku,Class,TIME,last3F,12,ave3F,50.9,46.6,0
ミズリーナ,12,49.6,8,0.0,waku,Class,TIME,last3F,12,ave3F,43.1,52.1,0
