﻿name,no,odds,pop_rank,power_index,place,distance,surface,pace_type,field_size,class,prev_place,prev_rank,is_chiho
プリティユニバンス,1,16.3,5,0.0,waku,Class,TIME,last3F,13,ave3F,55.4,50.0,0
ソヨギ,2,267.9,11,0.0,waku,Class,TIME,last3F,13,ave3F,39.4,39.2,0
クリノエルサ,3,293.4,12,0.0,waku,Class,TIME,last3F,13,ave3F,53.4,54.7,0
キヨラ,4,26.7,8,0.0,waku,Class,TIME,last3F,13,ave3F,50.6,51.1,0
ホウオウプリンセス,5,13,4,0.0,waku,Class,TIME,last3F,13,ave3F,50.7,45.9,0
シーズアクイーン,6,296.7,13,0.0,waku,Class,TIME,last3F,13,ave3F,41.1,42.7,0
ミナモトフェイス,7,16.9,7,0.0,waku,Class,TIME,last3F,13,ave3F,51.3,52.5,0
ダノンソフィア,8,1.9,1,0.0,waku,Class,TIME,last3F,13,ave3F,46.7,46.9,0
ヴァンデスト,9,158.7,10,0.0,waku,Class,TIME,last3F,13,ave3F,----,99.0,0
シロン,10,47,9,0.0,waku,Class,TIME,last3F,13,ave3F,41.4,47.9,0
アエリーゾ,11,8.5,3,0.0,waku,Class,TIME,last3F,13,ave3F,42,41.4,0
サトノゼノビア,12,16.5,6,0.0,waku,Class,TIME,last3F,13,ave3F,51.4,49.0,0
フォレスタ,13,3.6,2,0.0,waku,Class,TIME,last3F,13,ave3F,52.1,45.4,0
