﻿name,no,odds,pop_rank,power_index,place,distance,surface,pace_type,field_size,class,prev_place,prev_rank,is_chiho
モンストルシチー,1,163.1,17,0.0,waku,Class,TIME,last3F,18,ave3F,32.2,49.8,0
スウィートメリナ,2,328.2,18,0.0,waku,Class,TIME,last3F,18,ave3F,47.5,45.8,0
リヴォリ,3,3.5,1,0.0,waku,Class,TIME,last3F,18,ave3F,47.7,45.8,0
スカイトレイル,4,63.5,13,0.0,waku,Class,TIME,last3F,18,ave3F,46.6,44.9,0
アドマイヤラヴィ,5,7.2,3,0.0,waku,Class,TIME,last3F,18,ave3F,50.3,47.4,0
ダノンカオス,6,11.1,5,0.0,waku,Class,TIME,last3F,18,ave3F,54.1,49.4,0
ソニックムーヴ,7,16.4,7,0.0,waku,Class,TIME,last3F,18,ave3F,41.5,40.7,0
ファタリテ,8,126.4,16,0.0,waku,Class,TIME,last3F,18,ave3F,50.6,44.9,0
ニホンピロポート,9,65.6,14,0.0,waku,Class,TIME,last3F,18,ave3F,51.7,49.1,0
ピンクセイラー,10,49.7,11,0.0,waku,Class,TIME,last3F,18,ave3F,39.5,43.8,0
タツオウカケンラン,11,36.4,9,0.0,waku,Class,TIME,last3F,18,ave3F,48.2,53.2,0
テンジュイン,12,69,15,0.0,waku,Class,TIME,last3F,18,ave3F,43.4,44.4,0
ユキヤナギ,13,19.1,8,0.0,waku,Class,TIME,last3F,18,ave3F,46.9,45.8,0
ウインアステロイド,14,46.4,10,0.0,waku,Class,TIME,last3F,18,ave3F,51.7,52.1,0
トーホウジュナール,15,3.5,2,0.0,waku,Class,TIME,last3F,18,ave3F,50,49.4,0
コルカノン,16,15.5,6,0.0,waku,Class,TIME,last3F,18,ave3F,54.7,51.5,0
トーホウデュラン,17,7.6,4,0.0,waku,Class,TIME,last3F,18,ave3F,55.7,51.5,0
ウインドラブリーナ,18,50.9,12,0.0,waku,Class,TIME,last3F,18,ave3F,----,48.6,0
