﻿name,no,odds,pop_rank,power_index,place,distance,surface,pace_type,field_size,class,prev_place,prev_rank,is_chiho
ワンダーキサラ,1,33.9,8,0.0,waku,Class,TIME,last3F,11,ave3F,46.9,46.4,0
スターズプレミア,2,60.3,9,0.0,waku,Class,TIME,last3F,11,ave3F,42,41.7,0
タイゲン,3,8.7,4,0.0,waku,Class,TIME,last3F,11,ave3F,55.6,54.1,0
シゲルローズマリー,4,62.9,10,0.0,waku,Class,TIME,last3F,11,ave3F,58.4,42.3,0
ヤマニンルリュール,5,18.6,6,0.0,waku,Class,TIME,last3F,11,ave3F,52.2,53.4,0
サトノルフィアン,6,23.8,7,0.0,waku,Class,TIME,last3F,11,ave3F,54.1,54.8,0
ヒルノショパン,7,12.3,5,0.0,waku,Class,TIME,last3F,11,ave3F,55.3,54.1,0
ショウナンアデイブ,8,8.3,3,0.0,waku,Class,TIME,last3F,11,ave3F,56.3,54.1,0
パワータイショウ,9,340.5,11,0.0,waku,Class,TIME,last3F,11,ave3F,51.9,53.9,0
スーサンアッシャー,10,3.3,2,0.0,waku,Class,TIME,last3F,11,ave3F,56.4,49.8,0
トゥードジボン,11,2,1,0.0,waku,Class,TIME,last3F,11,ave3F,53.2,52.6,0
