﻿name,no,odds,pop_rank,power_index,place,distance,surface,pace_type,field_size,class,prev_place,prev_rank,is_chiho
サニーサフラン,1,15.4,5,0.0,waku,Class,TIME,last3F,11,ave3F,----,99.0,0
テンコマンドゥール,2,40.5,7,0.0,waku,Class,TIME,last3F,11,ave3F,39,41.3,0
スクーバー,3,1.5,1,0.0,waku,Class,TIME,last3F,11,ave3F,45.9,42.5,0
ニフェーデービル,4,12.3,4,0.0,waku,Class,TIME,last3F,11,ave3F,42.5,42.5,0
マジックタッチ,5,52.8,8,0.0,waku,Class,TIME,last3F,11,ave3F,39.1,39.1,0
インザストーン,6,4.7,2,0.0,waku,Class,TIME,last3F,11,ave3F,46.8,47.5,0
ビルカール,7,163.5,11,0.0,waku,Class,TIME,last3F,11,ave3F,42,41.5,0
ミルトハンター,8,7.6,3,0.0,waku,Class,TIME,last3F,11,ave3F,45,45.2,0
セイウンダマシイ,9,115,10,0.0,waku,Class,TIME,last3F,11,ave3F,40.3,39.8,0
トロピカルヒーロー,10,22.2,6,0.0,waku,Class,TIME,last3F,11,ave3F,45.9,40.6,0
ノーブルヴィクター,11,70.5,9,0.0,waku,Class,TIME,last3F,11,ave3F,46.5,46.4,0
