﻿name,no,odds,pop_rank,power_index,place,distance,surface,pace_type,field_size,class,prev_place,prev_rank,is_chiho
タガノスペルノヴァ,1,83.8,15,0.0,waku,Class,TIME,last3F,18,ave3F,52.9,45.2,0
マイネルチューダ,2,58.1,13,0.0,waku,Class,TIME,last3F,18,ave3F,44.8,42.0,0
パルフェアンジュ,3,338.2,18,0.0,waku,Class,TIME,last3F,18,ave3F,49.7,42.6,0
タマモテラコッタ,4,49.8,12,0.0,waku,Class,TIME,last3F,18,ave3F,----,99.0,0
ジョーブリッランテ,5,18.9,9,0.0,waku,Class,TIME,last3F,18,ave3F,52.8,51.0,0
タイセイブリリオ,6,5.8,2,0.0,waku,Class,TIME,last3F,18,ave3F,39.4,41.3,0
スクリーンショット,7,9.5,4,0.0,waku,Class,TIME,last3F,18,ave3F,43.7,46.3,0
ニューノーマル,8,47.3,11,0.0,waku,Class,TIME,last3F,18,ave3F,47.3,47.9,0
ショウナンナウシカ,9,143,17,0.0,waku,Class,TIME,last3F,18,ave3F,49.2,45.5,0
ミッキーチャレンジ,10,3.1,1,0.0,waku,Class,TIME,last3F,18,ave3F,48.3,46.8,0
ビップシュプリーム,11,6.6,3,0.0,waku,Class,TIME,last3F,18,ave3F,44.9,47.8,0
ウナギノボリ,12,16.8,8,0.0,waku,Class,TIME,last3F,18,ave3F,59.2,60.7,0
ヤマニンアンフィル,13,10.3,5,0.0,waku,Class,TIME,last3F,18,ave3F,47.8,49.8,0
エヴァジョーネ,14,91.9,16,0.0,waku,Class,TIME,last3F,18,ave3F,41.1,44.3,0
テーオースパロー,15,12,7,0.0,waku,Class,TIME,last3F,18,ave3F,47.5,42.0,0
ゼンノテンバ,16,70.1,14,0.0,waku,Class,TIME,last3F,18,ave3F,----,99.0,0
ダブルスナッチ,17,41.1,10,0.0,waku,Class,TIME,last3F,18,ave3F,50,48.8,0
トリップトゥムーン,18,11.3,6,0.0,waku,Class,TIME,last3F,18,ave3F,50,48.0,0
