﻿name,no,odds,pop_rank,power_index,place,distance,surface,pace_type,field_size,class,prev_place,prev_rank,is_chiho
キスラー,1,132.3,16,0.0,waku,Class,TIME,last3F,16,ave3F,54.9,53.6,0
シルブロン,2,3.1,1,0.0,waku,Class,TIME,last3F,16,ave3F,60.2,58.1,0
トラストケンシン,3,37.6,12,0.0,waku,Class,TIME,last3F,16,ave3F,54,50.9,0
ミクソロジー,4,3.7,2,0.0,waku,Class,TIME,last3F,16,ave3F,52.3,50.1,0
ヒュミドール,5,77.5,13,0.0,waku,Class,TIME,last3F,16,ave3F,50,52.0,0
アスクワイルドモア,6,23.4,9,0.0,waku,Class,TIME,last3F,16,ave3F,47.5,48.2,0
カウディーリョ,7,96.3,14,0.0,waku,Class,TIME,last3F,16,ave3F,52.8,55.4,0
レクセランス,8,13.1,5,0.0,waku,Class,TIME,last3F,16,ave3F,50.5,53.6,0
ヴェローチェオロ,9,20.3,7,0.0,waku,Class,TIME,last3F,16,ave3F,57.2,55.4,0
メイショウテンゲン,10,103.3,15,0.0,waku,Class,TIME,last3F,16,ave3F,48.4,47.0,0
スタッドリー,11,5.1,3,0.0,waku,Class,TIME,last3F,16,ave3F,54.7,50.8,0
マリノアズラ,12,11.8,4,0.0,waku,Class,TIME,last3F,16,ave3F,51,49.8,0
タイセイモナーク,13,21.1,8,0.0,waku,Class,TIME,last3F,16,ave3F,48.5,50.8,0
トーセンカンビーナ,14,35.3,10,0.0,waku,Class,TIME,last3F,16,ave3F,57.5,55.3,0
ウインキートス,15,19.4,6,0.0,waku,Class,TIME,last3F,16,ave3F,44.3,49.5,0
ベスビアナイト,16,37.5,11,0.0,waku,Class,TIME,last3F,16,ave3F,59.3,56.9,0
