﻿name,no,odds,pop_rank,power_index,place,distance,surface,pace_type,field_size,class,prev_place,prev_rank,is_chiho
ツウカイリアル,1,20.8,6,0.0,waku,Class,TIME,last3F,14,ave3F,53.3,52.9,0
クロックフォード,2,18.9,5,0.0,waku,Class,TIME,last3F,14,ave3F,53.6,51.0,0
ペリエール,3,2.1,1,0.0,waku,Class,TIME,last3F,14,ave3F,45.7,42.5,0
フジラプンツェル,4,256,14,0.0,waku,Class,TIME,last3F,14,ave3F,----,99.0,0
モンドプリューム,5,29.7,7,0.0,waku,Class,TIME,last3F,14,ave3F,48.1,47.3,0
グレートサンドシー,6,3.9,2,0.0,waku,Class,TIME,last3F,14,ave3F,----,99.0,0
オマツリオトコ,7,4.4,3,0.0,waku,Class,TIME,last3F,14,ave3F,----,99.0,0
ゴライコウ,8,15.4,4,0.0,waku,Class,TIME,last3F,14,ave3F,52.9,52.9,0
メタマックス,9,53.1,12,0.0,waku,Class,TIME,last3F,14,ave3F,42.3,46.5,0
サンデーファンデー,10,159,13,0.0,waku,Class,TIME,last3F,14,ave3F,53.9,53.9,0
ゼットリアン,11,52.2,11,0.0,waku,Class,TIME,last3F,14,ave3F,48.4,42.3,0
エクロジャイト,12,46.1,9,0.0,waku,Class,TIME,last3F,14,ave3F,44.6,42.5,0
ドンデンガエシ,13,37.9,8,0.0,waku,Class,TIME,last3F,14,ave3F,49.7,46.1,0
オメガタキシード,14,46.9,10,0.0,waku,Class,TIME,last3F,14,ave3F,46.3,43.4,0
