﻿name,no,odds,pop_rank,power_index,place,distance,surface,pace_type,field_size,class,prev_place,prev_rank,is_chiho
プリンスリターン,1,74.2,14,0.0,waku,Class,TIME,last3F,16,ave3F,52.5,50.1,0
ウインカーネリアン,2,9.5,4,0.0,waku,Class,TIME,last3F,16,ave3F,60.2,59.6,0
ジャスティンカフェ,3,2.9,1,0.0,waku,Class,TIME,last3F,16,ave3F,54.1,51.3,0
ピンハイ,4,8.7,3,0.0,waku,Class,TIME,last3F,16,ave3F,58,54.7,0
インダストリア,5,9.9,5,0.0,waku,Class,TIME,last3F,16,ave3F,46.2,44.8,0
マテンロウオリオン,6,23.2,8,0.0,waku,Class,TIME,last3F,16,ave3F,55.4,53.2,0
タイムトゥヘヴン,7,68.2,13,0.0,waku,Class,TIME,last3F,16,ave3F,54.7,50.9,0
ファルコニア,8,26.1,9,0.0,waku,Class,TIME,last3F,16,ave3F,54.2,53.3,0
ショウナンマグマ,9,47.8,11,0.0,waku,Class,TIME,last3F,16,ave3F,48.4,50.9,0
ピースワンパラディ,10,57.4,12,0.0,waku,Class,TIME,last3F,16,ave3F,54.1,51.4,0
カイザーミノル,11,135,16,0.0,waku,Class,TIME,last3F,16,ave3F,44.7,44.4,0
シュリ,12,75.3,15,0.0,waku,Class,TIME,last3F,16,ave3F,----,53.3,0
サクラトゥジュール,13,40.3,10,0.0,waku,Class,TIME,last3F,16,ave3F,52.8,44.5,0
エアロロノア,14,19.3,7,0.0,waku,Class,TIME,last3F,16,ave3F,55.9,53.2,0
ナミュール,15,3.7,2,0.0,waku,Class,TIME,last3F,16,ave3F,56.8,53.2,0
プレサージュリフト,16,12.1,6,0.0,waku,Class,TIME,last3F,16,ave3F,57,53.2,0
