﻿name,no,odds,pop_rank,power_index,place,distance,surface,pace_type,field_size,class,prev_place,prev_rank,is_chiho
クリノニキータ,1,2,1,0.0,waku,Class,TIME,last3F,9,ave3F,49,47.8,0
グッドインパクト,2,69,9,0.0,waku,Class,TIME,last3F,9,ave3F,46.1,42.4,0
アレマーナ,3,5.3,3,0.0,waku,Class,TIME,last3F,9,ave3F,42,45.6,0
デームフォーチュン,4,8.9,5,0.0,waku,Class,TIME,last3F,9,ave3F,45.3,47.9,0
シアープレジャー,5,63.9,8,0.0,waku,Class,TIME,last3F,9,ave3F,49.7,51.1,0
ルージュティアーモ,6,39.2,7,0.0,waku,Class,TIME,last3F,9,ave3F,----,99.0,0
ミーナティエルナ,7,4.4,2,0.0,waku,Class,TIME,last3F,9,ave3F,46.7,49.9,0
トゥーレツリー,8,24.5,6,0.0,waku,Class,TIME,last3F,9,ave3F,45.9,46.4,0
エンブレムコード,9,7.6,4,0.0,waku,Class,TIME,last3F,9,ave3F,54.7,52.9,0
