﻿name,no,odds,pop_rank,power_index,place,distance,surface,pace_type,field_size,class,prev_place,prev_rank,is_chiho
ダテボレアス,1,15.4,7,0.0,waku,Class,TIME,last3F,18,ave3F,41.8,42.3,0
ラキエータ,2,7.6,5,0.0,waku,Class,TIME,last3F,18,ave3F,48.9,48.8,0
セイレーン,3,68.7,16,0.0,waku,Class,TIME,last3F,18,ave3F,50,48.0,0
ヴィクトワールメイ,4,267.4,18,0.0,waku,Class,TIME,last3F,18,ave3F,59.8,50.9,0
サトノルーチェ,5,20.7,9,0.0,waku,Class,TIME,last3F,18,ave3F,48.8,44.1,0
ベンガン,6,23.6,11,0.0,waku,Class,TIME,last3F,18,ave3F,54.9,49.2,0
メイショウハボタン,7,7.6,4,0.0,waku,Class,TIME,last3F,18,ave3F,52.9,44.1,0
アルムファーツリー,8,11.1,6,0.0,waku,Class,TIME,last3F,18,ave3F,52.9,51.2,0
ケリアテソーロ,9,119.4,17,0.0,waku,Class,TIME,last3F,18,ave3F,43.3,48.2,0
メイショウゲンセン,10,22.9,10,0.0,waku,Class,TIME,last3F,18,ave3F,56.6,50.1,0
メイショウグラニー,11,7,2,0.0,waku,Class,TIME,last3F,18,ave3F,47.2,46.9,0
セリノーフォス,12,39.5,13,0.0,waku,Class,TIME,last3F,18,ave3F,50,51.2,0
ショウナンアメリア,13,15.4,8,0.0,waku,Class,TIME,last3F,18,ave3F,47.4,44.4,0
シゲルファンノユメ,14,7.2,3,0.0,waku,Class,TIME,last3F,18,ave3F,49.4,47.4,0
カシノフォワード,15,54.3,14,0.0,waku,Class,TIME,last3F,18,ave3F,47.1,47.4,0
ルルルージュ,16,62.2,15,0.0,waku,Class,TIME,last3F,18,ave3F,58.1,50.9,0
アスターディゴン,17,30.5,12,0.0,waku,Class,TIME,last3F,18,ave3F,44.7,42.0,0
タイセイブリリオ,18,4.2,1,0.0,waku,Class,TIME,last3F,18,ave3F,46.8,47.1,0
