﻿name,no,odds,pop_rank,power_index,place,distance,surface,pace_type,field_size,class,prev_place,prev_rank,is_chiho
サクハル,1,7.7,4,0.0,waku,Class,TIME,last3F,16,ave3F,45.2,47.5,0
パレフォーコン,2,14.1,6,0.0,waku,Class,TIME,last3F,16,ave3F,----,99.0,0
トモノボーイ,3,50.5,11,0.0,waku,Class,TIME,last3F,16,ave3F,39.4,43.0,0
フラップシグナス,4,2.4,1,0.0,waku,Class,TIME,last3F,16,ave3F,47.8,47.3,0
リッキーヤスオカ,5,52.5,12,0.0,waku,Class,TIME,last3F,16,ave3F,36.9,43.0,0
テイエムフェロー,6,6.8,3,0.0,waku,Class,TIME,last3F,16,ave3F,44.9,43.9,0
オステリア,7,28,9,0.0,waku,Class,TIME,last3F,16,ave3F,49.7,44.1,0
ナムラデイリリー,8,13.3,5,0.0,waku,Class,TIME,last3F,16,ave3F,43.6,45.4,0
プレイテシア,9,130.6,13,0.0,waku,Class,TIME,last3F,16,ave3F,38.9,41.7,0
ベルドラゴ,10,16.6,7,0.0,waku,Class,TIME,last3F,16,ave3F,41.8,41.7,0
リオンラファール,11,5,2,0.0,waku,Class,TIME,last3F,16,ave3F,39.9,39.0,0
マイアミュレット,12,350.7,16,0.0,waku,Class,TIME,last3F,16,ave3F,49.5,42.6,0
ヤマイチエスポ,13,169,14,0.0,waku,Class,TIME,last3F,16,ave3F,41.2,40.1,0
ジャコエマリックン,14,324.6,15,0.0,waku,Class,TIME,last3F,16,ave3F,44.4,41.4,0
エリザベスミノル,15,22.2,8,0.0,waku,Class,TIME,last3F,16,ave3F,48.1,40.1,0
トモジャアルマンド,16,43.3,10,0.0,waku,Class,TIME,last3F,16,ave3F,40.5,42.0,0
