﻿name,no,odds,pop_rank,power_index,place,distance,surface,pace_type,field_size,class,prev_place,prev_rank,is_chiho
カムランベイ,1,37.5,9,0.0,waku,Class,TIME,last3F,15,ave3F,----,99.0,0
フィンガークリック,2,32.1,8,0.0,waku,Class,TIME,last3F,15,ave3F,56.9,49.6,0
ロミオボス,3,129.1,13,0.0,waku,Class,TIME,last3F,15,ave3F,51.1,49.2,0
レストア,4,152.2,14,0.0,waku,Class,TIME,last3F,15,ave3F,57.7,55.3,0
ナイトキャッスル,5,9,5,0.0,waku,Class,TIME,last3F,15,ave3F,56.2,54.8,0
ブレイゼスト,6,19.9,7,0.0,waku,Class,TIME,last3F,15,ave3F,45,45.5,0
ミラーオブマインド,7,3.9,2,0.0,waku,Class,TIME,last3F,15,ave3F,49.9,47.8,0
トルズイーガー,8,94.5,12,0.0,waku,Class,TIME,last3F,15,ave3F,51.8,53.0,0
バリアントバイオ,9,8.3,3,0.0,waku,Class,TIME,last3F,15,ave3F,53.2,50.4,0
マイネルカーライル,10,57,10,0.0,waku,Class,TIME,last3F,15,ave3F,49.7,52.7,0
フリッパー,11,9.3,6,0.0,waku,Class,TIME,last3F,15,ave3F,46,46.0,0
ジャックパール,12,426.2,15,0.0,waku,Class,TIME,last3F,15,ave3F,53,52.4,0
サンデュエル,13,63.3,11,0.0,waku,Class,TIME,last3F,15,ave3F,52.7,50.5,0
サンライズジーク,14,8.6,4,0.0,waku,Class,TIME,last3F,15,ave3F,41.3,41.3,0
ネイビースター,15,2.6,1,0.0,waku,Class,TIME,last3F,15,ave3F,50.2,49.7,0
