﻿name,no,odds,pop_rank,power_index,place,distance,surface,pace_type,field_size,class,prev_place,prev_rank,is_chiho
オリンピックデイ,1,13.7,7,0.0,waku,Class,TIME,last3F,18,ave3F,48.8,46.3,0
アドヴァイス,2,8.8,4,0.0,waku,Class,TIME,last3F,18,ave3F,52,46.9,0
チカリヨン,3,35.5,11,0.0,waku,Class,TIME,last3F,18,ave3F,47.2,47.5,0
ショウナンハクラク,4,7.1,3,0.0,waku,Class,TIME,last3F,18,ave3F,54.4,54.7,0
ヴィントミューレ,5,22.1,8,0.0,waku,Class,TIME,last3F,18,ave3F,52.4,44.6,0
コーリングユー,6,11.9,6,0.0,waku,Class,TIME,last3F,18,ave3F,48,49.7,0
スズアンジー,7,573.5,18,0.0,waku,Class,TIME,last3F,18,ave3F,----,99.0,0
レインボークラウド,8,50.2,12,0.0,waku,Class,TIME,last3F,18,ave3F,48.9,51.5,0
タガノスペルノヴァ,9,55.1,13,0.0,waku,Class,TIME,last3F,18,ave3F,50,44.9,0
ポルタフォルトゥナ,10,23.4,9,0.0,waku,Class,TIME,last3F,18,ave3F,48,46.9,0
ナリタローゼ,11,6.1,2,0.0,waku,Class,TIME,last3F,18,ave3F,44.7,44.9,0
メイショウヒゾッコ,12,95.8,14,0.0,waku,Class,TIME,last3F,18,ave3F,48.3,45.8,0
カグラマツリウタ,13,169.1,17,0.0,waku,Class,TIME,last3F,18,ave3F,46.5,45.4,0
ファムスパーブ,14,110,15,0.0,waku,Class,TIME,last3F,18,ave3F,----,99.0,0
スーリールダンジュ,15,2.7,1,0.0,waku,Class,TIME,last3F,18,ave3F,47.5,43.8,0
アリビオ,16,159.8,16,0.0,waku,Class,TIME,last3F,18,ave3F,53.7,47.8,0
ウインアステロイド,17,28.3,10,0.0,waku,Class,TIME,last3F,18,ave3F,49.2,50.8,0
グランアプロウソ,18,11.2,5,0.0,waku,Class,TIME,last3F,18,ave3F,49.7,46.9,0
