﻿name,no,odds,pop_rank,power_index,place,distance,surface,pace_type,field_size,class,prev_place,prev_rank,is_chiho
イヴィステラ,1,15.5,7,0.0,waku,Class,TIME,last3F,16,ave3F,50.8,50.0,0
ゴルトシュミーデ,2,5.4,2,0.0,waku,Class,TIME,last3F,16,ave3F,56.7,53.1,0
ヨンウォニ,3,419.1,16,0.0,waku,Class,TIME,last3F,16,ave3F,55.3,47.7,0
プリペアード,4,93.3,13,0.0,waku,Class,TIME,last3F,16,ave3F,45.3,45.9,0
レディアリエス,5,9.4,5,0.0,waku,Class,TIME,last3F,16,ave3F,55.4,54.1,0
リュクスフレンド,6,8.4,4,0.0,waku,Class,TIME,last3F,16,ave3F,53.8,57.4,0
キヨラ,7,180.1,14,0.0,waku,Class,TIME,last3F,16,ave3F,54.2,54.8,0
ソルティエラ,8,185.1,15,0.0,waku,Class,TIME,last3F,16,ave3F,----,99.0,0
クインズグレイト,9,64,12,0.0,waku,Class,TIME,last3F,16,ave3F,41.1,47.9,0
ロムネヤ,10,3.3,1,0.0,waku,Class,TIME,last3F,16,ave3F,43.9,45.4,0
クインズステラ,11,20.9,9,0.0,waku,Class,TIME,last3F,16,ave3F,45.7,46.1,0
ポルテーニャ,12,16.4,8,0.0,waku,Class,TIME,last3F,16,ave3F,49.1,48.4,0
グラヴィテ,13,15.3,6,0.0,waku,Class,TIME,last3F,16,ave3F,48.8,52.5,0
アンダーユアスペル,14,24,11,0.0,waku,Class,TIME,last3F,16,ave3F,60.8,62.1,0
レディズビーク,15,5.6,3,0.0,waku,Class,TIME,last3F,16,ave3F,51.2,53.2,0
キャニオニング,16,21.3,10,0.0,waku,Class,TIME,last3F,16,ave3F,----,45.5,0
