﻿name,no,odds,pop_rank,power_index,place,distance,surface,pace_type,field_size,class,prev_place,prev_rank,is_chiho
オンリーオピニオン,1,50.1,11,0.0,waku,Class,TIME,last3F,13,ave3F,53,53.0,0
ゼッフィーロ,2,3.8,2,0.0,waku,Class,TIME,last3F,13,ave3F,55.9,53.7,0
ノースザワールド,3,2.3,1,0.0,waku,Class,TIME,last3F,13,ave3F,57.5,57.8,0
リューベック,4,4.4,3,0.0,waku,Class,TIME,last3F,13,ave3F,52.7,51.7,0
リノキアナ,5,353.9,13,0.0,waku,Class,TIME,last3F,13,ave3F,47,50.4,0
グランディア,6,10,4,0.0,waku,Class,TIME,last3F,13,ave3F,61.7,62.2,0
イリマ,7,33.9,7,0.0,waku,Class,TIME,last3F,13,ave3F,57.2,52.7,0
パーソナルハイ,8,19.6,6,0.0,waku,Class,TIME,last3F,13,ave3F,50.3,54.7,0
アウスヴァール,9,34.3,8,0.0,waku,Class,TIME,last3F,13,ave3F,52.3,52.3,0
アナゴサン,10,14.6,5,0.0,waku,Class,TIME,last3F,13,ave3F,53.1,52.3,0
レヴェッツァ,11,44.2,9,0.0,waku,Class,TIME,last3F,13,ave3F,54.4,55.5,0
ギャラントウォリア,12,45.6,10,0.0,waku,Class,TIME,last3F,13,ave3F,52.6,52.2,0
スペシャルドラマ,13,306.9,12,0.0,waku,Class,TIME,last3F,13,ave3F,55,53.1,0
