﻿name,no,odds,pop_rank,power_index,place,distance,surface,pace_type,field_size,class,prev_place,prev_rank,is_chiho
コズミックフロスト,1,5.3,3,0.0,waku,Class,TIME,last3F,10,ave3F,48,45.8,0
ニシノスーベニア,2,3.6,2,0.0,waku,Class,TIME,last3F,10,ave3F,55.9,55.2,0
ブランデーロック,3,6.8,4,0.0,waku,Class,TIME,last3F,10,ave3F,52.6,46.9,0
ボンクラージュ,4,106.2,7,0.0,waku,Class,TIME,last3F,10,ave3F,56.3,50.9,0
レフトゥバーズ,5,2.1,1,0.0,waku,Class,TIME,last3F,10,ave3F,56.8,46.0,0
メルテッドハニー,6,200.1,9,0.0,waku,Class,TIME,last3F,10,ave3F,48.9,44.9,0
ミモザイエロー,7,114.2,8,0.0,waku,Class,TIME,last3F,10,ave3F,55.9,54.1,0
ココリホウオウ,8,11.1,5,0.0,waku,Class,TIME,last3F,10,ave3F,49.5,52.9,0
カフェサンドリヨン,9,取消し,,0.0,waku,Class,TIME,last3F,10,ave3F,56.1,56.6,0
アンセーニュ,10,16.2,6,0.0,waku,Class,TIME,last3F,10,ave3F,59.2,56.6,0
