﻿name,no,odds,pop_rank,power_index,place,distance,surface,pace_type,field_size,class,prev_place,prev_rank,is_chiho
ナムラスワガー,1,61.6,10,0.0,waku,Class,TIME,last3F,13,ave3F,40.7,46.5,0
ハナキリ,2,20.3,5,0.0,waku,Class,TIME,last3F,13,ave3F,44.2,45.2,0
スズカワールド,3,16.6,4,0.0,waku,Class,TIME,last3F,13,ave3F,49.1,50.4,0
ポンフー,4,303.5,13,0.0,waku,Class,TIME,last3F,13,ave3F,49.5,46.3,0
シュピカ,5,25.4,9,0.0,waku,Class,TIME,last3F,13,ave3F,----,43.6,0
スナークユウマ,6,97.7,11,0.0,waku,Class,TIME,last3F,13,ave3F,----,99.0,0
ルイナールカズマ,7,4.1,3,0.0,waku,Class,TIME,last3F,13,ave3F,46.2,50.5,0
ミルトボス,8,24,7,0.0,waku,Class,TIME,last3F,13,ave3F,46.2,46.1,0
クラップサンダー,9,20.8,6,0.0,waku,Class,TIME,last3F,13,ave3F,47.1,42.4,0
タマモエース,10,3.4,2,0.0,waku,Class,TIME,last3F,13,ave3F,44,46.4,0
ジェイエルブリッジ,11,105.3,12,0.0,waku,Class,TIME,last3F,13,ave3F,52.1,46.6,0
ディサイド,12,2.5,1,0.0,waku,Class,TIME,last3F,13,ave3F,47.2,46.4,0
ソウルユニバンス,13,24.1,8,0.0,waku,Class,TIME,last3F,13,ave3F,44.4,46.4,0
