﻿name,no,odds,pop_rank,power_index,place,distance,surface,pace_type,field_size,class,prev_place,prev_rank,is_chiho
サマートゥリスト,1,29.4,8,0.0,waku,Class,TIME,last3F,14,ave3F,50.8,47.2,0
ベジャール,2,8.7,6,0.0,waku,Class,TIME,last3F,14,ave3F,52.5,53.1,0
ショウナンアレス,3,6.5,4,0.0,waku,Class,TIME,last3F,14,ave3F,47.4,47.6,0
オールイズウェル,4,78.7,12,0.0,waku,Class,TIME,last3F,14,ave3F,38,38.0,0
メモリーレゾン,5,4,2,0.0,waku,Class,TIME,last3F,14,ave3F,55,54.3,0
セルバーグ,6,6.3,3,0.0,waku,Class,TIME,last3F,14,ave3F,50,50.6,0
アステロイドベルト,7,30.6,9,0.0,waku,Class,TIME,last3F,14,ave3F,51.3,46.6,0
メイショウシンタケ,8,54,10,0.0,waku,Class,TIME,last3F,14,ave3F,47.5,46.4,0
シャンブル,9,63.7,11,0.0,waku,Class,TIME,last3F,14,ave3F,51.3,51.9,0
アイリッシュムーン,10,192.2,13,0.0,waku,Class,TIME,last3F,14,ave3F,47.2,46.1,0
カワキタレブリー,11,6.9,5,0.0,waku,Class,TIME,last3F,14,ave3F,55.6,54.1,0
スズカカナロア,12,247.2,14,0.0,waku,Class,TIME,last3F,14,ave3F,46.5,45.1,0
トーホウディアス,13,20.9,7,0.0,waku,Class,TIME,last3F,14,ave3F,47.5,47.6,0
アルナシーム,14,3.8,1,0.0,waku,Class,TIME,last3F,14,ave3F,56.2,51.8,0
