﻿name,no,odds,pop_rank,power_index,place,distance,surface,pace_type,field_size,class,prev_place,prev_rank,is_chiho
ヴィジュネル,1,31.4,8,0.0,waku,Class,TIME,last3F,11,ave3F,57.4,54.8,0
ジャスティンスカイ,2,2.9,1,0.0,waku,Class,TIME,last3F,11,ave3F,55.9,50.6,0
シャイニーロック,3,19.2,6,0.0,waku,Class,TIME,last3F,11,ave3F,53.3,54.8,0
オニャンコポン,4,5.9,4,0.0,waku,Class,TIME,last3F,11,ave3F,52.2,49.4,0
ゴールデンシロップ,5,24.2,7,0.0,waku,Class,TIME,last3F,11,ave3F,58.1,54.1,0
ピースオブエイト,6,4.5,3,0.0,waku,Class,TIME,last3F,11,ave3F,55.5,51.4,0
ココロノトウダイ,7,35.2,9,0.0,waku,Class,TIME,last3F,11,ave3F,55.4,50.9,0
フラーズダルム,8,8.9,5,0.0,waku,Class,TIME,last3F,11,ave3F,57.3,53.8,0
メイショウオーパス,9,262,11,0.0,waku,Class,TIME,last3F,11,ave3F,48.8,47.3,0
サウンドビバーチェ,10,4.1,2,0.0,waku,Class,TIME,last3F,11,ave3F,53.5,53.5,0
サヴァ,11,88,10,0.0,waku,Class,TIME,last3F,11,ave3F,49.8,46.4,0
