﻿name,no,odds,pop_rank,power_index,place,distance,surface,pace_type,field_size,class,prev_place,prev_rank,is_chiho
ダノンザキッド,1,4.4,2,0.0,waku,Class,TIME,last3F,14,ave3F,56,53.2,0
ソロフレーズ,2,465.8,13,0.0,waku,Class,TIME,last3F,14,ave3F,----,99.0,0
イルーシヴパンサー,3,9.5,6,0.0,waku,Class,TIME,last3F,14,ave3F,59.4,59.6,0
ドーブネ,4,17.2,7,0.0,waku,Class,TIME,last3F,14,ave3F,57.2,55.9,0
シュネルマイスター,5,9.2,4,0.0,waku,Class,TIME,last3F,14,ave3F,56.2,53.2,0
ソーヴァリアント,6,2.3,1,0.0,waku,Class,TIME,last3F,14,ave3F,28.1,52.3,0
ナイママ,7,521.3,14,0.0,waku,Class,TIME,last3F,14,ave3F,47.3,44.5,0
トーラスジェミニ,8,337.4,12,0.0,waku,Class,TIME,last3F,14,ave3F,49.2,52.0,0
ショウナンマグマ,9,63.5,10,0.0,waku,Class,TIME,last3F,14,ave3F,47.3,44.5,0
モズベッロ,10,335,11,0.0,waku,Class,TIME,last3F,14,ave3F,57,53.3,0
ヒシイグアス,11,9.2,5,0.0,waku,Class,TIME,last3F,14,ave3F,51.3,48.9,0
スタニングローズ,12,7.8,3,0.0,waku,Class,TIME,last3F,14,ave3F,55.3,53.2,0
ラーグルフ,13,19.9,8,0.0,waku,Class,TIME,last3F,14,ave3F,55,45.3,0
リューベック,14,58,9,0.0,waku,Class,TIME,last3F,14,ave3F,50,49.0,0
