﻿name,no,odds,pop_rank,power_index,place,distance,surface,pace_type,field_size,class,prev_place,prev_rank,is_chiho
ロイヤルブライド,1,203.4,9,0.0,waku,Class,TIME,last3F,9,ave3F,49.9,50.6,0
ヴィンテージボンド,2,1.2,1,0.0,waku,Class,TIME,last3F,9,ave3F,52.7,54.4,0
カズカポレイ,3,5.8,2,0.0,waku,Class,TIME,last3F,9,ave3F,43.9,43.0,0
ビーマイセルフ,4,27.2,6,0.0,waku,Class,TIME,last3F,9,ave3F,47.2,47.2,0
エアフォースワン,5,9.7,3,0.0,waku,Class,TIME,last3F,9,ave3F,45,43.2,0
スズカワールド,6,35.7,7,0.0,waku,Class,TIME,last3F,9,ave3F,49.8,48.5,0
ヒロシクン,7,13,4,0.0,waku,Class,TIME,last3F,9,ave3F,47.5,49.4,0
アシェットデセール,8,20.2,5,0.0,waku,Class,TIME,last3F,9,ave3F,43.4,46.5,0
ガールズヒロイン,9,127.2,8,0.0,waku,Class,TIME,last3F,9,ave3F,49.4,46.3,0
