﻿name,no,odds,pop_rank,power_index,place,distance,surface,pace_type,field_size,class,prev_place,prev_rank,is_chiho
ダッチマン,1,148.1,14,0.0,waku,Class,TIME,last3F,16,ave3F,46.9,47.4,0
ダノンブレット,2,35.6,9,0.0,waku,Class,TIME,last3F,16,ave3F,54.1,49.9,0
ジロー,3,68.6,11,0.0,waku,Class,TIME,last3F,16,ave3F,50.4,46.2,0
キングズソード,4,4.7,2,0.0,waku,Class,TIME,last3F,16,ave3F,46.5,44.4,0
リリーミニスター,5,98.7,13,0.0,waku,Class,TIME,last3F,16,ave3F,44.5,49.7,0
クロニクル,6,6.7,4,0.0,waku,Class,TIME,last3F,16,ave3F,49.7,49.9,0
サンライズアリオン,7,2.1,1,0.0,waku,Class,TIME,last3F,16,ave3F,52.5,52.5,0
コスモセイリュウ,8,312.1,16,0.0,waku,Class,TIME,last3F,16,ave3F,49.3,46.9,0
インベルシオン,9,29.4,7,0.0,waku,Class,TIME,last3F,16,ave3F,52.8,50.0,0
サトノロイヤル,10,6.6,3,0.0,waku,Class,TIME,last3F,16,ave3F,46.1,44.2,0
ロッキーサンダー,11,18.9,6,0.0,waku,Class,TIME,last3F,16,ave3F,48,47.0,0
ゼウスバイオ,12,14.4,5,0.0,waku,Class,TIME,last3F,16,ave3F,50.7,47.1,0
モズマゾク,13,34.8,8,0.0,waku,Class,TIME,last3F,16,ave3F,45,47.0,0
メイショウミカワ,14,44.3,10,0.0,waku,Class,TIME,last3F,16,ave3F,52.8,49.7,0
ロードインファイト,15,96,12,0.0,waku,Class,TIME,last3F,16,ave3F,45.4,46.5,0
サンライズシェリー,16,226.4,15,0.0,waku,Class,TIME,last3F,16,ave3F,45.7,49.5,0
