﻿name,no,odds,pop_rank,power_index,place,distance,surface,pace_type,field_size,class,prev_place,prev_rank,is_chiho
ボンベール,1,11.5,5,0.0,waku,Class,TIME,last3F,10,ave3F,59,59.9,0
リニュー,2,18.4,7,0.0,waku,Class,TIME,last3F,10,ave3F,60.2,59.9,0
フジマサフリーダム,3,12.1,6,0.0,waku,Class,TIME,last3F,10,ave3F,43.5,46.9,0
サツキハピネス,4,85.6,8,0.0,waku,Class,TIME,last3F,10,ave3F,57.5,57.4,0
ヴラディア,5,241.4,10,0.0,waku,Class,TIME,last3F,10,ave3F,48.3,47.1,0
ライリッズ,6,3.6,3,0.0,waku,Class,TIME,last3F,10,ave3F,51.1,51.4,0
サイモンバロン,7,3.6,2,0.0,waku,Class,TIME,last3F,10,ave3F,54.6,54.4,0
バルンストック,8,218.6,9,0.0,waku,Class,TIME,last3F,10,ave3F,----,99.0,0
ワープスピード,9,6.9,4,0.0,waku,Class,TIME,last3F,10,ave3F,52.4,54.4,0
エリカヴァレリア,10,3.2,1,0.0,waku,Class,TIME,last3F,10,ave3F,56.1,54.4,0
