﻿name,no,odds,pop_rank,power_index,place,distance,surface,pace_type,field_size,class,prev_place,prev_rank,is_chiho
ワンエルメス,1,11.5,5,0.0,waku,Class,TIME,last3F,14,ave3F,57.7,45.9,0
サンランシング,2,7.8,4,0.0,waku,Class,TIME,last3F,14,ave3F,52.1,42.9,0
テイエムヒマラヤ,3,5,3,0.0,waku,Class,TIME,last3F,14,ave3F,43.6,43.5,0
ラージベル,4,21.8,7,0.0,waku,Class,TIME,last3F,14,ave3F,47.7,47.2,0
ヤマタカフェイス,5,4.5,2,0.0,waku,Class,TIME,last3F,14,ave3F,49.9,47.7,0
デルマカミーラ,6,2.8,1,0.0,waku,Class,TIME,last3F,14,ave3F,40.5,42.1,0
スズカメジャー,7,129.9,14,0.0,waku,Class,TIME,last3F,14,ave3F,51.9,49.3,0
ネイキッドハート,8,22.9,8,0.0,waku,Class,TIME,last3F,14,ave3F,48.3,46.3,0
クリノアンビシャス,9,50.2,11,0.0,waku,Class,TIME,last3F,14,ave3F,48.4,51.9,0
キリシマタウン,10,26.1,9,0.0,waku,Class,TIME,last3F,14,ave3F,48.2,42.9,0
アルティマボス,11,111.9,12,0.0,waku,Class,TIME,last3F,14,ave3F,----,99.0,0
ニシノコチ,12,15.8,6,0.0,waku,Class,TIME,last3F,14,ave3F,----,99.0,0
フラスティー,13,120.7,13,0.0,waku,Class,TIME,last3F,14,ave3F,38.4,49.0,0
エバニスタ,14,27.7,10,0.0,waku,Class,TIME,last3F,14,ave3F,42.4,44.3,0
