﻿name,no,odds,pop_rank,power_index,place,distance,surface,pace_type,field_size,class,prev_place,prev_rank,is_chiho
ルワンジュ,1,8.3,3,0.0,waku,Class,TIME,last3F,14,ave3F,47.3,47.5,0
キュートハイカー,2,12.7,6,0.0,waku,Class,TIME,last3F,14,ave3F,45.5,47.7,0
エバニスタ,3,11.7,4,0.0,waku,Class,TIME,last3F,14,ave3F,43.6,47.5,0
フレンドパル,4,14.4,7,0.0,waku,Class,TIME,last3F,14,ave3F,44.6,43.8,0
エヴリーサンクス,5,169.8,14,0.0,waku,Class,TIME,last3F,14,ave3F,46.3,45.5,0
サンダビューク,6,20.6,8,0.0,waku,Class,TIME,last3F,14,ave3F,44.8,46.0,0
ラージベル,7,59.7,10,0.0,waku,Class,TIME,last3F,14,ave3F,44.5,42.9,0
ポメランチェ,8,12.1,5,0.0,waku,Class,TIME,last3F,14,ave3F,40.3,42.0,0
ナツイロノオトメ,9,1.9,1,0.0,waku,Class,TIME,last3F,14,ave3F,47.3,47.6,0
ルクスディオン,10,40,9,0.0,waku,Class,TIME,last3F,14,ave3F,----,99.0,0
キーチズカンパニー,11,90.3,11,0.0,waku,Class,TIME,last3F,14,ave3F,----,99.0,0
ブルックレット,12,160.4,13,0.0,waku,Class,TIME,last3F,14,ave3F,45,40.7,0
ハイレリーフ,13,155,12,0.0,waku,Class,TIME,last3F,14,ave3F,36.9,40.2,0
トランザクト,14,5.6,2,0.0,waku,Class,TIME,last3F,14,ave3F,34.5,39.2,0
