﻿name,no,odds,pop_rank,power_index,place,distance,surface,pace_type,field_size,class,prev_place,prev_rank,is_chiho
サブライムアンセム,1,9.8,5,0.0,waku,Class,TIME,last3F,18,ave3F,51,48.0,0
ディヴィーナ,2,23.3,10,0.0,waku,Class,TIME,last3F,18,ave3F,59.6,59.6,0
フェルミスフィア,3,92.9,14,0.0,waku,Class,TIME,last3F,18,ave3F,52.6,45.9,0
メイショウミモザ,4,93.4,15,0.0,waku,Class,TIME,last3F,18,ave3F,46.2,48.0,0
ララクリスティーヌ,5,5.1,2,0.0,waku,Class,TIME,last3F,18,ave3F,50.4,48.0,0
ルピナスリード,6,12.3,6,0.0,waku,Class,TIME,last3F,18,ave3F,51.2,47.1,0
テンハッピーローズ,7,22.2,9,0.0,waku,Class,TIME,last3F,18,ave3F,52.9,45.9,0
ヒメノカリス,8,27.4,11,0.0,waku,Class,TIME,last3F,18,ave3F,48.2,45.6,0
ボンボヤージ,9,161.7,17,0.0,waku,Class,TIME,last3F,18,ave3F,49.7,46.2,0
シゲルピンクルビー,10,56.2,13,0.0,waku,Class,TIME,last3F,18,ave3F,50,49.7,0
コムストックロード,11,182.2,18,0.0,waku,Class,TIME,last3F,18,ave3F,53.5,53.3,0
サトノアイ,12,115.2,16,0.0,waku,Class,TIME,last3F,18,ave3F,58.7,57.3,0
ウインシャーロット,13,4.1,1,0.0,waku,Class,TIME,last3F,18,ave3F,52.8,51.8,0
ミスニューヨーク,14,13.7,7,0.0,waku,Class,TIME,last3F,18,ave3F,55.4,53.3,0
ルチェカリーナ,15,18,8,0.0,waku,Class,TIME,last3F,18,ave3F,57,54.3,0
ウォーターナビレラ,16,7.6,4,0.0,waku,Class,TIME,last3F,18,ave3F,52.7,53.1,0
スカイグルーヴ,17,42,12,0.0,waku,Class,TIME,last3F,18,ave3F,46.4,48.0,0
ロータスランド,18,6,3,0.0,waku,Class,TIME,last3F,18,ave3F,54.4,53.2,0
