﻿name,no,odds,pop_rank,power_index,place,distance,surface,pace_type,field_size,class,prev_place,prev_rank,is_chiho
ジューンアマデウス,1,4.4,2,0.0,waku,Class,TIME,last3F,10,ave3F,52.9,51.9,0
スナークレジスト,2,13.5,5,0.0,waku,Class,TIME,last3F,10,ave3F,50.1,46.2,0
レイクリエイター,3,12.6,4,0.0,waku,Class,TIME,last3F,10,ave3F,50.5,49.4,0
メイショウヨシテル,4,5.4,3,0.0,waku,Class,TIME,last3F,10,ave3F,47.4,45.5,0
アドマイヤベネラ,5,22.1,7,0.0,waku,Class,TIME,last3F,10,ave3F,38,45.6,0
ダイシンカローリ,6,302.9,10,0.0,waku,Class,TIME,last3F,10,ave3F,52.5,51.1,0
オブジェダート,7,1.9,1,0.0,waku,Class,TIME,last3F,10,ave3F,48,46.1,0
キョウワウォール,8,14.4,6,0.0,waku,Class,TIME,last3F,10,ave3F,49.5,47.2,0
エクストラノート,9,26.8,8,0.0,waku,Class,TIME,last3F,10,ave3F,49.3,46.3,0
エクセレントラン,10,58.8,9,0.0,waku,Class,TIME,last3F,10,ave3F,50.4,45.9,0
