﻿name,no,odds,pop_rank,power_index,place,distance,surface,pace_type,field_size,class,prev_place,prev_rank,is_chiho
スマートサニー,1,3.5,2,0.0,waku,Class,TIME,last3F,16,ave3F,----,99.0,0
スマートハンター,2,130.1,16,0.0,waku,Class,TIME,last3F,16,ave3F,42.2,39.6,0
レッドソリッド,3,13.1,6,0.0,waku,Class,TIME,last3F,16,ave3F,53.8,47.4,0
アイファーテイオー,4,51.4,13,0.0,waku,Class,TIME,last3F,16,ave3F,45.4,51.4,0
ロイガヴェーグル,5,38.2,11,0.0,waku,Class,TIME,last3F,16,ave3F,49.7,47.4,0
ブライトファントム,6,3.4,1,0.0,waku,Class,TIME,last3F,16,ave3F,48.6,50.8,0
メイショウコボケ,7,23.5,8,0.0,waku,Class,TIME,last3F,16,ave3F,50.9,51.7,0
ウェザーコック,8,10.1,5,0.0,waku,Class,TIME,last3F,16,ave3F,45.4,45.5,0
スタボーンイメル,9,50.9,12,0.0,waku,Class,TIME,last3F,16,ave3F,46.7,45.9,0
タガノチョコラータ,10,93.1,15,0.0,waku,Class,TIME,last3F,16,ave3F,----,99.0,0
ロードラディウス,11,8.9,4,0.0,waku,Class,TIME,last3F,16,ave3F,52.1,52.3,0
コパノパサディナ,12,8.1,3,0.0,waku,Class,TIME,last3F,16,ave3F,47.1,47.4,0
ユアフラッシュ,13,91.1,14,0.0,waku,Class,TIME,last3F,16,ave3F,53.5,53.2,0
ミッキーマカロン,14,14.1,7,0.0,waku,Class,TIME,last3F,16,ave3F,53.2,52.5,0
ノーブルアクト,15,29.2,9,0.0,waku,Class,TIME,last3F,16,ave3F,46.8,40.8,0
テンカオーライ,16,34.4,10,0.0,waku,Class,TIME,last3F,16,ave3F,----,99.0,0
