﻿name,no,odds,pop_rank,power_index,place,distance,surface,pace_type,field_size,class,prev_place,prev_rank,is_chiho
レッドベルアーム,1,2.1,1,0.0,waku,Class,TIME,last3F,8,ave3F,54.1,51.8,0
ディープキング,2,6.6,4,0.0,waku,Class,TIME,last3F,8,ave3F,48.6,49.8,0
エボカシオン,3,21.3,7,0.0,waku,Class,TIME,last3F,8,ave3F,----,99.0,0
ネイチャーシップ,4,10.1,5,0.0,waku,Class,TIME,last3F,8,ave3F,55.7,54.4,0
ネグローニ,5,107.3,8,0.0,waku,Class,TIME,last3F,8,ave3F,44.2,49.4,0
エアアネモイ,6,4.5,2,0.0,waku,Class,TIME,last3F,8,ave3F,61.8,61.8,0
マテンロウアレス,7,10.9,6,0.0,waku,Class,TIME,last3F,8,ave3F,46.6,51.2,0
サンライズエース,8,5.8,3,0.0,waku,Class,TIME,last3F,8,ave3F,56.3,50.9,0
