﻿name,no,odds,pop_rank,power_index,place,distance,surface,pace_type,field_size,class,prev_place,prev_rank,is_chiho
ホウオウスミヨシ,1,26.8,6,0.0,waku,Class,TIME,last3F,8,ave3F,51.7,49.8,0
ヒロノタイリク,2,33.9,8,0.0,waku,Class,TIME,last3F,8,ave3F,----,99.0,0
キュンストラー,3,8.6,4,0.0,waku,Class,TIME,last3F,8,ave3F,48,51.8,0
ロックグラス,4,16.3,5,0.0,waku,Class,TIME,last3F,8,ave3F,56.8,56.2,0
セツメンノトビウオ,5,33.5,7,0.0,waku,Class,TIME,last3F,8,ave3F,52.5,51.5,0
カルトゥーシュ,6,5.4,3,0.0,waku,Class,TIME,last3F,8,ave3F,48.7,49.6,0
ケンハービンジャー,7,1.9,1,0.0,waku,Class,TIME,last3F,8,ave3F,52.7,51.7,0
ミアステラ,8,3.7,2,0.0,waku,Class,TIME,last3F,8,ave3F,54.7,55.5,0
