﻿name,no,odds,pop_rank,power_index,place,distance,surface,pace_type,field_size,class,prev_place,prev_rank,is_chiho
レイフォール,1,42.7,9,0.0,waku,Class,TIME,last3F,14,ave3F,46.6,48.8,0
ハッピーパンニャ,2,13.5,6,0.0,waku,Class,TIME,last3F,14,ave3F,55.5,52.2,0
ニシノピウモッソ,3,4.9,3,0.0,waku,Class,TIME,last3F,14,ave3F,56.9,52.7,0
メイショウカゼマチ,4,71.4,11,0.0,waku,Class,TIME,last3F,14,ave3F,45.2,45.2,0
レイカットスルー,5,4.1,2,0.0,waku,Class,TIME,last3F,14,ave3F,50,44.9,0
クールムーア,6,68.9,10,0.0,waku,Class,TIME,last3F,14,ave3F,50.3,48.8,0
スプレモフレイバー,7,3.6,1,0.0,waku,Class,TIME,last3F,14,ave3F,47.4,44.9,0
ユーメイドマイデイ,8,513.6,14,0.0,waku,Class,TIME,last3F,14,ave3F,37.4,37.4,0
クロスライセンス,9,20.4,8,0.0,waku,Class,TIME,last3F,14,ave3F,55.6,54.2,0
ピーストークス,10,332.1,12,0.0,waku,Class,TIME,last3F,14,ave3F,----,99.0,0
ソッケルカーカ,11,502.3,13,0.0,waku,Class,TIME,last3F,14,ave3F,50.6,51.1,0
テンカノギジン,12,18.9,7,0.0,waku,Class,TIME,last3F,14,ave3F,66.8,64.8,0
ポリーフォリア,13,5.2,4,0.0,waku,Class,TIME,last3F,14,ave3F,56.8,60.0,0
ダルタニアン,14,8.7,5,0.0,waku,Class,TIME,last3F,14,ave3F,----,99.0,0
