﻿name,no,odds,pop_rank,power_index,place,distance,surface,pace_type,field_size,class,prev_place,prev_rank,is_chiho
ジャスパープリンス,1,314.3,16,0.0,waku,Class,TIME,last3F,16,ave3F,40.5,37.7,0
シャールズスパイト,2,24.9,5,0.0,waku,Class,TIME,last3F,16,ave3F,----,99.0,0
ケンシンコウ,3,52,12,0.0,waku,Class,TIME,last3F,16,ave3F,49.9,50.4,0
ドライスタウト,4,3.2,2,0.0,waku,Class,TIME,last3F,16,ave3F,52.4,51.0,0
オーヴェルニュ,5,31.2,10,0.0,waku,Class,TIME,last3F,16,ave3F,51.3,51.6,0
メイショウハリオ,6,10.7,4,0.0,waku,Class,TIME,last3F,16,ave3F,----,99.0,0
レモンポップ,7,2.2,1,0.0,waku,Class,TIME,last3F,16,ave3F,53.9,51.6,0
アドマイヤルプス,8,134.9,14,0.0,waku,Class,TIME,last3F,16,ave3F,50.7,51.6,0
ショウナンナデシコ,9,29.1,7,0.0,waku,Class,TIME,last3F,16,ave3F,----,99.0,0
テイエムサウスダン,10,29.5,8,0.0,waku,Class,TIME,last3F,16,ave3F,----,99.0,0
ソリストサンダー,11,29.9,9,0.0,waku,Class,TIME,last3F,16,ave3F,----,99.0,0
セキフウ,12,51.4,11,0.0,waku,Class,TIME,last3F,16,ave3F,47.3,42.2,0
スピーディキック,13,25.8,6,0.0,waku,Class,TIME,last3F,16,ave3F,----,99.0,0
ヘリオス,14,63.7,13,0.0,waku,Class,TIME,last3F,16,ave3F,----,99.0,0
レッドルゼル,15,9,3,0.0,waku,Class,TIME,last3F,16,ave3F,----,99.0,0
ケイアイターコイズ,16,182,15,0.0,waku,Class,TIME,last3F,16,ave3F,43.4,42.2,0
