﻿name,no,odds,pop_rank,power_index,place,distance,surface,pace_type,field_size,class,prev_place,prev_rank,is_chiho
ダノンアーリー,1,7.8,3,0.0,waku,Class,TIME,last3F,12,ave3F,54.5,43.9,0
メイショウシヅキ,2,37.8,9,0.0,waku,Class,TIME,last3F,12,ave3F,41.6,42.4,0
サクラソーレ,3,13.9,6,0.0,waku,Class,TIME,last3F,12,ave3F,47.3,45.9,0
トーホウテンリュウ,4,8.8,5,0.0,waku,Class,TIME,last3F,12,ave3F,----,99.0,0
グレートキャンベラ,5,6.2,2,0.0,waku,Class,TIME,last3F,12,ave3F,54,48.0,0
サノラキ,6,79.5,12,0.0,waku,Class,TIME,last3F,12,ave3F,49.1,50.9,0
サムハンター,7,18.5,7,0.0,waku,Class,TIME,last3F,12,ave3F,50.3,48.3,0
シャランガーナ,8,43.1,10,0.0,waku,Class,TIME,last3F,12,ave3F,----,99.0,0
チャールストン,9,64.7,11,0.0,waku,Class,TIME,last3F,12,ave3F,49.6,50.9,0
ワールドハート,10,8.2,4,0.0,waku,Class,TIME,last3F,12,ave3F,47.2,48.6,0
ララモンドール,11,25.8,8,0.0,waku,Class,TIME,last3F,12,ave3F,----,99.0,0
ガラパゴス,12,2,1,0.0,waku,Class,TIME,last3F,12,ave3F,50,48.8,0
