﻿name,no,odds,pop_rank,power_index,place,distance,surface,pace_type,field_size,class,prev_place,prev_rank,is_chiho
トランキリテ,1,42.2,9,0.0,waku,Class,TIME,last3F,12,ave3F,41.5,38.9,0
ポッドヴァイン,2,82.3,11,0.0,waku,Class,TIME,last3F,12,ave3F,54.1,53.9,0
マイネルクリソーラ,3,3.8,1,0.0,waku,Class,TIME,last3F,12,ave3F,54.2,53.9,0
ミズリーナ,4,69.9,10,0.0,waku,Class,TIME,last3F,12,ave3F,54.9,50.1,0
セラフィナイト,5,9.5,6,0.0,waku,Class,TIME,last3F,12,ave3F,59.4,57.1,0
カナテープ,6,5.4,3,0.0,waku,Class,TIME,last3F,12,ave3F,62.7,58.4,0
ロールアップ,7,15.4,8,0.0,waku,Class,TIME,last3F,12,ave3F,65.4,63.3,0
モーソンピーク,8,5.8,4,0.0,waku,Class,TIME,last3F,12,ave3F,59.7,59.6,0
ナックイルシーブ,9,201.7,12,0.0,waku,Class,TIME,last3F,12,ave3F,40.6,50.6,0
ジュンブルースカイ,10,10,7,0.0,waku,Class,TIME,last3F,12,ave3F,52.3,50.3,0
ロードカテドラル,11,4.9,2,0.0,waku,Class,TIME,last3F,12,ave3F,62.9,57.1,0
ヴィクトゥーラ,12,8.9,5,0.0,waku,Class,TIME,last3F,12,ave3F,56.1,50.6,0
