﻿name,no,odds,pop_rank,power_index,place,distance,surface,pace_type,field_size,class,prev_place,prev_rank,is_chiho
ビートザウイングス,1,39.6,7,0.0,waku,Class,TIME,last3F,16,ave3F,57.3,57.3,0
ヒミノフラッシュ,2,9.4,4,0.0,waku,Class,TIME,last3F,16,ave3F,51.7,50.6,0
アンクラウデッド,3,85.6,10,0.0,waku,Class,TIME,last3F,16,ave3F,48.7,50.4,0
セブンスレター,4,5.1,3,0.0,waku,Class,TIME,last3F,16,ave3F,47.3,50.2,0
マイネルサハラ,5,26.7,5,0.0,waku,Class,TIME,last3F,16,ave3F,40.2,44.1,0
キョウエイパラスト,6,475.9,16,0.0,waku,Class,TIME,last3F,16,ave3F,45,44.5,0
スズノイナズマ,7,279.5,15,0.0,waku,Class,TIME,last3F,16,ave3F,50.6,54.0,0
メイショウシロガネ,8,115.1,11,0.0,waku,Class,TIME,last3F,16,ave3F,41.7,44.7,0
メラーキ,9,68,8,0.0,waku,Class,TIME,last3F,16,ave3F,54.4,57.5,0
ファーストソリスト,10,69.4,9,0.0,waku,Class,TIME,last3F,16,ave3F,44.5,47.6,0
プリモスペランツァ,11,3.3,2,0.0,waku,Class,TIME,last3F,16,ave3F,48.4,45.9,0
ブリッツェンシチー,12,184.4,14,0.0,waku,Class,TIME,last3F,16,ave3F,52.6,51.1,0
ヤマノマタカ,13,166.9,12,0.0,waku,Class,TIME,last3F,16,ave3F,45.3,50.0,0
キングサーガ,14,2,1,0.0,waku,Class,TIME,last3F,16,ave3F,50.9,48.6,0
リズムオブザナイト,15,175.2,13,0.0,waku,Class,TIME,last3F,16,ave3F,42.1,45.9,0
ウォーロード,16,26.8,6,0.0,waku,Class,TIME,last3F,16,ave3F,50.1,51.1,0
