﻿name,no,odds,pop_rank,power_index,place,distance,surface,pace_type,field_size,class,prev_place,prev_rank,is_chiho
ノイジーアプローチ,1,70.2,9,0.0,waku,Class,TIME,last3F,12,ave3F,57.1,55.2,0
シルトホルン,2,7.6,5,0.0,waku,Class,TIME,last3F,12,ave3F,49.9,51.6,0
レッドカメリア,3,422.8,12,0.0,waku,Class,TIME,last3F,12,ave3F,41.5,44.5,0
ノッキングポイント,4,3.2,1,0.0,waku,Class,TIME,last3F,12,ave3F,58,47.4,0
トーセントラム,5,155.8,11,0.0,waku,Class,TIME,last3F,12,ave3F,55.8,52.3,0
ルージュクレセント,6,13.3,7,0.0,waku,Class,TIME,last3F,12,ave3F,59.4,54.0,0
ロードディフィート,7,7,3,0.0,waku,Class,TIME,last3F,12,ave3F,60.8,60.7,0
マイネルフォルツァ,8,76.6,10,0.0,waku,Class,TIME,last3F,12,ave3F,55.5,55.5,0
ホウオウスーペリア,9,35.2,8,0.0,waku,Class,TIME,last3F,12,ave3F,56.5,58.3,0
バルサムノート,10,3.4,2,0.0,waku,Class,TIME,last3F,12,ave3F,60.7,59.8,0
ニシノライコウ,11,7,4,0.0,waku,Class,TIME,last3F,12,ave3F,52.3,52.3,0
スズハローム,12,10.6,6,0.0,waku,Class,TIME,last3F,12,ave3F,52.1,49.8,0
