﻿name,no,odds,pop_rank,power_index,place,distance,surface,pace_type,field_size,class,prev_place,prev_rank,is_chiho
タイセイアーメット,1,69.7,11,0.0,waku,Class,TIME,last3F,16,ave3F,43.8,41.4,0
トリプルスリル,2,7.1,3,0.0,waku,Class,TIME,last3F,16,ave3F,45,44.6,0
エルバリオ,3,2.3,1,0.0,waku,Class,TIME,last3F,16,ave3F,41.6,41.7,0
オーマイオーマイ,4,86.2,12,0.0,waku,Class,TIME,last3F,16,ave3F,45.8,46.8,0
サクララージャン,5,111.7,14,0.0,waku,Class,TIME,last3F,16,ave3F,43.2,46.4,0
ブライトホルン,6,5,2,0.0,waku,Class,TIME,last3F,16,ave3F,43.6,46.3,0
ブレイクザアイス,7,41.1,9,0.0,waku,Class,TIME,last3F,16,ave3F,45.9,46.6,0
メイショウピスカリ,8,33.4,8,0.0,waku,Class,TIME,last3F,16,ave3F,44.3,46.5,0
ワンダフルヘヴン,9,89.6,13,0.0,waku,Class,TIME,last3F,16,ave3F,40.7,43.2,0
チュイション,10,15.1,7,0.0,waku,Class,TIME,last3F,16,ave3F,----,99.0,0
サードフォース,11,118.1,15,0.0,waku,Class,TIME,last3F,16,ave3F,----,99.0,0
レッドヴァイス,12,8.8,4,0.0,waku,Class,TIME,last3F,16,ave3F,43,44.6,0
メイショウケンコン,13,122.3,16,0.0,waku,Class,TIME,last3F,16,ave3F,----,99.0,0
エアフォースワン,14,13.5,6,0.0,waku,Class,TIME,last3F,16,ave3F,49.8,46.8,0
アスタートリゴン,15,50.9,10,0.0,waku,Class,TIME,last3F,16,ave3F,----,99.0,0
ロイヤルダンス,16,10.1,5,0.0,waku,Class,TIME,last3F,16,ave3F,48.8,48.7,0
