﻿name,no,odds,pop_rank,power_index,place,distance,surface,pace_type,field_size,class,prev_place,prev_rank,is_chiho
ミュアウッズ,1,7.7,5,0.0,waku,Class,TIME,last3F,15,ave3F,46.2,49.6,0
チャーチャンテン,2,199.3,15,0.0,waku,Class,TIME,last3F,15,ave3F,46.6,55.3,0
イエローウィン,3,6.4,3,0.0,waku,Class,TIME,last3F,15,ave3F,50,47.2,0
フェッテ,4,60.5,10,0.0,waku,Class,TIME,last3F,15,ave3F,45.4,49.2,0
ピナ,5,6.4,4,0.0,waku,Class,TIME,last3F,15,ave3F,40.5,46.3,0
サンマルソムニア,6,63.9,11,0.0,waku,Class,TIME,last3F,15,ave3F,45.3,45.1,0
エイシンディアデム,7,146.3,13,0.0,waku,Class,TIME,last3F,15,ave3F,49.4,45.5,0
ウイスキータイム,8,137.9,12,0.0,waku,Class,TIME,last3F,15,ave3F,44.4,45.3,0
ラジエル,9,5.8,2,0.0,waku,Class,TIME,last3F,15,ave3F,48.6,49.2,0
グレースブロード,10,56.8,9,0.0,waku,Class,TIME,last3F,15,ave3F,47.2,48.1,0
ビーマイセルフ,11,13.4,6,0.0,waku,Class,TIME,last3F,15,ave3F,51.2,50.5,0
ルージュフェリーク,12,25,8,0.0,waku,Class,TIME,last3F,15,ave3F,51.6,51.4,0
ルージュブラン,13,163.7,14,0.0,waku,Class,TIME,last3F,15,ave3F,42.3,40.7,0
ウィズザワールド,14,2.5,1,0.0,waku,Class,TIME,last3F,15,ave3F,50,49.6,0
キガサ,15,15.4,7,0.0,waku,Class,TIME,last3F,15,ave3F,46.4,43.4,0
