﻿name,no,odds,pop_rank,power_index,place,distance,surface,pace_type,field_size,class,prev_place,prev_rank,is_chiho
イエルバブエナ,1,27.4,10,0.0,waku,Class,TIME,last3F,16,ave3F,49.1,47.6,0
オーロイプラータ,2,15.7,6,0.0,waku,Class,TIME,last3F,16,ave3F,54.3,51.5,0
ローレルキャニオン,3,18.4,7,0.0,waku,Class,TIME,last3F,16,ave3F,54.4,53.2,0
スズノハマヤ,4,63.6,13,0.0,waku,Class,TIME,last3F,16,ave3F,52.7,52.9,0
ペイシャハヤブサ,5,63.5,12,0.0,waku,Class,TIME,last3F,16,ave3F,53.4,52.2,0
キスオンザチーク,6,19.9,8,0.0,waku,Class,TIME,last3F,16,ave3F,----,99.0,0
メイトースイ,7,110.5,15,0.0,waku,Class,TIME,last3F,16,ave3F,----,99.0,0
タマモロック,8,3.8,2,0.0,waku,Class,TIME,last3F,16,ave3F,47.8,47.8,0
ソッコータルマカ,9,3,1,0.0,waku,Class,TIME,last3F,16,ave3F,47,46.6,0
メイショウモズ,10,43.2,11,0.0,waku,Class,TIME,last3F,16,ave3F,52.8,49.5,0
ティルドーン,11,127.8,16,0.0,waku,Class,TIME,last3F,16,ave3F,52,58.6,0
オルノア,12,25.9,9,0.0,waku,Class,TIME,last3F,16,ave3F,56.1,55.7,0
メイショウポペット,13,9,4,0.0,waku,Class,TIME,last3F,16,ave3F,46.8,46.5,0
テーオーリカード,14,12.4,5,0.0,waku,Class,TIME,last3F,16,ave3F,52.4,52.9,0
キレナイカ,15,6.8,3,0.0,waku,Class,TIME,last3F,16,ave3F,54.1,54.6,0
マルモリキング,16,98.5,14,0.0,waku,Class,TIME,last3F,16,ave3F,47.1,40.3,0
