﻿name,no,odds,pop_rank,power_index,place,distance,surface,pace_type,field_size,class,prev_place,prev_rank,is_chiho
フリンジティアラ,1,13,5,0.0,waku,Class,TIME,last3F,14,ave3F,----,99.0,0
エレガントルビー,2,8.2,3,0.0,waku,Class,TIME,last3F,14,ave3F,55.7,54.8,0
カネフラ,3,16.1,10,0.0,waku,Class,TIME,last3F,14,ave3F,59.6,56.4,0
バロッサヴァレー,4,4.2,2,0.0,waku,Class,TIME,last3F,14,ave3F,59.9,52.7,0
ベレザニーニャ,5,35,13,0.0,waku,Class,TIME,last3F,14,ave3F,----,99.0,0
リチャ,6,16.1,9,0.0,waku,Class,TIME,last3F,14,ave3F,51.4,51.0,0
マスキュリン,7,14.5,7,0.0,waku,Class,TIME,last3F,14,ave3F,53.9,53.0,0
ブレイヴロッカー,8,14.6,8,0.0,waku,Class,TIME,last3F,14,ave3F,58,54.8,0
アウフヘーベン,9,40.4,14,0.0,waku,Class,TIME,last3F,14,ave3F,51.6,50.7,0
スカパラダイス,10,20.5,12,0.0,waku,Class,TIME,last3F,14,ave3F,54,52.4,0
エールミネルヴァ,11,14.1,6,0.0,waku,Class,TIME,last3F,14,ave3F,51.4,53.0,0
アイスグリーン,12,4,1,0.0,waku,Class,TIME,last3F,14,ave3F,54,53.6,0
トーアライデン,13,20.3,11,0.0,waku,Class,TIME,last3F,14,ave3F,54.1,57.0,0
ドットクルー,14,11.5,4,0.0,waku,Class,TIME,last3F,14,ave3F,66.8,66.8,0
