﻿name,no,odds,pop_rank,power_index,place,distance,surface,pace_type,field_size,class,prev_place,prev_rank,is_chiho
チェンジザワールド,1,45.1,12,0.0,waku,Class,TIME,last3F,15,ave3F,38.1,46.3,0
コスモエクスプレス,2,15.2,7,0.0,waku,Class,TIME,last3F,15,ave3F,54.5,50.6,0
メイショウサンガ,3,28.1,9,0.0,waku,Class,TIME,last3F,15,ave3F,57,53.9,0
キタサンシンドー,4,30.6,10,0.0,waku,Class,TIME,last3F,15,ave3F,51.9,51.5,0
バトルシャイニング,5,9.7,5,0.0,waku,Class,TIME,last3F,15,ave3F,54.1,47.7,0
メイショウイナセ,6,233.7,14,0.0,waku,Class,TIME,last3F,15,ave3F,52.8,52.4,0
タイラーテソーロ,7,7.7,4,0.0,waku,Class,TIME,last3F,15,ave3F,44.7,48.2,0
アウサンガテ,8,3.8,1,0.0,waku,Class,TIME,last3F,15,ave3F,55.3,55.4,0
タムロキュラムン,9,80.7,13,0.0,waku,Class,TIME,last3F,15,ave3F,47.7,46.9,0
スズカキング,10,23.2,8,0.0,waku,Class,TIME,last3F,15,ave3F,50.5,50.8,0
オウケンボルト,11,4.5,2,0.0,waku,Class,TIME,last3F,15,ave3F,51.8,50.8,0
ゴルトシュミーデ,12,11.7,6,0.0,waku,Class,TIME,last3F,15,ave3F,53.7,45.4,0
ヤマニンループ,13,4.9,3,0.0,waku,Class,TIME,last3F,15,ave3F,51.8,51.0,0
ライブインステラ,14,30.9,11,0.0,waku,Class,TIME,last3F,15,ave3F,57.5,57.4,0
ヨンウォニ,15,261.1,15,0.0,waku,Class,TIME,last3F,15,ave3F,51.5,51.1,0
