﻿name,no,odds,pop_rank,power_index,place,distance,surface,pace_type,field_size,class,prev_place,prev_rank,is_chiho
エイシンフェンサー,1,32.3,9,0.0,waku,Class,TIME,last3F,16,ave3F,48.2,46.6,0
ミルトハンター,2,6.7,3,0.0,waku,Class,TIME,last3F,16,ave3F,49.6,45.4,0
メイショウオトギ,3,13.8,6,0.0,waku,Class,TIME,last3F,16,ave3F,48.3,50.9,0
メイショウヒュウガ,4,40,11,0.0,waku,Class,TIME,last3F,16,ave3F,53.3,52.1,0
バトゥーキ,5,16,7,0.0,waku,Class,TIME,last3F,16,ave3F,46.3,45.4,0
イコサン,6,4.7,2,0.0,waku,Class,TIME,last3F,16,ave3F,48.6,48.3,0
エーティースピカ,7,137,14,0.0,waku,Class,TIME,last3F,16,ave3F,43.5,43.5,0
セイジグラット,8,319.6,15,0.0,waku,Class,TIME,last3F,16,ave3F,----,99.0,0
アネモス,9,12,4,0.0,waku,Class,TIME,last3F,16,ave3F,47,48.3,0
アスターチェンチ,10,38.2,10,0.0,waku,Class,TIME,last3F,16,ave3F,46.5,48.3,0
ゴッドセンド,11,86.4,13,0.0,waku,Class,TIME,last3F,16,ave3F,39,38.1,0
マルモリディライト,12,56.4,12,0.0,waku,Class,TIME,last3F,16,ave3F,43,42.6,0
ストリンジェンド,13,13.2,5,0.0,waku,Class,TIME,last3F,16,ave3F,40.9,42.6,0
ボルドーネセバル,14,559,16,0.0,waku,Class,TIME,last3F,16,ave3F,48.1,40.6,0
タカネノハナコサン,15,2.3,1,0.0,waku,Class,TIME,last3F,16,ave3F,42.3,42.5,0
プライムレート,16,21.8,8,0.0,waku,Class,TIME,last3F,16,ave3F,43.9,43.9,0
