﻿name,no,odds,pop_rank,power_index,place,distance,surface,pace_type,field_size,class,prev_place,prev_rank,is_chiho
リバプールタウン,1,37.5,8,0.0,waku,Class,TIME,last3F,13,ave3F,49.1,48.7,0
メイショウミカワ,2,14.4,6,0.0,waku,Class,TIME,last3F,13,ave3F,55.9,53.4,0
ムエックス,3,158,11,0.0,waku,Class,TIME,last3F,13,ave3F,44.1,49.4,0
トミケンボハテル,4,429.7,13,0.0,waku,Class,TIME,last3F,13,ave3F,45.3,49.6,0
ゼウスバイオ,5,7,3,0.0,waku,Class,TIME,last3F,13,ave3F,53.5,51.9,0
シルバーエース,6,16.1,7,0.0,waku,Class,TIME,last3F,13,ave3F,47.4,48.6,0
ペルアア,7,2.4,1,0.0,waku,Class,TIME,last3F,13,ave3F,47.1,45.6,0
ステイブルアスク,8,3.3,2,0.0,waku,Class,TIME,last3F,13,ave3F,50.1,46.3,0
クインズバジル,9,69.3,9,0.0,waku,Class,TIME,last3F,13,ave3F,45.8,47.0,0
ゴールドティア,10,138.8,10,0.0,waku,Class,TIME,last3F,13,ave3F,42.9,46.3,0
カラフルキューブ,11,9,4,0.0,waku,Class,TIME,last3F,13,ave3F,53.4,51.4,0
セイクリッドゲイズ,12,9.9,5,0.0,waku,Class,TIME,last3F,13,ave3F,55.4,53.4,0
エースレイジング,13,227.5,12,0.0,waku,Class,TIME,last3F,13,ave3F,49.8,46.1,0
