﻿name,no,odds,pop_rank,power_index,place,distance,surface,pace_type,field_size,class,prev_place,prev_rank,is_chiho
エボカシオン,1,26.6,5,0.0,waku,Class,TIME,last3F,9,ave3F,----,99.0,0
マテンロウアレス,2,4.9,3,0.0,waku,Class,TIME,last3F,9,ave3F,43.3,51.7,0
セルケト,3,1.9,1,0.0,waku,Class,TIME,last3F,9,ave3F,51.9,50.0,0
マルス,4,188.1,8,0.0,waku,Class,TIME,last3F,9,ave3F,51.2,46.3,0
チャーチャンテン,5,206.1,9,0.0,waku,Class,TIME,last3F,9,ave3F,41.9,49.0,0
ビレッジスター,6,8.2,4,0.0,waku,Class,TIME,last3F,9,ave3F,52.4,50.0,0
サッポロゲッカオウ,7,130.3,7,0.0,waku,Class,TIME,last3F,9,ave3F,51.1,46.9,0
オオキニ,8,2.8,2,0.0,waku,Class,TIME,last3F,9,ave3F,49.2,50.0,0
クリノエルサ,9,107.4,6,0.0,waku,Class,TIME,last3F,9,ave3F,47.4,46.1,0
