﻿name,no,odds,pop_rank,power_index,place,distance,surface,pace_type,field_size,class,prev_place,prev_rank,is_chiho
トモノボーイ,1,35.7,9,0.0,waku,Class,TIME,last3F,15,ave3F,50.3,49.2,0
ピースキーパー,2,4.8,2,0.0,waku,Class,TIME,last3F,15,ave3F,47.3,44.4,0
テーオーエルサ,3,187.9,13,0.0,waku,Class,TIME,last3F,15,ave3F,44.3,46.4,0
クールココナヒメ,4,16.6,6,0.0,waku,Class,TIME,last3F,15,ave3F,45.8,44.9,0
スペシャルナンバー,5,3.6,1,0.0,waku,Class,TIME,last3F,15,ave3F,----,99.0,0
スズカロココ,6,321.6,15,0.0,waku,Class,TIME,last3F,15,ave3F,33.8,41.7,0
ヤマイチエスポ,7,19.9,7,0.0,waku,Class,TIME,last3F,15,ave3F,48.7,44.9,0
コイニオチテ,8,20.1,8,0.0,waku,Class,TIME,last3F,15,ave3F,----,99.0,0
ルールシェーバー,9,50.5,10,0.0,waku,Class,TIME,last3F,15,ave3F,51.6,46.0,0
チャーチャンテン,10,211.4,14,0.0,waku,Class,TIME,last3F,15,ave3F,49.7,50.5,0
ドクターマンボウ,11,53.5,11,0.0,waku,Class,TIME,last3F,15,ave3F,47.8,42.7,0
アイヴォリーアイ,12,4.9,3,0.0,waku,Class,TIME,last3F,15,ave3F,47.9,42.1,0
クリノアンビシャス,13,117.6,12,0.0,waku,Class,TIME,last3F,15,ave3F,45.2,49.4,0
カズラポニアン,14,7.6,5,0.0,waku,Class,TIME,last3F,15,ave3F,47.4,48.2,0
ウナギノボリ,15,5.2,4,0.0,waku,Class,TIME,last3F,15,ave3F,65.3,52.7,0
