﻿name,no,odds,pop_rank,power_index,place,distance,surface,pace_type,field_size,class,prev_place,prev_rank,is_chiho
ボニンブルー,1,277.5,16,0.0,waku,Class,TIME,last3F,16,ave3F,----,99.0,0
ブレーヴジャッカル,2,30.6,13,0.0,waku,Class,TIME,last3F,16,ave3F,49.2,52.6,0
クアトロフォンテ,3,26.4,10,0.0,waku,Class,TIME,last3F,16,ave3F,----,99.0,0
マインジャラン,4,19.8,9,0.0,waku,Class,TIME,last3F,16,ave3F,41,41.4,0
バルタザール,5,7.6,5,0.0,waku,Class,TIME,last3F,16,ave3F,52.8,56.3,0
オースミリン,6,19.8,8,0.0,waku,Class,TIME,last3F,16,ave3F,45.4,43.6,0
カネトシブルーム,7,5.7,3,0.0,waku,Class,TIME,last3F,16,ave3F,46.2,45.0,0
ミセスバローズ,8,4.4,1,0.0,waku,Class,TIME,last3F,16,ave3F,51.2,51.0,0
パープルグローリー,9,103.6,14,0.0,waku,Class,TIME,last3F,16,ave3F,----,99.0,0
バンベルク,10,5.5,2,0.0,waku,Class,TIME,last3F,16,ave3F,44.5,44.2,0
ボブズヤアンクル,11,6.3,4,0.0,waku,Class,TIME,last3F,16,ave3F,46.6,48.3,0
パレドジュスティス,12,156.9,15,0.0,waku,Class,TIME,last3F,16,ave3F,45.3,39.3,0
オーガスタスカイ,13,26.9,11,0.0,waku,Class,TIME,last3F,16,ave3F,36.9,39.3,0
マテンロウアイ,14,14.1,6,0.0,waku,Class,TIME,last3F,16,ave3F,51.7,46.3,0
エイシンデュエラー,15,19.4,7,0.0,waku,Class,TIME,last3F,16,ave3F,43.3,41.2,0
ピュアカラー,16,29.6,12,0.0,waku,Class,TIME,last3F,16,ave3F,46.2,41.7,0
