﻿name,no,odds,pop_rank,power_index,place,distance,surface,pace_type,field_size,class,prev_place,prev_rank,is_chiho
ダノンザタイガー,1,3.6,1,0.0,waku,Class,TIME,last3F,12,ave3F,59.6,56.8,0
コレペティトール,2,39.6,8,0.0,waku,Class,TIME,last3F,12,ave3F,58.2,55.5,0
キョウエイブリッサ,3,59.5,9,0.0,waku,Class,TIME,last3F,12,ave3F,55.2,49.6,0
シーズンリッチ,4,101.5,11,0.0,waku,Class,TIME,last3F,12,ave3F,56.7,55.8,0
タッチウッド,5,9.2,5,0.0,waku,Class,TIME,last3F,12,ave3F,----,99.0,0
タスティエーラ,6,3.7,2,0.0,waku,Class,TIME,last3F,12,ave3F,----,99.0,0
シルバースペード,7,284.7,12,0.0,waku,Class,TIME,last3F,12,ave3F,55.1,51.6,0
ファントムシーフ,8,4.1,3,0.0,waku,Class,TIME,last3F,12,ave3F,60.9,59.6,0
レイベリング,9,4.7,4,0.0,waku,Class,TIME,last3F,12,ave3F,62.9,58.4,0
シュタールヴィント,10,39.3,7,0.0,waku,Class,TIME,last3F,12,ave3F,61.3,60.8,0
ウインオーディン,11,69.2,10,0.0,waku,Class,TIME,last3F,12,ave3F,67.5,65.0,0
ロードプレイヤー,12,18.1,6,0.0,waku,Class,TIME,last3F,12,ave3F,62.4,58.5,0
