﻿name,no,odds,pop_rank,power_index,place,distance,surface,pace_type,field_size,class,prev_place,prev_rank,is_chiho
ゴッドインパルス,1,27.1,9,0.0,waku,Class,TIME,last3F,12,ave3F,43.8,43.8,0
ドライブアローカス,2,5.2,2,0.0,waku,Class,TIME,last3F,12,ave3F,44.2,43.4,0
ゴルデールスカー,3,30.9,10,0.0,waku,Class,TIME,last3F,12,ave3F,48.1,48.3,0
ジャスリー,4,4.1,1,0.0,waku,Class,TIME,last3F,12,ave3F,46.7,45.8,0
キープブライトン,5,12,7,0.0,waku,Class,TIME,last3F,12,ave3F,46.3,46.0,0
サノノエスポ,6,16.6,8,0.0,waku,Class,TIME,last3F,12,ave3F,48.1,47.3,0
オメガギネス,7,6.6,4,0.0,waku,Class,TIME,last3F,12,ave3F,----,99.0,0
オソルノ,8,9.4,6,0.0,waku,Class,TIME,last3F,12,ave3F,53.7,49.2,0
アレクサ,9,67.1,12,0.0,waku,Class,TIME,last3F,12,ave3F,45.4,47.3,0
プレミアペガサス,10,5.8,3,0.0,waku,Class,TIME,last3F,12,ave3F,46.8,50.8,0
ピッチパーフェクト,11,33.7,11,0.0,waku,Class,TIME,last3F,12,ave3F,46.7,46.3,0
グランデスフィーダ,12,7.3,5,0.0,waku,Class,TIME,last3F,12,ave3F,49.7,47.1,0
