﻿name,no,odds,pop_rank,power_index,place,distance,surface,pace_type,field_size,class,prev_place,prev_rank,is_chiho
サトミノマロン,1,4.5,3,0.0,waku,Class,TIME,last3F,13,ave3F,44.9,43.2,0
クラップサンダー,2,28.3,6,0.0,waku,Class,TIME,last3F,13,ave3F,42.4,45.6,0
カップッチョ,3,402.5,12,0.0,waku,Class,TIME,last3F,13,ave3F,41.1,41.2,0
アウグスト,4,5.8,4,0.0,waku,Class,TIME,last3F,13,ave3F,45.1,45.8,0
ラニカイ,5,3,2,0.0,waku,Class,TIME,last3F,13,ave3F,47.5,47.8,0
ケイティレインボー,6,31.2,8,0.0,waku,Class,TIME,last3F,13,ave3F,43,43.2,0
オーマイオーマイ,7,177.1,10,0.0,waku,Class,TIME,last3F,13,ave3F,41.4,38.9,0
インテグラルシチー,8,316.2,11,0.0,waku,Class,TIME,last3F,13,ave3F,47.8,47.6,0
マグナムハート,9,415.6,13,0.0,waku,Class,TIME,last3F,13,ave3F,51.6,45.5,0
マイネルキング,10,38.8,9,0.0,waku,Class,TIME,last3F,13,ave3F,45.9,47.2,0
ブレイクザアイス,11,19.5,5,0.0,waku,Class,TIME,last3F,13,ave3F,52.2,49.3,0
スペクトログラム,12,2.8,1,0.0,waku,Class,TIME,last3F,13,ave3F,45.7,45.1,0
トーホウテンリュウ,13,29.5,7,0.0,waku,Class,TIME,last3F,13,ave3F,----,99.0,0
