﻿name,no,odds,pop_rank,power_index,place,distance,surface,pace_type,field_size,class,prev_place,prev_rank,is_chiho
エドノフェリーチェ,1,12.3,4,0.0,waku,Class,TIME,last3F,12,ave3F,58.9,55.4,0
チャックネイト,2,4.6,2,0.0,waku,Class,TIME,last3F,12,ave3F,49.4,50.1,0
アイブランコ,3,213.2,11,0.0,waku,Class,TIME,last3F,12,ave3F,50.6,45.3,0
ファユエン,4,24.6,7,0.0,waku,Class,TIME,last3F,12,ave3F,62.7,56.2,0
シルキーヴォイス,5,30.2,8,0.0,waku,Class,TIME,last3F,12,ave3F,52.7,50.8,0
サンストックトン,6,1.7,1,0.0,waku,Class,TIME,last3F,12,ave3F,59.2,55.9,0
メガゴールド,7,89.2,9,0.0,waku,Class,TIME,last3F,12,ave3F,45.5,46.0,0
ククナ,8,5.2,3,0.0,waku,Class,TIME,last3F,12,ave3F,58.5,58.2,0
フィリオアレグロ,9,19.7,5,0.0,waku,Class,TIME,last3F,12,ave3F,49,52.9,0
アケルナルスター,10,24,6,0.0,waku,Class,TIME,last3F,12,ave3F,61.5,57.9,0
サペラヴィ,11,234.8,12,0.0,waku,Class,TIME,last3F,12,ave3F,----,99.0,0
マイネルコロンブス,12,130.8,10,0.0,waku,Class,TIME,last3F,12,ave3F,61,63.0,0
