﻿name,no,odds,pop_rank,power_index,place,distance,surface,pace_type,field_size,class,prev_place,prev_rank,is_chiho
ブラックワンダー,1,60.7,9,0.0,waku,Class,TIME,last3F,11,ave3F,51.6,50.9,0
メイショウイナセ,2,104,10,0.0,waku,Class,TIME,last3F,11,ave3F,52.8,54.9,0
タンジェリンムーン,3,3.2,1,0.0,waku,Class,TIME,last3F,11,ave3F,44.4,48.8,0
ダンツエスプリ,4,21.1,8,0.0,waku,Class,TIME,last3F,11,ave3F,49.6,44.8,0
ヒルノアントラ,5,8.1,5,0.0,waku,Class,TIME,last3F,11,ave3F,51.5,51.1,0
セレブレイトガイズ,6,3.5,2,0.0,waku,Class,TIME,last3F,11,ave3F,52.5,53.0,0
ウェイオブライト,7,20.4,7,0.0,waku,Class,TIME,last3F,11,ave3F,57.5,56.7,0
マイネルジャッカル,8,6.3,3,0.0,waku,Class,TIME,last3F,11,ave3F,51.7,48.3,0
セイウンガレオン,9,107.9,11,0.0,waku,Class,TIME,last3F,11,ave3F,49.9,50.9,0
グランドゴールド,10,7.1,4,0.0,waku,Class,TIME,last3F,11,ave3F,50.3,48.3,0
オメガデラックス,11,9.9,6,0.0,waku,Class,TIME,last3F,11,ave3F,52.4,52.1,0
