﻿name,no,odds,pop_rank,power_index,place,distance,surface,pace_type,field_size,class,prev_place,prev_rank,is_chiho
カズプレスト,1,1.5,1,0.0,waku,Class,TIME,last3F,16,ave3F,46.5,46.1,0
クリノクノイチ,2,375.3,16,0.0,waku,Class,TIME,last3F,16,ave3F,47.3,42.6,0
ジョウショーリード,3,87.4,12,0.0,waku,Class,TIME,last3F,16,ave3F,45.4,51.4,0
サブロンカズマ,4,200.2,15,0.0,waku,Class,TIME,last3F,16,ave3F,42.8,39.5,0
サンデーミラージュ,5,122.7,14,0.0,waku,Class,TIME,last3F,16,ave3F,49.1,51.5,0
ウインアウォード,6,5.5,2,0.0,waku,Class,TIME,last3F,16,ave3F,49.8,49.8,0
スカーレットジンク,7,17.7,5,0.0,waku,Class,TIME,last3F,16,ave3F,48.4,42.2,0
ウーゴ,8,33,8,0.0,waku,Class,TIME,last3F,16,ave3F,44.7,43.0,0
トランキリテ,9,7,3,0.0,waku,Class,TIME,last3F,16,ave3F,48.7,46.4,0
トーアエレクトロン,10,83,11,0.0,waku,Class,TIME,last3F,16,ave3F,54,56.8,0
モナルヒ,11,14.8,4,0.0,waku,Class,TIME,last3F,16,ave3F,46.5,44.2,0
ロードサージュ,12,72.6,10,0.0,waku,Class,TIME,last3F,16,ave3F,43.1,42.2,0
ニホンピロオーセン,13,91.3,13,0.0,waku,Class,TIME,last3F,16,ave3F,41.8,48.4,0
プレジールミノル,14,29.2,6,0.0,waku,Class,TIME,last3F,16,ave3F,49.4,47.1,0
キッショウ,15,71.3,9,0.0,waku,Class,TIME,last3F,16,ave3F,44.7,43.4,0
ヴァクストゥーム,16,32.1,7,0.0,waku,Class,TIME,last3F,16,ave3F,45.4,41.3,0
