﻿name,no,odds,pop_rank,power_index,place,distance,surface,pace_type,field_size,class,prev_place,prev_rank,is_chiho
フロンタルジェダイ,1,3.7,1,0.0,waku,Class,TIME,last3F,12,ave3F,50.2,51.1,0
サムハンター,2,8.8,6,0.0,waku,Class,TIME,last3F,12,ave3F,54.4,51.9,0
アンノウンウォリア,3,99.3,12,0.0,waku,Class,TIME,last3F,12,ave3F,49.7,51.1,0
メイショウシヅキ,4,44.3,11,0.0,waku,Class,TIME,last3F,12,ave3F,53.8,54.8,0
グランメテオール,5,41.3,10,0.0,waku,Class,TIME,last3F,12,ave3F,49.7,51.9,0
タマモモンレーブ,6,25,8,0.0,waku,Class,TIME,last3F,12,ave3F,49.9,51.8,0
ダノンフロンティア,7,4.5,2,0.0,waku,Class,TIME,last3F,12,ave3F,46.8,48.4,0
ワンダフルヘヴン,8,17.9,7,0.0,waku,Class,TIME,last3F,12,ave3F,39.9,45.6,0
イーサンバーニング,9,5.7,3,0.0,waku,Class,TIME,last3F,12,ave3F,46.5,45.4,0
タマモエイトビート,10,6.1,4,0.0,waku,Class,TIME,last3F,12,ave3F,53.8,51.8,0
ケリーズノベル,11,37.3,9,0.0,waku,Class,TIME,last3F,12,ave3F,49.3,48.2,0
シュガーコルト,12,7.5,5,0.0,waku,Class,TIME,last3F,12,ave3F,53.7,49.7,0
