﻿name,no,odds,pop_rank,power_index,place,distance,surface,pace_type,field_size,class,prev_place,prev_rank,is_chiho
アイオライト,1,10,6,0.0,waku,Class,TIME,last3F,11,ave3F,43.6,49.2,0
ゼンノアンジュ,2,6,3,0.0,waku,Class,TIME,last3F,11,ave3F,44.4,40.9,0
ケイアイターコイズ,3,2.9,1,0.0,waku,Class,TIME,last3F,11,ave3F,50.6,51.0,0
ヒロシゲゴールド,4,18.8,8,0.0,waku,Class,TIME,last3F,11,ave3F,37.4,43.0,0
ミスズグランドオー,5,13.1,7,0.0,waku,Class,TIME,last3F,11,ave3F,44.7,43.0,0
メイショウミライ,6,43.3,10,0.0,waku,Class,TIME,last3F,11,ave3F,48.9,43.0,0
サイモンハロルド,7,35.5,9,0.0,waku,Class,TIME,last3F,11,ave3F,42.7,43.0,0
コパノマーキュリー,8,72.5,11,0.0,waku,Class,TIME,last3F,11,ave3F,46.7,46.7,0
スワーヴシャルル,9,6.8,4,0.0,waku,Class,TIME,last3F,11,ave3F,51.4,51.2,0
サイクロトロン,10,5.4,2,0.0,waku,Class,TIME,last3F,11,ave3F,44.6,41.6,0
サダムスキャット,11,8.1,5,0.0,waku,Class,TIME,last3F,11,ave3F,48,45.3,0
