﻿name,no,odds,pop_rank,power_index,place,distance,surface,pace_type,field_size,class,prev_place,prev_rank,is_chiho
ジュラメント,1,47.9,9,0.0,waku,Class,TIME,last3F,16,ave3F,46.3,45.5,0
フォトスフィア,2,3.6,1,0.0,waku,Class,TIME,last3F,16,ave3F,44.4,41.2,0
グラサージュ,3,70.1,11,0.0,waku,Class,TIME,last3F,16,ave3F,43.9,45.4,0
オリ,4,11.2,5,0.0,waku,Class,TIME,last3F,16,ave3F,40.6,46.9,0
ライヴアメシスト,5,48.8,10,0.0,waku,Class,TIME,last3F,16,ave3F,47.7,44.2,0
ハートホイップ,6,233.2,15,0.0,waku,Class,TIME,last3F,16,ave3F,----,99.0,0
コウソクブラック,7,3.9,2,0.0,waku,Class,TIME,last3F,16,ave3F,----,99.0,0
オーロラアーク,8,4.4,3,0.0,waku,Class,TIME,last3F,16,ave3F,50.1,45.2,0
セイウンダイモス,9,384.2,16,0.0,waku,Class,TIME,last3F,16,ave3F,49.9,52.6,0
マイバウム,10,177.1,12,0.0,waku,Class,TIME,last3F,16,ave3F,44.9,48.2,0
フミバレンタイン,11,5.1,4,0.0,waku,Class,TIME,last3F,16,ave3F,42.6,42.0,0
ネクタリス,12,29.7,7,0.0,waku,Class,TIME,last3F,16,ave3F,----,99.0,0
ブロードマリー,13,30.1,8,0.0,waku,Class,TIME,last3F,16,ave3F,46.8,39.3,0
ランプロファイア,14,13.1,6,0.0,waku,Class,TIME,last3F,16,ave3F,37.4,46.1,0
ルージュブラン,15,211.5,13,0.0,waku,Class,TIME,last3F,16,ave3F,43.1,48.6,0
ビップアクア,16,226,14,0.0,waku,Class,TIME,last3F,16,ave3F,42.6,40.7,0
