﻿name,no,odds,pop_rank,power_index,place,distance,surface,pace_type,field_size,class,prev_place,prev_rank,is_chiho
シェーンプリマー,1,14.9,6,0.0,waku,Class,TIME,last3F,11,ave3F,60.8,60.8,0
エントラップメント,2,6.9,5,0.0,waku,Class,TIME,last3F,11,ave3F,----,99.0,0
シルヴァーゴースト,3,22,7,0.0,waku,Class,TIME,last3F,11,ave3F,55.9,56.6,0
メリオルヴィータ,4,42.2,8,0.0,waku,Class,TIME,last3F,11,ave3F,45.7,44.9,0
ロッソランパンテ,5,204.1,9,0.0,waku,Class,TIME,last3F,11,ave3F,47.1,50.9,0
アンタノバラード,6,3.8,2,0.0,waku,Class,TIME,last3F,11,ave3F,56.3,50.9,0
メインクーン,7,5.6,3,0.0,waku,Class,TIME,last3F,11,ave3F,65,63.4,0
トーセンローリエ,8,2.7,1,0.0,waku,Class,TIME,last3F,11,ave3F,55.5,49.6,0
レッツプロミス,9,371,10,0.0,waku,Class,TIME,last3F,11,ave3F,53.8,51.5,0
レッドカメリア,10,455.2,11,0.0,waku,Class,TIME,last3F,11,ave3F,51.6,52.3,0
トレブランシュ,11,5.9,4,0.0,waku,Class,TIME,last3F,11,ave3F,50.2,51.4,0
