﻿name,no,odds,pop_rank,power_index,place,distance,surface,pace_type,field_size,class,prev_place,prev_rank,is_chiho
メイショウハクサン,1,14.5,3,0.0,waku,Class,TIME,last3F,14,ave3F,56.3,54.9,0
リリーミニスター,2,22.7,8,0.0,waku,Class,TIME,last3F,14,ave3F,53.1,53.4,0
ルーチェット,3,16.3,5,0.0,waku,Class,TIME,last3F,14,ave3F,53.1,51.1,0
レプンカムイ,4,20.1,6,0.0,waku,Class,TIME,last3F,14,ave3F,47.9,48.4,0
ジロー,5,27.6,9,0.0,waku,Class,TIME,last3F,14,ave3F,46.4,48.6,0
ゲンパチハマジ,6,3.8,2,0.0,waku,Class,TIME,last3F,14,ave3F,46.8,48.1,0
ダッチマン,7,81.5,11,0.0,waku,Class,TIME,last3F,14,ave3F,50.8,49.7,0
ランスオブアース,8,21.9,7,0.0,waku,Class,TIME,last3F,14,ave3F,46.5,49.4,0
リバプールタウン,9,108.7,13,0.0,waku,Class,TIME,last3F,14,ave3F,----,49.5,0
ウィンドリッパー,10,43,10,0.0,waku,Class,TIME,last3F,14,ave3F,45.4,53.1,0
ラヴォラーレ,11,15.2,4,0.0,waku,Class,TIME,last3F,14,ave3F,55.4,53.4,0
メイショウユズルハ,12,1.8,1,0.0,waku,Class,TIME,last3F,14,ave3F,51,49.9,0
コパノリッチマン,13,81.8,12,0.0,waku,Class,TIME,last3F,14,ave3F,48.9,49.6,0
アズユーフィール,14,122.6,14,0.0,waku,Class,TIME,last3F,14,ave3F,44.1,47.0,0
