﻿name,no,odds,pop_rank,power_index,place,distance,surface,pace_type,field_size,class,prev_place,prev_rank,is_chiho
トウカイラメール,1,144.9,14,0.0,waku,Class,TIME,last3F,16,ave3F,----,99.0,0
ベアカワイコチャン,2,102.4,11,0.0,waku,Class,TIME,last3F,16,ave3F,34.3,36.6,0
ジェイケイファイン,3,53.3,9,0.0,waku,Class,TIME,last3F,16,ave3F,37.4,36.6,0
ノーブルヴィクター,4,84.3,10,0.0,waku,Class,TIME,last3F,16,ave3F,45.4,43.7,0
モズアカボス,5,17.6,6,0.0,waku,Class,TIME,last3F,16,ave3F,----,99.0,0
ヤングワールド,6,25.4,8,0.0,waku,Class,TIME,last3F,16,ave3F,47.5,46.3,0
ミラクルティアラ,7,4.7,2,0.0,waku,Class,TIME,last3F,16,ave3F,45.4,44.9,0
ニシノシークレット,8,155.2,15,0.0,waku,Class,TIME,last3F,16,ave3F,43.6,42.5,0
グラスシフォン,9,105.1,12,0.0,waku,Class,TIME,last3F,16,ave3F,44.1,39.1,0
サノノウォーリア,10,106.2,13,0.0,waku,Class,TIME,last3F,16,ave3F,49.9,45.8,0
ズンガリプテルス,11,157.7,16,0.0,waku,Class,TIME,last3F,16,ave3F,----,99.0,0
ミラクルキャッツ,12,11.3,4,0.0,waku,Class,TIME,last3F,16,ave3F,52.7,51.0,0
スクーバー,13,1.9,1,0.0,waku,Class,TIME,last3F,16,ave3F,39.4,38.1,0
アステロイドメア,14,24.7,7,0.0,waku,Class,TIME,last3F,16,ave3F,----,99.0,0
イルディヴィーノ,15,13.3,5,0.0,waku,Class,TIME,last3F,16,ave3F,50.8,50.8,0
スマートフォルス,16,7.1,3,0.0,waku,Class,TIME,last3F,16,ave3F,50.4,49.5,0
