﻿name,no,odds,pop_rank,power_index,place,distance,surface,pace_type,field_size,class,prev_place,prev_rank,is_chiho
アイソウザスター,1,12.7,6,0.0,waku,Class,TIME,last3F,16,ave3F,48.8,49.0,0
クーシフォン,2,34.2,10,0.0,waku,Class,TIME,last3F,16,ave3F,45.8,48.0,0
サンマルソムニア,3,52.2,11,0.0,waku,Class,TIME,last3F,16,ave3F,49.2,47.9,0
ウィズザワールド,4,21.5,8,0.0,waku,Class,TIME,last3F,16,ave3F,47.3,48.1,0
イシュタル,5,31.2,9,0.0,waku,Class,TIME,last3F,16,ave3F,49.8,47.7,0
チアフルローズ,6,302.9,14,0.0,waku,Class,TIME,last3F,16,ave3F,48.6,44.1,0
ニシノアヤカマル,7,235.8,13,0.0,waku,Class,TIME,last3F,16,ave3F,----,99.0,0
タマモタップダンス,8,3.5,2,0.0,waku,Class,TIME,last3F,16,ave3F,40.2,42.4,0
キセキノエンジェル,9,9.3,4,0.0,waku,Class,TIME,last3F,16,ave3F,57.7,52.9,0
ジューンポンポン,10,12.9,7,0.0,waku,Class,TIME,last3F,16,ave3F,50,47.1,0
エレボアブランシュ,11,11.6,5,0.0,waku,Class,TIME,last3F,16,ave3F,50.2,49.1,0
ティプシーワールド,12,76.8,12,0.0,waku,Class,TIME,last3F,16,ave3F,53.3,52.0,0
リトルポピー,13,3.1,1,0.0,waku,Class,TIME,last3F,16,ave3F,42.4,45.9,0
スノーグレース,14,6.7,3,0.0,waku,Class,TIME,last3F,16,ave3F,50.7,49.1,0
ムーランシャタン,15,438.7,15,0.0,waku,Class,TIME,last3F,16,ave3F,----,99.0,0
ミント,16,取消し,,0.0,waku,Class,TIME,last3F,16,ave3F,53.7,52.3,0
