﻿name,no,odds,pop_rank,power_index,place,distance,surface,pace_type,field_size,class,prev_place,prev_rank,is_chiho
リノアラ,1,15.4,6,0.0,waku,Class,TIME,last3F,10,ave3F,49.9,47.9,0
サウザンドスマイル,2,16.9,7,0.0,waku,Class,TIME,last3F,10,ave3F,45.7,42.4,0
グロリアスアポイ,3,68.3,10,0.0,waku,Class,TIME,last3F,10,ave3F,46.3,43.9,0
レスペディーザ,4,35.6,8,0.0,waku,Class,TIME,last3F,10,ave3F,43.4,44.8,0
マリオンエール,5,36.5,9,0.0,waku,Class,TIME,last3F,10,ave3F,49.3,47.6,0
ドゥライトアルディ,6,8.1,4,0.0,waku,Class,TIME,last3F,10,ave3F,49.8,49.4,0
エグモント,7,12.9,5,0.0,waku,Class,TIME,last3F,10,ave3F,47.7,47.8,0
エナハツホ,8,2.4,1,0.0,waku,Class,TIME,last3F,10,ave3F,50.9,51.2,0
マナウス,9,4,2,0.0,waku,Class,TIME,last3F,10,ave3F,44.7,43.2,0
ミスカイウラニ,10,4.8,3,0.0,waku,Class,TIME,last3F,10,ave3F,46.2,42.4,0
