﻿name,no,odds,pop_rank,power_index,place,distance,surface,pace_type,field_size,class,prev_place,prev_rank,is_chiho
コスモフロイデ,1,7.8,5,0.0,waku,Class,TIME,last3F,12,ave3F,47.2,47.1,0
バガン,2,3.8,1,0.0,waku,Class,TIME,last3F,12,ave3F,47.8,51.2,0
フェブサンカラ,3,242.7,12,0.0,waku,Class,TIME,last3F,12,ave3F,53.4,45.4,0
オウケンボルト,4,14.2,7,0.0,waku,Class,TIME,last3F,12,ave3F,46.4,49.2,0
マイネルカグラ,5,78.8,11,0.0,waku,Class,TIME,last3F,12,ave3F,56.3,56.3,0
タイラーテソーロ,6,33.6,9,0.0,waku,Class,TIME,last3F,12,ave3F,57.6,57.1,0
ハイエログリフ,7,10.8,6,0.0,waku,Class,TIME,last3F,12,ave3F,55,53.7,0
ヒルノアントラ,8,36.7,10,0.0,waku,Class,TIME,last3F,12,ave3F,54.4,52.1,0
ラウルピドゥ,9,5.9,3,0.0,waku,Class,TIME,last3F,12,ave3F,54.4,51.5,0
カイザー,10,4,2,0.0,waku,Class,TIME,last3F,12,ave3F,58.2,58.4,0
サトノヴィーナス,11,7,4,0.0,waku,Class,TIME,last3F,12,ave3F,55.8,51.0,0
サンズオブタイム,12,14.6,8,0.0,waku,Class,TIME,last3F,12,ave3F,45.9,48.3,0
