﻿name,no,odds,pop_rank,power_index,place,distance,surface,pace_type,field_size,class,prev_place,prev_rank,is_chiho
ビップエレナ,1,115,14,0.0,waku,Class,TIME,last3F,16,ave3F,39.8,46.1,0
ジェットエンブレム,2,10.5,4,0.0,waku,Class,TIME,last3F,16,ave3F,47.5,44.0,0
ホッコーアカツキ,3,59.5,12,0.0,waku,Class,TIME,last3F,16,ave3F,40.9,40.0,0
スズカコテキタイ,4,2.5,1,0.0,waku,Class,TIME,last3F,16,ave3F,45.9,45.3,0
フルム,5,12.3,5,0.0,waku,Class,TIME,last3F,16,ave3F,49.5,47.8,0
クロデメニル,6,35.1,9,0.0,waku,Class,TIME,last3F,16,ave3F,45.5,45.5,0
リンカーンテソーロ,7,4.5,2,0.0,waku,Class,TIME,last3F,16,ave3F,42.9,38.7,0
プレフェリータ,8,37.2,11,0.0,waku,Class,TIME,last3F,16,ave3F,40.3,39.8,0
タイセイグラシア,9,89.9,13,0.0,waku,Class,TIME,last3F,16,ave3F,50.9,51.2,0
サウンドカナロア,10,241.2,15,0.0,waku,Class,TIME,last3F,16,ave3F,44.4,47.9,0
タイキスウォード,11,6.6,3,0.0,waku,Class,TIME,last3F,16,ave3F,53.4,47.8,0
チェリーブリーズ,12,35.5,10,0.0,waku,Class,TIME,last3F,16,ave3F,41.9,37.7,0
ショウナンバービー,13,29.5,8,0.0,waku,Class,TIME,last3F,16,ave3F,51.2,49.4,0
マイステージ,14,13.2,7,0.0,waku,Class,TIME,last3F,16,ave3F,44,42.4,0
ペプチドヤマト,15,12.6,6,0.0,waku,Class,TIME,last3F,16,ave3F,37.6,37.7,0
ローレルジャック,16,278.1,16,0.0,waku,Class,TIME,last3F,16,ave3F,49,49.4,0
