﻿name,no,odds,pop_rank,power_index,place,distance,surface,pace_type,field_size,class,prev_place,prev_rank,is_chiho
バジオウ,1,7.7,4,0.0,waku,Class,TIME,last3F,15,ave3F,52.5,50.9,0
ラセット,2,50.2,11,0.0,waku,Class,TIME,last3F,15,ave3F,55,49.3,0
ヴァンランディ,3,112.5,14,0.0,waku,Class,TIME,last3F,15,ave3F,53.4,50.9,0
ダンディズム,4,12.1,5,0.0,waku,Class,TIME,last3F,15,ave3F,59.3,52.9,0
レッドベルオーブ,5,5.7,3,0.0,waku,Class,TIME,last3F,15,ave3F,45.5,51.3,0
ニホンピロスクーロ,6,48.1,10,0.0,waku,Class,TIME,last3F,15,ave3F,55.5,55.5,0
ナイママ,7,30.7,8,0.0,waku,Class,TIME,last3F,15,ave3F,51.5,52.8,0
ジェットモーション,8,46.4,9,0.0,waku,Class,TIME,last3F,15,ave3F,56.3,53.0,0
バイオスパーク,9,272.5,15,0.0,waku,Class,TIME,last3F,15,ave3F,43.1,48.3,0
ゴールドギア,10,93.8,13,0.0,waku,Class,TIME,last3F,15,ave3F,47.4,49.7,0
エヴァーガーデン,11,27.2,7,0.0,waku,Class,TIME,last3F,15,ave3F,55,56.2,0
ビッグリボン,12,3.5,2,0.0,waku,Class,TIME,last3F,15,ave3F,51.7,46.7,0
ディープモンスター,13,2.8,1,0.0,waku,Class,TIME,last3F,15,ave3F,51.5,49.7,0
プリマヴィスタ,14,16,6,0.0,waku,Class,TIME,last3F,15,ave3F,56.6,52.9,0
プレシャスブルー,15,74,12,0.0,waku,Class,TIME,last3F,15,ave3F,56.6,50.9,0
