﻿name,no,odds,pop_rank,power_index,place,distance,surface,pace_type,field_size,class,prev_place,prev_rank,is_chiho
ディオ,1,1.7,1,0.0,waku,Class,TIME,last3F,17,ave3F,52.9,50.6,0
アイキャンドウイッ,2,19,6,0.0,waku,Class,TIME,last3F,17,ave3F,49.7,54.2,0
オーダーナチュラル,3,21.6,7,0.0,waku,Class,TIME,last3F,17,ave3F,63.1,60.7,0
ザウリ,4,270.3,16,0.0,waku,Class,TIME,last3F,17,ave3F,43.2,43.1,0
エンギダルマ,5,12,5,0.0,waku,Class,TIME,last3F,17,ave3F,42.9,47.1,0
クワイエット,6,229.3,15,0.0,waku,Class,TIME,last3F,17,ave3F,55.5,54.8,0
エリカフェリーチェ,7,35.2,9,0.0,waku,Class,TIME,last3F,17,ave3F,58.5,57.4,0
イスラグランデ,8,84.7,12,0.0,waku,Class,TIME,last3F,17,ave3F,56.1,55.4,0
サトノスカイターフ,9,9.2,4,0.0,waku,Class,TIME,last3F,17,ave3F,58.6,51.8,0
ロードリライアブル,10,49.7,11,0.0,waku,Class,TIME,last3F,17,ave3F,52.6,46.3,0
クレイジーリッチ,11,546.2,17,0.0,waku,Class,TIME,last3F,17,ave3F,----,51.0,0
クロニクルノヴァ,12,31.1,8,0.0,waku,Class,TIME,last3F,17,ave3F,54.4,54.7,0
ミツルハピネス,13,7.7,3,0.0,waku,Class,TIME,last3F,17,ave3F,51.2,49.8,0
ロゼクラン,14,103.4,13,0.0,waku,Class,TIME,last3F,17,ave3F,56.6,53.1,0
ルショコラ,15,166.6,14,0.0,waku,Class,TIME,last3F,17,ave3F,41.4,39.3,0
アンフィニドール,16,7.5,2,0.0,waku,Class,TIME,last3F,17,ave3F,53,54.8,0
アンジェリーナ,17,40.1,10,0.0,waku,Class,TIME,last3F,17,ave3F,53.7,51.4,0
