﻿name,no,odds,pop_rank,power_index,place,distance,surface,pace_type,field_size,class,prev_place,prev_rank,is_chiho
マテンロウスパーク,1,53.9,11,0.0,waku,Class,TIME,last3F,16,ave3F,51.3,53.6,0
ホウオウルバン,2,48,10,0.0,waku,Class,TIME,last3F,16,ave3F,39.8,46.4,0
ヒロイックテイル,3,85.9,13,0.0,waku,Class,TIME,last3F,16,ave3F,45.4,49.1,0
バイシュラバナ,4,2.8,1,0.0,waku,Class,TIME,last3F,16,ave3F,54,53.6,0
キスラー,5,19.6,6,0.0,waku,Class,TIME,last3F,16,ave3F,53.9,48.6,0
ロードリバーサル,6,185.6,16,0.0,waku,Class,TIME,last3F,16,ave3F,51.1,53.6,0
メイショウフンジン,7,6.4,4,0.0,waku,Class,TIME,last3F,16,ave3F,48,49.2,0
アイスジャイアント,8,143.7,14,0.0,waku,Class,TIME,last3F,16,ave3F,----,99.0,0
トランスナショナル,9,62.8,12,0.0,waku,Class,TIME,last3F,16,ave3F,45,49.7,0
ペルセウスシチー,10,32.1,8,0.0,waku,Class,TIME,last3F,16,ave3F,49.9,48.3,0
フィニステール,11,4.8,2,0.0,waku,Class,TIME,last3F,16,ave3F,53.7,48.2,0
ダノンスプレンダー,12,36.1,9,0.0,waku,Class,TIME,last3F,16,ave3F,40.7,45.2,0
ユアヒストリー,13,158.6,15,0.0,waku,Class,TIME,last3F,16,ave3F,48.9,49.7,0
ゴッドセレクション,14,29.6,7,0.0,waku,Class,TIME,last3F,16,ave3F,36.3,46.1,0
フラーレン,15,7,5,0.0,waku,Class,TIME,last3F,16,ave3F,47.7,47.7,0
ペプチドナイル,16,5.8,3,0.0,waku,Class,TIME,last3F,16,ave3F,51.2,50.5,0
