﻿name,no,odds,pop_rank,power_index,place,distance,surface,pace_type,field_size,class,prev_place,prev_rank,is_chiho
タガノパッション,1,5.8,3,0.0,waku,Class,TIME,last3F,16,ave3F,62.3,56.2,0
ウインエクレール,2,11.3,5,0.0,waku,Class,TIME,last3F,16,ave3F,55.3,54.6,0
アインゲーブング,3,93.8,11,0.0,waku,Class,TIME,last3F,16,ave3F,56.9,54.6,0
スノームーン,4,取消し,,0.0,waku,Class,TIME,last3F,16,ave3F,45.2,48.3,0
アルーリングウェイ,5,18.5,6,0.0,waku,Class,TIME,last3F,16,ave3F,47.6,44.8,0
ノワールドゥジェ,6,10.6,4,0.0,waku,Class,TIME,last3F,16,ave3F,58.7,57.8,0
オハナ,7,291.4,15,0.0,waku,Class,TIME,last3F,16,ave3F,60.7,55.7,0
ミスフィガロ,8,19.9,7,0.0,waku,Class,TIME,last3F,16,ave3F,61.8,58.6,0
ローゼライト,9,57.2,10,0.0,waku,Class,TIME,last3F,16,ave3F,57.4,56.2,0
コスタボニータ,10,31.3,8,0.0,waku,Class,TIME,last3F,16,ave3F,53.2,53.8,0
モリノカンナチャン,11,193.6,13,0.0,waku,Class,TIME,last3F,16,ave3F,59.3,57.2,0
サンタグラシア,12,249.1,14,0.0,waku,Class,TIME,last3F,16,ave3F,63,56.2,0
リアグラシア,13,2.3,1,0.0,waku,Class,TIME,last3F,16,ave3F,55.3,52.4,0
ブルームスベリー,14,154.6,12,0.0,waku,Class,TIME,last3F,16,ave3F,56.4,55.5,0
ストーリア,15,3.8,2,0.0,waku,Class,TIME,last3F,16,ave3F,56.7,53.2,0
ホウオウラスカーズ,16,50.2,9,0.0,waku,Class,TIME,last3F,16,ave3F,60.1,57.8,0
