﻿name,no,odds,pop_rank,power_index,place,distance,surface,pace_type,field_size,class,prev_place,prev_rank,is_chiho
ショウナンバシット,1,2.8,2,0.0,waku,Class,TIME,last3F,6,ave3F,51,50.1,0
アヴニールドブリエ,2,4.5,3,0.0,waku,Class,TIME,last3F,6,ave3F,58.7,45.0,0
シャザーン,3,1.8,1,0.0,waku,Class,TIME,last3F,6,ave3F,70.2,70.2,0
セオ,4,19.8,5,0.0,waku,Class,TIME,last3F,6,ave3F,58.5,57.1,0
サトノクローク,5,62.4,6,0.0,waku,Class,TIME,last3F,6,ave3F,55.2,53.9,0
エゾダイモン,6,13.7,4,0.0,waku,Class,TIME,last3F,6,ave3F,53.2,51.8,0
