﻿name,no,odds,pop_rank,power_index,place,distance,surface,pace_type,field_size,class,prev_place,prev_rank,is_chiho
スミ,1,12.3,5,0.0,waku,Class,TIME,last3F,16,ave3F,41,41.7,0
フローラルドレス,2,103.3,15,0.0,waku,Class,TIME,last3F,16,ave3F,52.9,50.6,0
グレナデンシロップ,3,95.3,14,0.0,waku,Class,TIME,last3F,16,ave3F,51.9,49.1,0
ワーフデール,4,11.6,4,0.0,waku,Class,TIME,last3F,16,ave3F,49.2,50.3,0
エルソール,5,11.2,3,0.0,waku,Class,TIME,last3F,16,ave3F,46.3,50.7,0
マテンロウルビー,6,54.9,13,0.0,waku,Class,TIME,last3F,16,ave3F,45.2,42.9,0
ダンツチョイス,7,20,8,0.0,waku,Class,TIME,last3F,16,ave3F,48.1,46.4,0
ヴェールアップ,8,6.9,2,0.0,waku,Class,TIME,last3F,16,ave3F,47,50.7,0
ウォーターアンク,9,23.8,9,0.0,waku,Class,TIME,last3F,16,ave3F,57.2,58.3,0
ヴァンルーラー,10,12.4,6,0.0,waku,Class,TIME,last3F,16,ave3F,50.6,50.3,0
ウインルーア,11,49.3,11,0.0,waku,Class,TIME,last3F,16,ave3F,51.4,52.1,0
デルマセドナ,12,17.7,7,0.0,waku,Class,TIME,last3F,16,ave3F,50.9,48.2,0
レヴール,13,1.9,1,0.0,waku,Class,TIME,last3F,16,ave3F,48,48.0,0
ラフリッグフェル,14,53.2,12,0.0,waku,Class,TIME,last3F,16,ave3F,49.3,42.9,0
ウインホノカ,15,205.7,16,0.0,waku,Class,TIME,last3F,16,ave3F,51,51.5,0
センタースリール,16,43.8,10,0.0,waku,Class,TIME,last3F,16,ave3F,43.7,50.6,0
