﻿name,no,odds,pop_rank,power_index,place,distance,surface,pace_type,field_size,class,prev_place,prev_rank,is_chiho
ウインエイムハイ,1,133.9,14,0.0,waku,Class,TIME,last3F,16,ave3F,----,99.0,0
ナンヨーアゼリア,2,26.6,9,0.0,waku,Class,TIME,last3F,16,ave3F,52.8,49.2,0
エスコバル,3,4.1,2,0.0,waku,Class,TIME,last3F,16,ave3F,50.4,49.3,0
ダイバリオン,4,2.9,1,0.0,waku,Class,TIME,last3F,16,ave3F,58.9,58.0,0
ルージュカルミア,5,4.2,3,0.0,waku,Class,TIME,last3F,16,ave3F,60.8,58.4,0
スピアヘッド,6,139.7,15,0.0,waku,Class,TIME,last3F,16,ave3F,----,99.0,0
オメガオリーブ,7,190.5,16,0.0,waku,Class,TIME,last3F,16,ave3F,55.8,53.9,0
セブンフォールド,8,23,6,0.0,waku,Class,TIME,last3F,16,ave3F,53.4,54.1,0
ノーエクスキューズ,9,42.6,10,0.0,waku,Class,TIME,last3F,16,ave3F,53.1,53.3,0
マイネルヒッツェ,10,49.8,11,0.0,waku,Class,TIME,last3F,16,ave3F,56.6,58.4,0
ヴィブラツィオーネ,11,25.8,8,0.0,waku,Class,TIME,last3F,16,ave3F,50.3,47.1,0
ステラナビゲーター,12,57,12,0.0,waku,Class,TIME,last3F,16,ave3F,52.4,51.5,0
ジュエルラビシア,13,7.9,4,0.0,waku,Class,TIME,last3F,16,ave3F,54.9,51.1,0
オレンジフィズ,14,17.6,5,0.0,waku,Class,TIME,last3F,16,ave3F,51.8,52.9,0
ドラミモン,15,24.4,7,0.0,waku,Class,TIME,last3F,16,ave3F,64.1,60.0,0
フェルマーテ,16,78.4,13,0.0,waku,Class,TIME,last3F,16,ave3F,53.4,51.8,0
