﻿name,no,odds,pop_rank,power_index,place,distance,surface,pace_type,field_size,class,prev_place,prev_rank,is_chiho
ドラゴンズバック,1,471.5,16,0.0,waku,Class,TIME,last3F,16,ave3F,56.3,47.5,0
ゴッドクインビー,2,62.5,9,0.0,waku,Class,TIME,last3F,16,ave3F,40.8,39.1,0
コズミックランナー,3,340.7,15,0.0,waku,Class,TIME,last3F,16,ave3F,42.7,39.1,0
メイショウフンケイ,4,5.7,3,0.0,waku,Class,TIME,last3F,16,ave3F,41.7,41.6,0
サウンドブライアン,5,138.4,12,0.0,waku,Class,TIME,last3F,16,ave3F,45.8,46.1,0
ジョウショーリード,6,319.7,14,0.0,waku,Class,TIME,last3F,16,ave3F,50.5,52.1,0
ゼットノヴァ,7,5.3,2,0.0,waku,Class,TIME,last3F,16,ave3F,44.3,41.7,0
コウイチ,8,101.2,11,0.0,waku,Class,TIME,last3F,16,ave3F,39.6,39.1,0
メイショウフォイル,9,205.2,13,0.0,waku,Class,TIME,last3F,16,ave3F,45.6,46.5,0
ペプチドサンライズ,10,31.8,7,0.0,waku,Class,TIME,last3F,16,ave3F,44.2,42.0,0
メイショウミツヤス,11,21.8,6,0.0,waku,Class,TIME,last3F,16,ave3F,40.8,39.1,0
クレア,12,10.9,4,0.0,waku,Class,TIME,last3F,16,ave3F,38.7,42.0,0
メルシー,13,14.1,5,0.0,waku,Class,TIME,last3F,16,ave3F,57,49.6,0
オステリア,14,35.4,8,0.0,waku,Class,TIME,last3F,16,ave3F,50.9,51.0,0
ヨーデル,15,67.1,10,0.0,waku,Class,TIME,last3F,16,ave3F,39.5,44.4,0
スマートラプター,16,1.7,1,0.0,waku,Class,TIME,last3F,16,ave3F,40.1,39.6,0
