﻿name,no,odds,pop_rank,power_index,place,distance,surface,pace_type,field_size,class,prev_place,prev_rank,is_chiho
ロン,1,2.4,2,0.0,waku,Class,TIME,last3F,10,ave3F,55.9,50.7,0
デビットバローズ,2,16.1,6,0.0,waku,Class,TIME,last3F,10,ave3F,56.9,56.9,0
マテンロウスカイ,3,6.5,3,0.0,waku,Class,TIME,last3F,10,ave3F,51.9,51.9,0
エーティーソブリン,4,52.8,7,0.0,waku,Class,TIME,last3F,10,ave3F,56.8,50.7,0
アトミカ,5,255.3,10,0.0,waku,Class,TIME,last3F,10,ave3F,57.5,53.8,0
ロワンディシー,6,10.3,4,0.0,waku,Class,TIME,last3F,10,ave3F,56.5,50.3,0
ヒルノショパン,7,117.9,9,0.0,waku,Class,TIME,last3F,10,ave3F,54.8,54.8,0
ジュンブロッサム,8,2.4,1,0.0,waku,Class,TIME,last3F,10,ave3F,61.2,57.9,0
カルタゴ,9,101.4,8,0.0,waku,Class,TIME,last3F,10,ave3F,55.4,53.1,0
サトノペルセウス,10,11.8,5,0.0,waku,Class,TIME,last3F,10,ave3F,53.1,54.1,0
