﻿name,no,odds,pop_rank,power_index,place,distance,surface,pace_type,field_size,class,prev_place,prev_rank,is_chiho
ブリンク,1,77.4,11,0.0,waku,Class,TIME,last3F,14,ave3F,47.3,48.6,0
ライブインステラ,2,9.5,5,0.0,waku,Class,TIME,last3F,14,ave3F,52.5,45.9,0
エルバルーチェ,3,24.6,8,0.0,waku,Class,TIME,last3F,14,ave3F,56.9,58.4,0
ヴァイオルナ,4,110.7,12,0.0,waku,Class,TIME,last3F,14,ave3F,59.7,58.2,0
リュクスフレンド,5,12.3,6,0.0,waku,Class,TIME,last3F,14,ave3F,49.2,45.9,0
ラスマドレス,6,3.8,1,0.0,waku,Class,TIME,last3F,14,ave3F,48.7,48.1,0
ベッラアルバ,7,4.1,3,0.0,waku,Class,TIME,last3F,14,ave3F,55.2,54.9,0
エレフセリア,8,6.5,4,0.0,waku,Class,TIME,last3F,14,ave3F,49.6,48.4,0
ジェラペッシュ,9,338.1,14,0.0,waku,Class,TIME,last3F,14,ave3F,46.9,48.4,0
アールフォルス,10,17.7,7,0.0,waku,Class,TIME,last3F,14,ave3F,53.5,50.6,0
ユイ,11,71,10,0.0,waku,Class,TIME,last3F,14,ave3F,----,99.0,0
ルージュラジョア,12,4,2,0.0,waku,Class,TIME,last3F,14,ave3F,52.9,49.4,0
ビヨンドザリミット,13,140.5,13,0.0,waku,Class,TIME,last3F,14,ave3F,48.4,53.3,0
ミナモトフェイス,14,54.7,9,0.0,waku,Class,TIME,last3F,14,ave3F,49.3,45.9,0
