﻿name,no,odds,pop_rank,power_index,place,distance,surface,pace_type,field_size,class,prev_place,prev_rank,is_chiho
マテンロウマジック,1,11.2,6,0.0,waku,Class,TIME,last3F,11,ave3F,51.1,49.5,0
メイショウゲキリン,2,3.5,1,0.0,waku,Class,TIME,last3F,11,ave3F,44.5,46.2,0
グッドリドゥンス,3,295.9,11,0.0,waku,Class,TIME,last3F,11,ave3F,50.3,50.2,0
ジャスパーグレイト,4,5.7,5,0.0,waku,Class,TIME,last3F,11,ave3F,49.6,50.6,0
アルベニス,5,29.3,8,0.0,waku,Class,TIME,last3F,11,ave3F,55.1,54.9,0
ファイヴレター,6,230.6,10,0.0,waku,Class,TIME,last3F,11,ave3F,56.4,58.3,0
タガノエスコート,7,4.7,2,0.0,waku,Class,TIME,last3F,11,ave3F,47.4,46.2,0
ウインザナドゥ,8,17.4,7,0.0,waku,Class,TIME,last3F,11,ave3F,54.2,51.8,0
テイエムフォンテ,9,59.5,9,0.0,waku,Class,TIME,last3F,11,ave3F,44.6,46.4,0
シゲルバクハツ,10,5.1,3,0.0,waku,Class,TIME,last3F,11,ave3F,54.7,48.2,0
エクセスリターン,11,5.3,4,0.0,waku,Class,TIME,last3F,11,ave3F,47.2,50.0,0
