﻿name,no,odds,pop_rank,power_index,place,distance,surface,pace_type,field_size,class,prev_place,prev_rank,is_chiho
インナリオ,1,59.1,8,0.0,waku,Class,TIME,last3F,10,ave3F,54,53.0,0
オウケンロジータ,2,209.6,9,0.0,waku,Class,TIME,last3F,10,ave3F,47.6,47.6,0
ルージュリナージュ,3,1.9,1,0.0,waku,Class,TIME,last3F,10,ave3F,56.1,47.1,0
アラビアンナイト,4,15.1,5,0.0,waku,Class,TIME,last3F,10,ave3F,56.9,52.1,0
テーオーアリエス,5,41.4,7,0.0,waku,Class,TIME,last3F,10,ave3F,54.8,49.2,0
エコルフリューゲル,6,15.1,6,0.0,waku,Class,TIME,last3F,10,ave3F,52.4,50.0,0
グレースオブナイル,7,362.5,10,0.0,waku,Class,TIME,last3F,10,ave3F,56.5,55.5,0
ロマンシングブルー,8,3.6,2,0.0,waku,Class,TIME,last3F,10,ave3F,57.8,57.4,0
ヒットザシーン,9,10.4,4,0.0,waku,Class,TIME,last3F,10,ave3F,51.8,49.2,0
エクランドール,10,5.5,3,0.0,waku,Class,TIME,last3F,10,ave3F,63.1,60.2,0
