﻿name,no,odds,pop_rank,power_index,place,distance,surface,pace_type,field_size,class,prev_place,prev_rank,is_chiho
シェイクユアハート,1,26.2,7,0.0,waku,Class,TIME,last3F,8,ave3F,50,48.1,0
フリームファクシ,2,1.3,1,0.0,waku,Class,TIME,last3F,8,ave3F,65.2,61.5,0
クールミラボー,3,26,6,0.0,waku,Class,TIME,last3F,8,ave3F,51.2,50.3,0
レミージュ,4,10.1,3,0.0,waku,Class,TIME,last3F,8,ave3F,55.3,53.2,0
ロゼル,5,17.8,4,0.0,waku,Class,TIME,last3F,8,ave3F,62,60.8,0
トーセントラム,6,74.8,8,0.0,waku,Class,TIME,last3F,8,ave3F,51.9,47.9,0
オープンファイア,7,4.1,2,0.0,waku,Class,TIME,last3F,8,ave3F,68.6,66.2,0
ノーブルライジング,8,22.7,5,0.0,waku,Class,TIME,last3F,8,ave3F,57.8,52.8,0
