﻿name,no,odds,pop_rank,power_index,place,distance,surface,pace_type,field_size,class,prev_place,prev_rank,is_chiho
ヒロノタイリク,1,149.6,12,0.0,waku,Class,TIME,last3F,12,ave3F,----,99.0,0
ギンノサジ,2,20.8,7,0.0,waku,Class,TIME,last3F,12,ave3F,51.6,55.0,0
キュンストラー,3,62.2,11,0.0,waku,Class,TIME,last3F,12,ave3F,58.2,57.7,0
タイミングハート,4,15.6,6,0.0,waku,Class,TIME,last3F,12,ave3F,56.1,52.8,0
テーオーアストル,5,52.4,10,0.0,waku,Class,TIME,last3F,12,ave3F,----,99.0,0
タガノバルコス,6,27.9,9,0.0,waku,Class,TIME,last3F,12,ave3F,47.2,49.4,0
ゼンノインヴォーク,7,4,2,0.0,waku,Class,TIME,last3F,12,ave3F,53.8,54.7,0
マケルナマサムネ,8,2.3,1,0.0,waku,Class,TIME,last3F,12,ave3F,57.8,57.3,0
ウインマイルート,9,6,3,0.0,waku,Class,TIME,last3F,12,ave3F,50.9,51.8,0
グレートキャンベラ,10,21.8,8,0.0,waku,Class,TIME,last3F,12,ave3F,----,99.0,0
ミアステラ,11,9.6,4,0.0,waku,Class,TIME,last3F,12,ave3F,55.9,57.7,0
アスカノミライ,12,14,5,0.0,waku,Class,TIME,last3F,12,ave3F,54,51.8,0
