﻿name,no,odds,pop_rank,power_index,place,distance,surface,pace_type,field_size,class,prev_place,prev_rank,is_chiho
シンシアリダーリン,1,78.1,10,0.0,waku,Class,TIME,last3F,11,ave3F,33.2,53.8,0
アップデート,2,8.3,5,0.0,waku,Class,TIME,last3F,11,ave3F,60.4,58.1,0
セグレドスペリオル,3,33.4,7,0.0,waku,Class,TIME,last3F,11,ave3F,62.3,61.0,0
ジャスティンヴェル,4,6.6,3,0.0,waku,Class,TIME,last3F,11,ave3F,57.1,55.7,0
カンティプール,5,1.9,1,0.0,waku,Class,TIME,last3F,11,ave3F,57.9,59.9,0
マイネルステレール,6,230.5,11,0.0,waku,Class,TIME,last3F,11,ave3F,61.3,60.2,0
ルミネイト,7,21.9,6,0.0,waku,Class,TIME,last3F,11,ave3F,58.6,56.3,0
ヘネラルカレーラ,8,7.8,4,0.0,waku,Class,TIME,last3F,11,ave3F,55.2,54.8,0
ホウオウバニラ,9,4.5,2,0.0,waku,Class,TIME,last3F,11,ave3F,55.9,54.8,0
ウインミニヨン,10,50.2,8,0.0,waku,Class,TIME,last3F,11,ave3F,55.9,54.1,0
アトミックフレア,11,70.5,9,0.0,waku,Class,TIME,last3F,11,ave3F,53.5,52.3,0
