﻿name,no,odds,pop_rank,power_index,place,distance,surface,pace_type,field_size,class,prev_place,prev_rank,is_chiho
ヴァーチャリティ,1,55.5,7,0.0,waku,Class,TIME,last3F,9,ave3F,39.5,39.6,0
サトノラムセス,2,2,1,0.0,waku,Class,TIME,last3F,9,ave3F,47.8,45.6,0
スズカカナロア,3,99.6,8,0.0,waku,Class,TIME,last3F,9,ave3F,48.2,45.7,0
ブライトオンベイス,4,8.9,4,0.0,waku,Class,TIME,last3F,9,ave3F,47.9,53.2,0
セリシア,5,19,6,0.0,waku,Class,TIME,last3F,9,ave3F,46.9,43.1,0
ショウナンアレス,6,4.5,3,0.0,waku,Class,TIME,last3F,9,ave3F,46.7,45.6,0
ミスボニータ,7,4.2,2,0.0,waku,Class,TIME,last3F,9,ave3F,56.6,56.6,0
アイスリアン,8,130.5,9,0.0,waku,Class,TIME,last3F,9,ave3F,44.1,44.0,0
タイセイシェダル,9,9.4,5,0.0,waku,Class,TIME,last3F,9,ave3F,47.5,46.1,0
