﻿name,no,odds,pop_rank,power_index,place,distance,surface,pace_type,field_size,class,prev_place,prev_rank,is_chiho
マイネルダグラス,1,34.6,9,0.0,waku,Class,TIME,last3F,14,ave3F,54.1,54.1,0
シーニックウェイ,2,7.8,5,0.0,waku,Class,TIME,last3F,14,ave3F,59.9,59.9,0
マイシンフォニー,3,3.2,1,0.0,waku,Class,TIME,last3F,14,ave3F,64,52.7,0
オーソレミオ,4,14.8,6,0.0,waku,Class,TIME,last3F,14,ave3F,55.7,45.9,0
シゲルローズマリー,5,36.1,10,0.0,waku,Class,TIME,last3F,14,ave3F,54.2,50.0,0
シューラヴァラ,6,45.7,11,0.0,waku,Class,TIME,last3F,14,ave3F,38.4,39.5,0
ダークエクリプス,7,4.7,2,0.0,waku,Class,TIME,last3F,14,ave3F,49.8,50.1,0
メイショウカクウン,8,62.4,12,0.0,waku,Class,TIME,last3F,14,ave3F,54.2,54.1,0
ホウオウジョルノ,9,22.9,8,0.0,waku,Class,TIME,last3F,14,ave3F,47.6,52.1,0
エアミアーニ,10,7.7,4,0.0,waku,Class,TIME,last3F,14,ave3F,63.8,57.1,0
スウィートブルーム,11,19.8,7,0.0,waku,Class,TIME,last3F,14,ave3F,53.9,55.5,0
ポールトゥウィン,12,116.2,13,0.0,waku,Class,TIME,last3F,14,ave3F,51.6,52.8,0
タイクーンバゴ,13,217,14,0.0,waku,Class,TIME,last3F,14,ave3F,60.5,61.0,0
ジャスティンエース,14,4.8,3,0.0,waku,Class,TIME,last3F,14,ave3F,55.5,55.5,0
