﻿name,no,odds,pop_rank,power_index,place,distance,surface,pace_type,field_size,class,prev_place,prev_rank,is_chiho
ビップアクア,1,87.3,9,0.0,waku,Class,TIME,last3F,15,ave3F,36.1,42.1,0
クリーンジーニアス,2,2.4,1,0.0,waku,Class,TIME,last3F,15,ave3F,42.2,42.2,0
トモジャアルマンド,3,40.7,8,0.0,waku,Class,TIME,last3F,15,ave3F,46.2,49.2,0
テイエムフェロー,4,4,2,0.0,waku,Class,TIME,last3F,15,ave3F,48.1,49.2,0
リッキーヤスオカ,5,6.3,3,0.0,waku,Class,TIME,last3F,15,ave3F,48.6,49.2,0
レディアリエス,6,22.4,7,0.0,waku,Class,TIME,last3F,15,ave3F,49.9,51.5,0
ピースキーパー,7,10.8,6,0.0,waku,Class,TIME,last3F,15,ave3F,52.3,50.9,0
ナオミニデレデレヤ,8,109.4,11,0.0,waku,Class,TIME,last3F,15,ave3F,----,99.0,0
ランスオブミューズ,9,248.7,15,0.0,waku,Class,TIME,last3F,15,ave3F,36.7,45.5,0
パレドジュスティス,10,108,10,0.0,waku,Class,TIME,last3F,15,ave3F,41.6,38.9,0
サイモンカーチス,11,171.4,14,0.0,waku,Class,TIME,last3F,15,ave3F,38.1,41.7,0
プレイテシア,12,9.1,5,0.0,waku,Class,TIME,last3F,15,ave3F,44.9,40.1,0
パレフォーコン,13,9,4,0.0,waku,Class,TIME,last3F,15,ave3F,44.4,44.9,0
ファイティング,14,156,13,0.0,waku,Class,TIME,last3F,15,ave3F,51.7,46.3,0
イチローイチロー,15,136.5,12,0.0,waku,Class,TIME,last3F,15,ave3F,----,99.0,0
