﻿name,no,odds,pop_rank,power_index,place,distance,surface,pace_type,field_size,class,prev_place,prev_rank,is_chiho
スズカサウスソング,1,112.4,13,0.0,waku,Class,TIME,last3F,16,ave3F,44.4,44.6,0
サウンドサンビーム,2,4.7,3,0.0,waku,Class,TIME,last3F,16,ave3F,51.7,42.0,0
ナムラフランク,3,3.1,1,0.0,waku,Class,TIME,last3F,16,ave3F,48.9,47.5,0
オンリーワンスター,4,138.9,14,0.0,waku,Class,TIME,last3F,16,ave3F,40.1,39.8,0
ポケットロケット,5,44.7,11,0.0,waku,Class,TIME,last3F,16,ave3F,40.8,44.0,0
フォックススリープ,6,54.6,12,0.0,waku,Class,TIME,last3F,16,ave3F,42.6,39.6,0
キタノエクスプレス,7,4.1,2,0.0,waku,Class,TIME,last3F,16,ave3F,39.5,40.6,0
セイウンハルカニ,8,22.5,7,0.0,waku,Class,TIME,last3F,16,ave3F,41.2,40.7,0
オカリナ,9,31.3,9,0.0,waku,Class,TIME,last3F,16,ave3F,47.6,42.0,0
メイショウフジタカ,10,13.2,5,0.0,waku,Class,TIME,last3F,16,ave3F,45.9,45.9,0
クレド,11,23.6,8,0.0,waku,Class,TIME,last3F,16,ave3F,48.9,46.3,0
カフジエニアゴン,12,7.4,4,0.0,waku,Class,TIME,last3F,16,ave3F,41.5,43.3,0
ゴールドクロス,13,168.5,15,0.0,waku,Class,TIME,last3F,16,ave3F,44.8,42.6,0
カジュフェイス,14,40.9,10,0.0,waku,Class,TIME,last3F,16,ave3F,45,47.3,0
オンザダブル,15,17.8,6,0.0,waku,Class,TIME,last3F,16,ave3F,42.3,40.7,0
メイショウオウギ,16,184.5,16,0.0,waku,Class,TIME,last3F,16,ave3F,46,48.6,0
