﻿name,no,odds,pop_rank,power_index,place,distance,surface,pace_type,field_size,class,prev_place,prev_rank,is_chiho
トレンディスター,1,4.4,2,0.0,waku,Class,TIME,last3F,15,ave3F,50.3,51.2,0
スリーアイランド,2,4,1,0.0,waku,Class,TIME,last3F,15,ave3F,44.5,45.6,0
ユカリプレリュード,3,58,10,0.0,waku,Class,TIME,last3F,15,ave3F,45.2,45.2,0
シャーマンロック,4,108,12,0.0,waku,Class,TIME,last3F,15,ave3F,----,99.0,0
ミヤジトレヴ,5,91.9,11,0.0,waku,Class,TIME,last3F,15,ave3F,53.4,44.8,0
オンネマトカ,6,257.8,14,0.0,waku,Class,TIME,last3F,15,ave3F,----,99.0,0
メイショウコギク,7,27.7,9,0.0,waku,Class,TIME,last3F,15,ave3F,49.9,51.7,0
サザーランド,8,9.6,5,0.0,waku,Class,TIME,last3F,15,ave3F,----,99.0,0
ルイス,9,213.8,13,0.0,waku,Class,TIME,last3F,15,ave3F,32.6,42.6,0
タマモブラックタイ,10,5.4,3,0.0,waku,Class,TIME,last3F,15,ave3F,50.6,54.6,0
ミシェラドラータ,11,12.8,7,0.0,waku,Class,TIME,last3F,15,ave3F,56,50.9,0
シンプリーオーサム,12,5.6,4,0.0,waku,Class,TIME,last3F,15,ave3F,----,99.0,0
カナ,13,326,15,0.0,waku,Class,TIME,last3F,15,ave3F,49.7,41.7,0
ニシノトキメキ,14,14.5,8,0.0,waku,Class,TIME,last3F,15,ave3F,52,51.2,0
リサリサ,15,12,6,0.0,waku,Class,TIME,last3F,15,ave3F,47.8,49.1,0
