﻿name,no,odds,pop_rank,power_index,place,distance,surface,pace_type,field_size,class,prev_place,prev_rank,is_chiho
ドリームインパクト,1,32,7,0.0,waku,Class,TIME,last3F,13,ave3F,53.5,46.4,0
ニシノボルテージ,2,207.8,9,0.0,waku,Class,TIME,last3F,13,ave3F,49.6,41.8,0
ジオフロント,3,13.7,5,0.0,waku,Class,TIME,last3F,13,ave3F,51.3,50.5,0
ダノンターキッシュ,4,46.1,8,0.0,waku,Class,TIME,last3F,13,ave3F,51.4,50.1,0
ウインエアフォルク,5,296,12,0.0,waku,Class,TIME,last3F,13,ave3F,52.8,50.5,0
キングズパレス,6,3.1,2,0.0,waku,Class,TIME,last3F,13,ave3F,52.8,52.5,0
エクセレントタイム,7,12.9,4,0.0,waku,Class,TIME,last3F,13,ave3F,60.1,58.1,0
クリノキングボス,8,523.4,13,0.0,waku,Class,TIME,last3F,13,ave3F,57.6,60.7,0
バラジ,9,2.2,1,0.0,waku,Class,TIME,last3F,13,ave3F,59.4,58.2,0
リヴェット,10,229.8,11,0.0,waku,Class,TIME,last3F,13,ave3F,45,50.2,0
レッドミラージュ,11,5.1,3,0.0,waku,Class,TIME,last3F,13,ave3F,56.4,54.4,0
エンドロール,12,215.7,10,0.0,waku,Class,TIME,last3F,13,ave3F,59.8,58.1,0
ミステリーウェイ,13,14.7,6,0.0,waku,Class,TIME,last3F,13,ave3F,56.8,57.3,0
