﻿name,no,odds,pop_rank,power_index,place,distance,surface,pace_type,field_size,class,prev_place,prev_rank,is_chiho
ボルカンバル,1,292.5,15,0.0,waku,Class,TIME,last3F,16,ave3F,47.3,42.6,0
ウインアキレウス,2,46.1,8,0.0,waku,Class,TIME,last3F,16,ave3F,43.2,45.7,0
ジョディーズマロン,3,11.1,4,0.0,waku,Class,TIME,last3F,16,ave3F,49.7,49.4,0
ヨドノビクトリー,4,418.7,16,0.0,waku,Class,TIME,last3F,16,ave3F,43.8,42.6,0
クインズレモン,5,48.5,9,0.0,waku,Class,TIME,last3F,16,ave3F,43.8,46.6,0
ナンヨープランタン,6,165.5,14,0.0,waku,Class,TIME,last3F,16,ave3F,49.5,49.8,0
ハッピースワニー,7,9.1,3,0.0,waku,Class,TIME,last3F,16,ave3F,50.1,48.0,0
レオノーレ,8,1.8,1,0.0,waku,Class,TIME,last3F,16,ave3F,50.4,48.0,0
ノーリス,9,23.1,7,0.0,waku,Class,TIME,last3F,16,ave3F,52.8,52.3,0
チュウワノキセキ,10,18.2,6,0.0,waku,Class,TIME,last3F,16,ave3F,50.3,46.6,0
ボルサリーノ,11,69.1,12,0.0,waku,Class,TIME,last3F,16,ave3F,44.6,48.4,0
ヘイセイメジャー,12,68.1,11,0.0,waku,Class,TIME,last3F,16,ave3F,48.1,46.3,0
モズリッキー,13,4.8,2,0.0,waku,Class,TIME,last3F,16,ave3F,51.6,48.6,0
ヤマニンペダラーダ,14,130.6,13,0.0,waku,Class,TIME,last3F,16,ave3F,49.4,49.4,0
ワルツフォーラン,15,64.4,10,0.0,waku,Class,TIME,last3F,16,ave3F,45.1,42.2,0
プライムライン,16,11.5,5,0.0,waku,Class,TIME,last3F,16,ave3F,43.4,41.7,0
