﻿name,no,odds,pop_rank,power_index,place,distance,surface,pace_type,field_size,class,prev_place,prev_rank,is_chiho
ヤマトコウセイ,1,11.6,7,0.0,waku,Class,TIME,last3F,18,ave3F,43.3,42.2,0
ロードベイリーフ,2,35.8,13,0.0,waku,Class,TIME,last3F,18,ave3F,50,48.0,0
マウンテンムスメ,3,20.1,10,0.0,waku,Class,TIME,last3F,18,ave3F,50,49.7,0
リレーションシップ,4,8.3,5,0.0,waku,Class,TIME,last3F,18,ave3F,50.5,51.4,0
メイショウケイメイ,5,158.5,18,0.0,waku,Class,TIME,last3F,18,ave3F,50.3,46.4,0
ビップウインク,6,80.4,15,0.0,waku,Class,TIME,last3F,18,ave3F,45.1,45.9,0
レジェーロ,7,121.3,17,0.0,waku,Class,TIME,last3F,18,ave3F,45.7,46.2,0
カルネアサーダ,8,4.8,1,0.0,waku,Class,TIME,last3F,18,ave3F,35.1,37.7,0
ダークペイジ,9,7.5,2,0.0,waku,Class,TIME,last3F,18,ave3F,48.3,47.9,0
サトノファビュラス,10,76.3,14,0.0,waku,Class,TIME,last3F,18,ave3F,47.9,45.9,0
ヴァトレニ,11,7.7,4,0.0,waku,Class,TIME,last3F,18,ave3F,52.4,48.2,0
キャプテンドレイク,12,12,8,0.0,waku,Class,TIME,last3F,18,ave3F,54.2,46.0,0
ロードマックス,13,10.6,6,0.0,waku,Class,TIME,last3F,18,ave3F,50.6,45.5,0
シセイヒテン,14,116.2,16,0.0,waku,Class,TIME,last3F,18,ave3F,46.6,47.1,0
ジュニパーベリー,15,22.9,11,0.0,waku,Class,TIME,last3F,18,ave3F,53.4,51.2,0
ハリーバローズ,16,15,9,0.0,waku,Class,TIME,last3F,18,ave3F,50.3,49.1,0
ストーンリッジ,17,7.5,3,0.0,waku,Class,TIME,last3F,18,ave3F,55,51.8,0
カリボール,18,33.3,12,0.0,waku,Class,TIME,last3F,18,ave3F,51.8,51.2,0
