﻿name,no,odds,pop_rank,power_index,place,distance,surface,pace_type,field_size,class,prev_place,prev_rank,is_chiho
ブレイクフォース,1,3.9,2,0.0,waku,Class,TIME,last3F,16,ave3F,49.5,48.3,0
アースライザー,2,58.6,10,0.0,waku,Class,TIME,last3F,16,ave3F,50.3,50.5,0
バーリンギャップ,3,6.1,3,0.0,waku,Class,TIME,last3F,16,ave3F,42.1,43.4,0
スクリーンプロセス,4,92.7,11,0.0,waku,Class,TIME,last3F,16,ave3F,49.3,49.3,0
ヨンク,5,19.8,6,0.0,waku,Class,TIME,last3F,16,ave3F,49.9,48.2,0
サクセスエース,6,22.4,8,0.0,waku,Class,TIME,last3F,16,ave3F,46.9,45.8,0
エクセレントラン,7,153.8,13,0.0,waku,Class,TIME,last3F,16,ave3F,64.4,61.5,0
ヤウガウ,8,209.6,15,0.0,waku,Class,TIME,last3F,16,ave3F,51,45.6,0
ナンヨーヴィヨレ,9,364.3,16,0.0,waku,Class,TIME,last3F,16,ave3F,47.6,45.4,0
マブストーク,10,20.2,7,0.0,waku,Class,TIME,last3F,16,ave3F,48.2,47.9,0
キタノセレナード,11,9,4,0.0,waku,Class,TIME,last3F,16,ave3F,45.2,44.7,0
ヴァーンフリート,12,2.2,1,0.0,waku,Class,TIME,last3F,16,ave3F,49.5,48.2,0
トーセンマーク,13,50.3,9,0.0,waku,Class,TIME,last3F,16,ave3F,51,50.2,0
メイショウヨシテル,14,14.5,5,0.0,waku,Class,TIME,last3F,16,ave3F,56.7,58.3,0
タシロ,15,107.9,12,0.0,waku,Class,TIME,last3F,16,ave3F,43.7,43.9,0
オンリーワンボーイ,16,203.4,14,0.0,waku,Class,TIME,last3F,16,ave3F,44.7,40.7,0
