﻿name,no,odds,pop_rank,power_index,place,distance,surface,pace_type,field_size,class,prev_place,prev_rank,is_chiho
オンザブロッサム,1,103,13,0.0,waku,Class,TIME,last3F,16,ave3F,59.7,59.9,0
メイドイットマム,2,151.4,14,0.0,waku,Class,TIME,last3F,16,ave3F,----,99.0,0
モリアーナ,3,4.7,3,0.0,waku,Class,TIME,last3F,16,ave3F,52.4,51.9,0
リックスター,4,23.6,9,0.0,waku,Class,TIME,last3F,16,ave3F,60.9,59.9,0
ウヴァロヴァイト,5,7.1,4,0.0,waku,Class,TIME,last3F,16,ave3F,53.6,51.8,0
イングランドアイズ,6,17.7,7,0.0,waku,Class,TIME,last3F,16,ave3F,----,99.0,0
ドゥアイズ,7,4.3,2,0.0,waku,Class,TIME,last3F,16,ave3F,52.9,51.5,0
ニシノカシミヤ,8,63.5,11,0.0,waku,Class,TIME,last3F,16,ave3F,39.9,42.5,0
ハーパー,9,12.6,6,0.0,waku,Class,TIME,last3F,16,ave3F,56.8,56.4,0
グランベルナデット,10,9.6,5,0.0,waku,Class,TIME,last3F,16,ave3F,55.6,53.1,0
ミカッテヨンデイイ,11,254.9,15,0.0,waku,Class,TIME,last3F,16,ave3F,48.6,45.1,0
ゴールドレコーダー,12,302.2,16,0.0,waku,Class,TIME,last3F,16,ave3F,55.7,56.0,0
アスパルディーコ,13,41.5,10,0.0,waku,Class,TIME,last3F,16,ave3F,63.5,62.1,0
ブラウンウェーブ,14,68.9,12,0.0,waku,Class,TIME,last3F,16,ave3F,54,48.3,0
ウンブライル,15,3.9,1,0.0,waku,Class,TIME,last3F,16,ave3F,57.5,53.7,0
ミシシッピテソーロ,16,17.7,8,0.0,waku,Class,TIME,last3F,16,ave3F,46.8,44.7,0
