﻿name,no,odds,pop_rank,power_index,place,distance,surface,pace_type,field_size,class,prev_place,prev_rank,is_chiho
エンファサイズ,1,33.2,8,0.0,waku,Class,TIME,last3F,12,ave3F,55.8,52.0,0
ショウナンアレクサ,2,6.5,3,0.0,waku,Class,TIME,last3F,12,ave3F,55.9,53.5,0
エマヌエーレ,3,90.1,10,0.0,waku,Class,TIME,last3F,12,ave3F,61.5,57.4,0
ガルムキャット,4,121.7,12,0.0,waku,Class,TIME,last3F,12,ave3F,55.1,58.5,0
タイセイクラージュ,5,21.5,6,0.0,waku,Class,TIME,last3F,12,ave3F,57.5,54.8,0
ティムール,6,19.7,5,0.0,waku,Class,TIME,last3F,12,ave3F,57.5,54.3,0
スマートファントム,7,105.3,11,0.0,waku,Class,TIME,last3F,12,ave3F,58.1,56.0,0
ドクタードリトル,8,5.5,2,0.0,waku,Class,TIME,last3F,12,ave3F,54.6,52.4,0
ミタマ,9,40.1,9,0.0,waku,Class,TIME,last3F,12,ave3F,58.2,55.9,0
メモリーズオブユー,10,27.3,7,0.0,waku,Class,TIME,last3F,12,ave3F,53.3,57.2,0
ロードデルレイ,11,1.5,1,0.0,waku,Class,TIME,last3F,12,ave3F,----,99.0,0
プッシュオン,12,14,4,0.0,waku,Class,TIME,last3F,12,ave3F,----,99.0,0
