﻿name,no,odds,pop_rank,power_index,place,distance,surface,pace_type,field_size,class,prev_place,prev_rank,is_chiho
マイネルレノン,1,5.2,1,0.0,waku,Class,TIME,last3F,18,ave3F,49.4,49.4,0
チャイカ,2,82.9,17,0.0,waku,Class,TIME,last3F,18,ave3F,45.3,42.3,0
コンクパール,3,7.7,3,0.0,waku,Class,TIME,last3F,18,ave3F,46.2,47.1,0
ミキノバスドラム,4,135.2,18,0.0,waku,Class,TIME,last3F,18,ave3F,40.7,44.1,0
ロードラスター,5,13,7,0.0,waku,Class,TIME,last3F,18,ave3F,53.8,49.4,0
タッカーシルバー,6,10.1,6,0.0,waku,Class,TIME,last3F,18,ave3F,51.7,48.6,0
アスクキングコング,7,13.9,8,0.0,waku,Class,TIME,last3F,18,ave3F,----,47.4,0
ジューンヨシツネ,8,27.5,13,0.0,waku,Class,TIME,last3F,18,ave3F,47.5,43.9,0
ミラクル,9,22.5,11,0.0,waku,Class,TIME,last3F,18,ave3F,46.2,44.6,0
カレンヒメ,10,18.9,9,0.0,waku,Class,TIME,last3F,18,ave3F,46.5,43.1,0
ワンダーカタリナ,11,5.8,2,0.0,waku,Class,TIME,last3F,18,ave3F,56,48.0,0
メイショウイジゲン,12,57,15,0.0,waku,Class,TIME,last3F,18,ave3F,51.5,48.0,0
ミズノコキュウ,13,48.2,14,0.0,waku,Class,TIME,last3F,18,ave3F,41.9,42.3,0
ジュストコル,14,8.4,4,0.0,waku,Class,TIME,last3F,18,ave3F,42.9,42.3,0
ドロップオブライト,15,21.4,10,0.0,waku,Class,TIME,last3F,18,ave3F,47.7,46.6,0
コスモカッティーボ,16,59.8,16,0.0,waku,Class,TIME,last3F,18,ave3F,52.3,48.9,0
ショウナンマッハ,17,9.9,5,0.0,waku,Class,TIME,last3F,18,ave3F,41.3,42.3,0
マイトレジャーフジ,18,25.4,12,0.0,waku,Class,TIME,last3F,18,ave3F,55.2,53.4,0
