﻿name,no,odds,pop_rank,power_index,place,distance,surface,pace_type,field_size,class,prev_place,prev_rank,is_chiho
アスクドリームモア,1,5.8,3,0.0,waku,Class,TIME,last3F,13,ave3F,50,50.9,0
プライムレート,2,53.1,10,0.0,waku,Class,TIME,last3F,13,ave3F,45.2,47.2,0
アトモストリミッツ,3,86.6,11,0.0,waku,Class,TIME,last3F,13,ave3F,42.9,45.7,0
トレンディスター,4,2.7,1,0.0,waku,Class,TIME,last3F,13,ave3F,47.9,49.6,0
トールキン,5,10,5,0.0,waku,Class,TIME,last3F,13,ave3F,47.2,44.9,0
エコロレジーナ,6,20.3,7,0.0,waku,Class,TIME,last3F,13,ave3F,42.8,42.8,0
ルイス,7,194.3,13,0.0,waku,Class,TIME,last3F,13,ave3F,45.3,45.3,0
ハウピア,8,37.3,9,0.0,waku,Class,TIME,last3F,13,ave3F,47.9,47.4,0
セロンテソーロ,9,140.2,12,0.0,waku,Class,TIME,last3F,13,ave3F,48,44.1,0
ユカリプレリュード,10,32.5,8,0.0,waku,Class,TIME,last3F,13,ave3F,43.7,45.3,0
ジューンオレンジ,11,3.8,2,0.0,waku,Class,TIME,last3F,13,ave3F,49.9,49.6,0
ステークホルダー,12,12.1,6,0.0,waku,Class,TIME,last3F,13,ave3F,47.4,45.2,0
メイショウコギク,13,8.4,4,0.0,waku,Class,TIME,last3F,13,ave3F,51.5,52.4,0
