﻿name,no,odds,pop_rank,power_index,place,distance,surface,pace_type,field_size,class,prev_place,prev_rank,is_chiho
エイムインライフ,1,31.3,10,0.0,waku,Class,TIME,last3F,11,ave3F,54.9,53.8,0
レッドヒルシューズ,2,5.2,2,0.0,waku,Class,TIME,last3F,11,ave3F,50.9,49.2,0
ダークブロンド,3,14.9,7,0.0,waku,Class,TIME,last3F,11,ave3F,56.5,53.9,0
ランフリーバンクス,4,15.7,8,0.0,waku,Class,TIME,last3F,11,ave3F,57.9,55.4,0
ユリーシャ,5,10.2,6,0.0,waku,Class,TIME,last3F,11,ave3F,53.7,53.7,0
ヒメナデシコ,6,48.4,11,0.0,waku,Class,TIME,last3F,11,ave3F,----,99.0,0
クイーンオブソウル,7,5.3,3,0.0,waku,Class,TIME,last3F,11,ave3F,----,99.0,0
シングザットソング,8,8.5,5,0.0,waku,Class,TIME,last3F,11,ave3F,64.8,62.2,0
マルクパージュ,9,24.8,9,0.0,waku,Class,TIME,last3F,11,ave3F,55.9,57.1,0
アルーリングビュー,10,3.7,1,0.0,waku,Class,TIME,last3F,11,ave3F,59.9,57.4,0
コナコースト,11,5.9,4,0.0,waku,Class,TIME,last3F,11,ave3F,----,99.0,0
