﻿name,no,odds,pop_rank,power_index,place,distance,surface,pace_type,field_size,class,prev_place,prev_rank,is_chiho
シーグラス,1,3.9,2,0.0,waku,Class,TIME,last3F,11,ave3F,60.7,59.6,0
ウインヴァカンス,2,40.1,10,0.0,waku,Class,TIME,last3F,11,ave3F,48.8,51.3,0
アトミックフレア,3,19.3,8,0.0,waku,Class,TIME,last3F,11,ave3F,47.4,47.3,0
ダイム,4,5.9,4,0.0,waku,Class,TIME,last3F,11,ave3F,55.3,54.8,0
ホウオウユニコーン,5,5.1,3,0.0,waku,Class,TIME,last3F,11,ave3F,60.7,59.9,0
スカイテラス,6,30.2,9,0.0,waku,Class,TIME,last3F,11,ave3F,57.9,57.3,0
ハーツオブシャカ,7,11.3,5,0.0,waku,Class,TIME,last3F,11,ave3F,54.6,54.8,0
クリノキングボス,8,251.7,11,0.0,waku,Class,TIME,last3F,11,ave3F,----,99.0,0
サンセットクラウド,9,3.6,1,0.0,waku,Class,TIME,last3F,11,ave3F,44,45.4,0
ブラックラテ,10,12.2,6,0.0,waku,Class,TIME,last3F,11,ave3F,52.8,55.2,0
ジャンカズマ,11,12.9,7,0.0,waku,Class,TIME,last3F,11,ave3F,41.8,45.4,0
