﻿name,no,odds,pop_rank,power_index,place,distance,surface,pace_type,field_size,class,prev_place,prev_rank,is_chiho
ボーンディスウェイ,1,1.9,1,0.0,waku,Class,TIME,last3F,10,ave3F,54.2,53.9,0
サイモンルモンド,2,290.6,10,0.0,waku,Class,TIME,last3F,10,ave3F,54.4,52.5,0
ヒットザシーン,3,8.2,4,0.0,waku,Class,TIME,last3F,10,ave3F,52.6,50.1,0
グランドライン,4,3.5,2,0.0,waku,Class,TIME,last3F,10,ave3F,57,50.3,0
デコラシオン,5,5,3,0.0,waku,Class,TIME,last3F,10,ave3F,52,49.2,0
シャーマンズケイブ,6,52,7,0.0,waku,Class,TIME,last3F,10,ave3F,42,45.5,0
ヤマニンプレシオサ,7,133.9,9,0.0,waku,Class,TIME,last3F,10,ave3F,52.5,53.9,0
ヤマニンガラッシア,8,25.6,6,0.0,waku,Class,TIME,last3F,10,ave3F,59,57.9,0
マイネルダグラス,9,17.3,5,0.0,waku,Class,TIME,last3F,10,ave3F,52.7,42.3,0
フィデリオグリーン,10,113.9,8,0.0,waku,Class,TIME,last3F,10,ave3F,47.5,45.4,0
