﻿name,no,odds,pop_rank,power_index,place,distance,surface,pace_type,field_size,class,prev_place,prev_rank,is_chiho
テーオートルネード,1,46.7,11,0.0,waku,Class,TIME,last3F,16,ave3F,----,99.0,0
ケイティレインボー,2,61.9,13,0.0,waku,Class,TIME,last3F,16,ave3F,51.1,48.7,0
オースミリン,3,18.7,7,0.0,waku,Class,TIME,last3F,16,ave3F,46.6,43.0,0
マテンロウアイ,4,7.1,4,0.0,waku,Class,TIME,last3F,16,ave3F,53.3,49.1,0
アメリカンピース,5,19.5,8,0.0,waku,Class,TIME,last3F,16,ave3F,44.3,48.3,0
ツウカイアペックス,6,77,15,0.0,waku,Class,TIME,last3F,16,ave3F,----,99.0,0
ツヴァイシュテルネ,7,47.4,12,0.0,waku,Class,TIME,last3F,16,ave3F,----,99.0,0
ルパルテール,8,82.8,16,0.0,waku,Class,TIME,last3F,16,ave3F,----,99.0,0
マインジャラン,9,70.5,14,0.0,waku,Class,TIME,last3F,16,ave3F,47,43.9,0
メイショウイヌワシ,10,24.7,9,0.0,waku,Class,TIME,last3F,16,ave3F,49.4,43.9,0
バンベルク,11,3.6,1,0.0,waku,Class,TIME,last3F,16,ave3F,41.4,38.0,0
ボブズヤアンクル,12,4.8,2,0.0,waku,Class,TIME,last3F,16,ave3F,38.8,43.6,0
ライズンシャイン,13,40.4,10,0.0,waku,Class,TIME,last3F,16,ave3F,38.7,38.9,0
ロードオルデン,14,5,3,0.0,waku,Class,TIME,last3F,16,ave3F,50.6,48.6,0
アファン,15,9.2,5,0.0,waku,Class,TIME,last3F,16,ave3F,45.7,43.9,0
エトワールジェンヌ,16,17.6,6,0.0,waku,Class,TIME,last3F,16,ave3F,44.2,41.7,0
