﻿name,no,odds,pop_rank,power_index,place,distance,surface,pace_type,field_size,class,prev_place,prev_rank,is_chiho
コバルトブルー,1,27.7,11,0.0,waku,Class,TIME,last3F,16,ave3F,49.9,50.2,0
ミキノプリンス,2,36.2,15,0.0,waku,Class,TIME,last3F,16,ave3F,50.3,48.7,0
メリディアン,3,77.2,16,0.0,waku,Class,TIME,last3F,16,ave3F,49.1,47.1,0
タガノリバイバー,4,32.7,13,0.0,waku,Class,TIME,last3F,16,ave3F,48.8,49.1,0
シルバーブレッド,5,5.1,1,0.0,waku,Class,TIME,last3F,16,ave3F,53.8,50.9,0
ブランアルディ,6,13,7,0.0,waku,Class,TIME,last3F,16,ave3F,37.6,39.3,0
ラルフ,7,34.1,14,0.0,waku,Class,TIME,last3F,16,ave3F,41.7,44.7,0
クリノナイスガイ,8,16.4,8,0.0,waku,Class,TIME,last3F,16,ave3F,45.2,50.1,0
リアルシング,9,19.6,9,0.0,waku,Class,TIME,last3F,16,ave3F,50.6,50.6,0
シホノディレット,10,31.5,12,0.0,waku,Class,TIME,last3F,16,ave3F,44.8,44.2,0
メイショウハナモモ,11,10.1,5,0.0,waku,Class,TIME,last3F,16,ave3F,53.3,50.0,0
タイキドミニオン,12,8.2,4,0.0,waku,Class,TIME,last3F,16,ave3F,45.7,48.4,0
スマートムーラン,13,5.9,3,0.0,waku,Class,TIME,last3F,16,ave3F,49.2,45.6,0
ワンダーブレット,14,5.2,2,0.0,waku,Class,TIME,last3F,16,ave3F,40.9,45.6,0
タイスケフェイス,15,26.1,10,0.0,waku,Class,TIME,last3F,16,ave3F,50,47.1,0
トップスターサン,16,12.1,6,0.0,waku,Class,TIME,last3F,16,ave3F,47.3,46.8,0
