﻿name,no,odds,pop_rank,power_index,place,distance,surface,pace_type,field_size,class,prev_place,prev_rank,is_chiho
アードラー,1,214.6,15,0.0,waku,Class,TIME,last3F,16,ave3F,49.7,44.8,0
ケイアイドリー,2,3.3,2,0.0,waku,Class,TIME,last3F,16,ave3F,47.1,47.7,0
ゴールドパラディン,3,29.1,9,0.0,waku,Class,TIME,last3F,16,ave3F,46.7,42.6,0
コパノマーキュリー,4,49.2,11,0.0,waku,Class,TIME,last3F,16,ave3F,38.2,42.2,0
イバル,5,41.4,10,0.0,waku,Class,TIME,last3F,16,ave3F,52.5,51.0,0
ファイアランス,6,24.4,6,0.0,waku,Class,TIME,last3F,16,ave3F,50,43.0,0
メイショウエイコウ,7,246.4,16,0.0,waku,Class,TIME,last3F,16,ave3F,52,50.2,0
クリノフラッシュ,8,49.8,12,0.0,waku,Class,TIME,last3F,16,ave3F,43.6,42.2,0
スティクス,9,27.5,7,0.0,waku,Class,TIME,last3F,16,ave3F,42.7,47.1,0
スペクタクル,10,145.3,14,0.0,waku,Class,TIME,last3F,16,ave3F,51.1,53.7,0
ディサーニング,11,55.6,13,0.0,waku,Class,TIME,last3F,16,ave3F,44.8,48.7,0
リアンクール,12,7.4,4,0.0,waku,Class,TIME,last3F,16,ave3F,54,47.8,0
チェイスザドリーム,13,2.8,1,0.0,waku,Class,TIME,last3F,16,ave3F,31.6,37.7,0
スナークダヴィンチ,14,7,3,0.0,waku,Class,TIME,last3F,16,ave3F,51.1,46.7,0
イモータルスモーク,15,28.1,8,0.0,waku,Class,TIME,last3F,16,ave3F,46.2,40.9,0
ジェネティクス,16,11.5,5,0.0,waku,Class,TIME,last3F,16,ave3F,52.3,45.5,0
