﻿name,no,odds,pop_rank,power_index,place,distance,surface,pace_type,field_size,class,prev_place,prev_rank,is_chiho
バトルシャイニング,1,10.7,5,0.0,waku,Class,TIME,last3F,16,ave3F,48.8,44.9,0
ピエドラアギーラ,2,4,1,0.0,waku,Class,TIME,last3F,16,ave3F,45.6,48.3,0
ニホンピロマリブ,3,54.2,14,0.0,waku,Class,TIME,last3F,16,ave3F,59.2,58.3,0
コスモアシュラ,4,15,8,0.0,waku,Class,TIME,last3F,16,ave3F,53.4,54.2,0
ミッキーブンブン,5,7.6,3,0.0,waku,Class,TIME,last3F,16,ave3F,59.1,60.0,0
グルーヴビート,6,13.8,6,0.0,waku,Class,TIME,last3F,16,ave3F,----,99.0,0
マイネルパリオート,7,47.3,13,0.0,waku,Class,TIME,last3F,16,ave3F,52.8,52.1,0
セルジュ,8,21.3,11,0.0,waku,Class,TIME,last3F,16,ave3F,44,46.4,0
スズカキング,9,39.6,12,0.0,waku,Class,TIME,last3F,16,ave3F,59,53.1,0
ユキノエリザベス,10,66.3,16,0.0,waku,Class,TIME,last3F,16,ave3F,42.1,42.0,0
パーサヴィアランス,11,5.5,2,0.0,waku,Class,TIME,last3F,16,ave3F,58.5,55.6,0
ヒルノエドワード,12,14.7,7,0.0,waku,Class,TIME,last3F,16,ave3F,49.9,47.9,0
カメハメハタイム,13,58.2,15,0.0,waku,Class,TIME,last3F,16,ave3F,54.1,54.0,0
メイショウイヌワシ,14,15.9,9,0.0,waku,Class,TIME,last3F,16,ave3F,54,52.6,0
ショウナンラタン,15,17.6,10,0.0,waku,Class,TIME,last3F,16,ave3F,49.7,45.6,0
タケトンボ,16,7.6,4,0.0,waku,Class,TIME,last3F,16,ave3F,50.6,50.6,0
