﻿name,no,odds,pop_rank,power_index,place,distance,surface,pace_type,field_size,class,prev_place,prev_rank,is_chiho
ショーヒデキラ,1,63,8,0.0,waku,Class,TIME,last3F,12,ave3F,54,39.6,0
アトリビュート,2,10.9,3,0.0,waku,Class,TIME,last3F,12,ave3F,53.5,52.9,0
ニシノレバンテ,3,47.7,7,0.0,waku,Class,TIME,last3F,12,ave3F,52.7,39.6,0
ヤウガウ,4,263.5,11,0.0,waku,Class,TIME,last3F,12,ave3F,48.3,44.1,0
オメガロマンス,5,20.7,4,0.0,waku,Class,TIME,last3F,12,ave3F,57,55.2,0
ジッピーレーサー,6,153.8,9,0.0,waku,Class,TIME,last3F,12,ave3F,60.6,56.6,0
チアチアクラシカ,7,23.5,5,0.0,waku,Class,TIME,last3F,12,ave3F,64.9,63.3,0
アスクコンナモンダ,8,3.3,2,0.0,waku,Class,TIME,last3F,12,ave3F,56.7,55.6,0
タケルジャック,9,319.3,12,0.0,waku,Class,TIME,last3F,12,ave3F,39.4,45.6,0
パトリックハンサム,10,176.1,10,0.0,waku,Class,TIME,last3F,12,ave3F,59.7,55.6,0
ノーダブルディップ,11,28.9,6,0.0,waku,Class,TIME,last3F,12,ave3F,45.4,46.4,0
エターナルタイム,12,1.4,1,0.0,waku,Class,TIME,last3F,12,ave3F,54.9,47.1,0
