﻿name,no,odds,pop_rank,power_index,place,distance,surface,pace_type,field_size,class,prev_place,prev_rank,is_chiho
スウィートプロミス,1,172.6,13,0.0,waku,Class,TIME,last3F,16,ave3F,44.1,41.5,0
ウーゴ,2,70.3,10,0.0,waku,Class,TIME,last3F,16,ave3F,50,42.0,0
セイウンシデン,3,342.1,16,0.0,waku,Class,TIME,last3F,16,ave3F,51.7,42.6,0
ゲンパチプライド,4,4.7,3,0.0,waku,Class,TIME,last3F,16,ave3F,52.8,49.0,0
マイナーズライト,5,169.6,12,0.0,waku,Class,TIME,last3F,16,ave3F,43.2,46.2,0
ブリエヴェール,6,267.3,15,0.0,waku,Class,TIME,last3F,16,ave3F,53.7,48.4,0
コングールテソーロ,7,25.3,5,0.0,waku,Class,TIME,last3F,16,ave3F,49.7,48.2,0
ローヴェロ,8,2.4,1,0.0,waku,Class,TIME,last3F,16,ave3F,43.1,43.1,0
ジュールサイクル,9,224.4,14,0.0,waku,Class,TIME,last3F,16,ave3F,51,49.2,0
フィールザワールド,10,40.9,6,0.0,waku,Class,TIME,last3F,16,ave3F,50,44.4,0
アウリガテソーロ,11,137.7,11,0.0,waku,Class,TIME,last3F,16,ave3F,36.6,45.4,0
プロバーティオ,12,49.2,7,0.0,waku,Class,TIME,last3F,16,ave3F,----,99.0,0
バルミュゼット,13,5.7,4,0.0,waku,Class,TIME,last3F,16,ave3F,53.3,48.4,0
デルマカンノン,14,54.8,8,0.0,waku,Class,TIME,last3F,16,ave3F,54.4,48.0,0
テイエムアトム,15,3.3,2,0.0,waku,Class,TIME,last3F,16,ave3F,47.6,46.2,0
サンデーミラージュ,16,56.1,9,0.0,waku,Class,TIME,last3F,16,ave3F,36.4,50.1,0
