﻿name,no,odds,pop_rank,power_index,place,distance,surface,pace_type,field_size,class,prev_place,prev_rank,is_chiho
レベランス,1,5.7,3,0.0,waku,Class,TIME,last3F,13,ave3F,56.7,55.2,0
メイショウブレゲ,2,4.2,2,0.0,waku,Class,TIME,last3F,13,ave3F,58.1,55.7,0
アスティ,3,15.6,6,0.0,waku,Class,TIME,last3F,13,ave3F,51.2,49.8,0
セブンデイズ,4,48.6,10,0.0,waku,Class,TIME,last3F,13,ave3F,54.1,49.7,0
ビジン,5,17.1,7,0.0,waku,Class,TIME,last3F,13,ave3F,41.9,47.0,0
シロニイ,6,11.1,5,0.0,waku,Class,TIME,last3F,13,ave3F,49.5,50.4,0
ホウオウエクレール,7,19.5,8,0.0,waku,Class,TIME,last3F,13,ave3F,52.9,50.0,0
タイムオブフライト,8,2.8,1,0.0,waku,Class,TIME,last3F,13,ave3F,58.4,55.7,0
ナムラカミカゼ,9,6.9,4,0.0,waku,Class,TIME,last3F,13,ave3F,54.9,55.4,0
タイセイシリウス,10,57.1,11,0.0,waku,Class,TIME,last3F,13,ave3F,53.6,50.4,0
アイブランコ,11,127.3,13,0.0,waku,Class,TIME,last3F,13,ave3F,54.3,50.4,0
ゼーゲン,12,64.8,12,0.0,waku,Class,TIME,last3F,13,ave3F,55.7,53.7,0
エドノフェリーチェ,13,32.8,9,0.0,waku,Class,TIME,last3F,13,ave3F,54.7,51.3,0
