﻿name,no,odds,pop_rank,power_index,place,distance,surface,pace_type,field_size,class,prev_place,prev_rank,is_chiho
アイヴォリーアイ,1,10.3,4,0.0,waku,Class,TIME,last3F,14,ave3F,43.1,41.7,0
ランスオブウェイブ,2,106,10,0.0,waku,Class,TIME,last3F,14,ave3F,43.5,49.9,0
ビーストアタック,3,1.9,1,0.0,waku,Class,TIME,last3F,14,ave3F,44,43.2,0
ルシャリーブル,4,8.7,3,0.0,waku,Class,TIME,last3F,14,ave3F,50,40.1,0
グルノイユジョーヌ,5,302.1,14,0.0,waku,Class,TIME,last3F,14,ave3F,----,99.0,0
エルメニア,6,122.2,11,0.0,waku,Class,TIME,last3F,14,ave3F,41.8,40.2,0
ニシノリース,7,22.2,8,0.0,waku,Class,TIME,last3F,14,ave3F,52.2,45.5,0
テーオーアラジン,8,161.7,13,0.0,waku,Class,TIME,last3F,14,ave3F,46.2,41.9,0
ナムラデイリリー,9,24.4,9,0.0,waku,Class,TIME,last3F,14,ave3F,45,45.9,0
ニシノミズカゼ,10,141.9,12,0.0,waku,Class,TIME,last3F,14,ave3F,47.8,42.7,0
グランデフィオーレ,11,14.2,7,0.0,waku,Class,TIME,last3F,14,ave3F,45.7,49.4,0
ルクスレガート,12,6.2,2,0.0,waku,Class,TIME,last3F,14,ave3F,42,43.2,0
フローレンスハニー,13,11,5,0.0,waku,Class,TIME,last3F,14,ave3F,54.3,47.8,0
タカラマドンナ,14,13.3,6,0.0,waku,Class,TIME,last3F,14,ave3F,43.7,44.4,0
