﻿name,no,odds,pop_rank,power_index,place,distance,surface,pace_type,field_size,class,prev_place,prev_rank,is_chiho
インペリアルライン,1,3.8,1,0.0,waku,Class,TIME,last3F,16,ave3F,48.6,47.0,0
エコロカナワン,2,19,7,0.0,waku,Class,TIME,last3F,16,ave3F,46.4,48.3,0
ネッスンドルマ,3,81.5,14,0.0,waku,Class,TIME,last3F,16,ave3F,48.2,51.9,0
ピュアブラッド,4,3.9,2,0.0,waku,Class,TIME,last3F,16,ave3F,43.4,48.2,0
レイメイ,5,56.8,13,0.0,waku,Class,TIME,last3F,16,ave3F,51.3,48.8,0
オヤノナナヒカリ,6,4.8,3,0.0,waku,Class,TIME,last3F,16,ave3F,42.7,48.3,0
デリシュレーヌ,7,9,4,0.0,waku,Class,TIME,last3F,16,ave3F,50.5,48.3,0
リュウセイグン,8,249.5,16,0.0,waku,Class,TIME,last3F,16,ave3F,53.8,58.2,0
セイハロートゥユー,9,38.5,11,0.0,waku,Class,TIME,last3F,16,ave3F,44.8,49.8,0
アコークロー,10,11.3,5,0.0,waku,Class,TIME,last3F,16,ave3F,51.8,51.1,0
ポイズンアロウ,11,13.1,6,0.0,waku,Class,TIME,last3F,16,ave3F,54.3,53.5,0
トルーマンテソーロ,12,44,12,0.0,waku,Class,TIME,last3F,16,ave3F,----,99.0,0
ノクターナリティ,13,32.4,10,0.0,waku,Class,TIME,last3F,16,ave3F,49.5,48.2,0
パワーエンブレム,14,21.7,8,0.0,waku,Class,TIME,last3F,16,ave3F,41.9,47.1,0
ニシノムネヲウツ,15,108.6,15,0.0,waku,Class,TIME,last3F,16,ave3F,49.9,50.6,0
セイシェルノユウヒ,16,24.6,9,0.0,waku,Class,TIME,last3F,16,ave3F,44.8,45.0,0
