﻿name,no,odds,pop_rank,power_index,place,distance,surface,pace_type,field_size,class,prev_place,prev_rank,is_chiho
サイモンルグラン,1,91.9,11,0.0,waku,Class,TIME,last3F,12,ave3F,45.1,42.1,0
ビナホイアン,2,18.6,6,0.0,waku,Class,TIME,last3F,12,ave3F,49.4,49.4,0
ニューダイアリーズ,3,2.4,1,0.0,waku,Class,TIME,last3F,12,ave3F,51.5,52.3,0
テイエムシップ,4,11.7,5,0.0,waku,Class,TIME,last3F,12,ave3F,52.2,50.9,0
カズカポレイ,5,2.8,2,0.0,waku,Class,TIME,last3F,12,ave3F,45.3,45.1,0
ハヤブサウィッシュ,6,61.9,9,0.0,waku,Class,TIME,last3F,12,ave3F,48.4,51.9,0
シャランガーナ,7,68.3,10,0.0,waku,Class,TIME,last3F,12,ave3F,40.8,45.0,0
オリエンタルキング,8,107.6,12,0.0,waku,Class,TIME,last3F,12,ave3F,----,99.0,0
ロードラプソディ,9,9.5,4,0.0,waku,Class,TIME,last3F,12,ave3F,54.2,52.1,0
カネトシブルーム,10,7.2,3,0.0,waku,Class,TIME,last3F,12,ave3F,42.4,43.0,0
サーティファイド,11,28.7,7,0.0,waku,Class,TIME,last3F,12,ave3F,45.9,44.0,0
エボカシオン,12,32.3,8,0.0,waku,Class,TIME,last3F,12,ave3F,55.7,55.3,0
