﻿name,no,odds,pop_rank,power_index,place,distance,surface,pace_type,field_size,class,prev_place,prev_rank,is_chiho
ウインアラジン,1,3.5,1,0.0,waku,Class,TIME,last3F,12,ave3F,52.5,45.0,0
アンノウンウォリア,2,28.8,7,0.0,waku,Class,TIME,last3F,12,ave3F,45,48.7,0
クリノマンゲツ,3,160,10,0.0,waku,Class,TIME,last3F,12,ave3F,----,99.0,0
ヴォーグマチネ,4,45.5,8,0.0,waku,Class,TIME,last3F,12,ave3F,46.7,45.1,0
スズカモービル,5,290.7,12,0.0,waku,Class,TIME,last3F,12,ave3F,37,48.7,0
ベイビールビオ,6,5.4,4,0.0,waku,Class,TIME,last3F,12,ave3F,50.6,48.7,0
ウラエウス,7,14.4,6,0.0,waku,Class,TIME,last3F,12,ave3F,46.9,51.9,0
イーサンバーニング,8,5.8,5,0.0,waku,Class,TIME,last3F,12,ave3F,51.8,53.0,0
サルサディーバ,9,181.8,11,0.0,waku,Class,TIME,last3F,12,ave3F,49.5,53.2,0
タマモモンレーブ,10,4.9,3,0.0,waku,Class,TIME,last3F,12,ave3F,51.3,49.9,0
ロイヤルダンス,11,3.8,2,0.0,waku,Class,TIME,last3F,12,ave3F,44.3,45.1,0
テーオーインパクト,12,60.9,9,0.0,waku,Class,TIME,last3F,12,ave3F,47.5,48.7,0
