﻿name,no,odds,pop_rank,power_index,place,distance,surface,pace_type,field_size,class,prev_place,prev_rank,is_chiho
ハギノオーロ,1,10.6,5,0.0,waku,Class,TIME,last3F,14,ave3F,36.2,41.7,0
プリティインピンク,2,5.4,2,0.0,waku,Class,TIME,last3F,14,ave3F,51.6,45.9,0
シャスティーナ,3,45.6,12,0.0,waku,Class,TIME,last3F,14,ave3F,42.2,44.0,0
フチサンメルチャン,4,19.9,9,0.0,waku,Class,TIME,last3F,14,ave3F,46.4,42.3,0
ユスティニアン,5,2.9,1,0.0,waku,Class,TIME,last3F,14,ave3F,46.2,46.1,0
ルーリング,6,50.2,13,0.0,waku,Class,TIME,last3F,14,ave3F,44.4,38.5,0
ファンタジックラン,7,63.4,14,0.0,waku,Class,TIME,last3F,14,ave3F,50,49.3,0
グレタ,8,19.2,8,0.0,waku,Class,TIME,last3F,14,ave3F,45.9,44.0,0
デルマシルフ,9,7.3,3,0.0,waku,Class,TIME,last3F,14,ave3F,46.1,45.9,0
パロットビーク,10,14.7,7,0.0,waku,Class,TIME,last3F,14,ave3F,42.3,45.6,0
フルールドネージュ,11,7.5,4,0.0,waku,Class,TIME,last3F,14,ave3F,38.5,41.9,0
アルバミノル,12,14.1,6,0.0,waku,Class,TIME,last3F,14,ave3F,40.1,41.9,0
サイモンルピナス,13,45,11,0.0,waku,Class,TIME,last3F,14,ave3F,43.2,42.7,0
チャーミングアクト,14,25.4,10,0.0,waku,Class,TIME,last3F,14,ave3F,42.6,44.0,0
