﻿name,no,odds,pop_rank,power_index,place,distance,surface,pace_type,field_size,class,prev_place,prev_rank,is_chiho
ジェモロジー,1,4.2,3,0.0,waku,Class,TIME,last3F,10,ave3F,54.1,53.7,0
シリアルノヴェル,2,29.8,8,0.0,waku,Class,TIME,last3F,10,ave3F,56.5,53.9,0
ニシノプロポーズ,3,8.1,5,0.0,waku,Class,TIME,last3F,10,ave3F,52.7,51.7,0
サスツルギ,4,4.1,2,0.0,waku,Class,TIME,last3F,10,ave3F,65.8,61.5,0
ルーチェロッサ,5,97,9,0.0,waku,Class,TIME,last3F,10,ave3F,57.1,56.8,0
ホウオウビスケッツ,6,26.5,7,0.0,waku,Class,TIME,last3F,10,ave3F,----,99.0,0
マキシ,7,7.4,4,0.0,waku,Class,TIME,last3F,10,ave3F,56.1,54.1,0
マイネルビジョン,8,99.5,10,0.0,waku,Class,TIME,last3F,10,ave3F,55.7,58.5,0
アップトゥミー,9,9.6,6,0.0,waku,Class,TIME,last3F,10,ave3F,56,52.5,0
ジェイパームス,10,3.1,1,0.0,waku,Class,TIME,last3F,10,ave3F,57.8,55.9,0
