﻿name,no,odds,pop_rank,power_index,place,distance,surface,pace_type,field_size,class,prev_place,prev_rank,is_chiho
ピーストークス,1,145.1,8,0.0,waku,Class,TIME,last3F,8,ave3F,----,99.0,0
ユイノオトコヤマ,2,31.7,7,0.0,waku,Class,TIME,last3F,8,ave3F,53.7,53.1,0
フラッシングレート,3,8.3,4,0.0,waku,Class,TIME,last3F,8,ave3F,57.6,59.6,0
インスタキング,4,8.4,5,0.0,waku,Class,TIME,last3F,8,ave3F,58.1,58.5,0
ダニーデン,5,3.4,2,0.0,waku,Class,TIME,last3F,8,ave3F,59.6,59.6,0
メイテソーロ,6,5.9,3,0.0,waku,Class,TIME,last3F,8,ave3F,50.1,50.4,0
ハウゼ,7,2,1,0.0,waku,Class,TIME,last3F,8,ave3F,54.7,53.8,0
フェアエールング,8,25.6,6,0.0,waku,Class,TIME,last3F,8,ave3F,60,59.9,0
