﻿name,no,odds,pop_rank,power_index,place,distance,surface,pace_type,field_size,class,prev_place,prev_rank,is_chiho
サプライズビュー,1,10.8,6,0.0,waku,Class,TIME,last3F,16,ave3F,46.2,45.8,0
ウッドショック,2,69.9,10,0.0,waku,Class,TIME,last3F,16,ave3F,51,50.3,0
ワンダーウォール,3,432.9,16,0.0,waku,Class,TIME,last3F,16,ave3F,----,99.0,0
トップオブジェラス,4,3.7,1,0.0,waku,Class,TIME,last3F,16,ave3F,49.1,46.3,0
ブラックルパン,5,112.2,13,0.0,waku,Class,TIME,last3F,16,ave3F,50.8,52.4,0
サインオブサクセス,6,27.6,8,0.0,waku,Class,TIME,last3F,16,ave3F,59.3,59.5,0
フォーチュネイト,7,73.4,11,0.0,waku,Class,TIME,last3F,16,ave3F,----,56.3,0
ロードレアル,8,261.4,15,0.0,waku,Class,TIME,last3F,16,ave3F,43.2,47.1,0
ペイシャジュン,9,5,3,0.0,waku,Class,TIME,last3F,16,ave3F,49.7,45.1,0
コブラ,10,24.1,7,0.0,waku,Class,TIME,last3F,16,ave3F,----,99.0,0
リバーサルバレット,11,7.4,5,0.0,waku,Class,TIME,last3F,16,ave3F,48.6,46.1,0
ダンディジャック,12,33.6,9,0.0,waku,Class,TIME,last3F,16,ave3F,44.7,44.1,0
アイファーエポック,13,214.8,14,0.0,waku,Class,TIME,last3F,16,ave3F,----,99.0,0
ブルベアカイリ,14,91.3,12,0.0,waku,Class,TIME,last3F,16,ave3F,35.2,43.9,0
ローズピリオド,15,4.6,2,0.0,waku,Class,TIME,last3F,16,ave3F,49.1,47.3,0
キタサンドーシン,16,5.7,4,0.0,waku,Class,TIME,last3F,16,ave3F,46.6,54.4,0
