﻿name,no,odds,pop_rank,power_index,place,distance,surface,pace_type,field_size,class,prev_place,prev_rank,is_chiho
セブンダートオー,1,9.2,5,0.0,waku,Class,TIME,last3F,16,ave3F,54.3,47.6,0
ロゼキルシュ,2,35.8,12,0.0,waku,Class,TIME,last3F,16,ave3F,48.6,45.4,0
ワーズワース,3,3.8,1,0.0,waku,Class,TIME,last3F,16,ave3F,56.3,58.0,0
バスマティ,4,71.3,15,0.0,waku,Class,TIME,last3F,16,ave3F,43.4,46.5,0
レイニーデイ,5,41.3,13,0.0,waku,Class,TIME,last3F,16,ave3F,51.8,51.3,0
マイグレーション,6,53,14,0.0,waku,Class,TIME,last3F,16,ave3F,49.9,46.2,0
ジョンソンテソーロ,7,5.8,2,0.0,waku,Class,TIME,last3F,16,ave3F,42.1,40.6,0
ロードジャスティス,8,9.3,6,0.0,waku,Class,TIME,last3F,16,ave3F,39.2,44.7,0
スプラウティング,9,8,4,0.0,waku,Class,TIME,last3F,16,ave3F,43,43.0,0
ターキッシュバン,10,402.7,16,0.0,waku,Class,TIME,last3F,16,ave3F,----,99.0,0
タケルラスティ,11,33.9,11,0.0,waku,Class,TIME,last3F,16,ave3F,51.5,49.0,0
フィールザワールド,12,26.4,9,0.0,waku,Class,TIME,last3F,16,ave3F,49.7,47.9,0
ギャラクシーナイト,13,16.2,8,0.0,waku,Class,TIME,last3F,16,ave3F,31.6,45.7,0
サトノムスタング,14,31.2,10,0.0,waku,Class,TIME,last3F,16,ave3F,42.9,41.5,0
ジェイエルエース,15,12.6,7,0.0,waku,Class,TIME,last3F,16,ave3F,49.5,50.1,0
アポロプラネット,16,6.4,3,0.0,waku,Class,TIME,last3F,16,ave3F,51.5,47.7,0
