﻿name,no,odds,pop_rank,power_index,place,distance,surface,pace_type,field_size,class,prev_place,prev_rank,is_chiho
ニシノベストワン,1,5.9,4,0.0,waku,Class,TIME,last3F,7,ave3F,60.6,57.6,0
パンデアスカル,2,5.2,3,0.0,waku,Class,TIME,last3F,7,ave3F,57.1,55.8,0
オーシャントライブ,3,10.3,5,0.0,waku,Class,TIME,last3F,7,ave3F,55.1,50.6,0
モズメイメイ,4,2.4,1,0.0,waku,Class,TIME,last3F,7,ave3F,63.5,62.4,0
マルモリディライト,5,61.7,7,0.0,waku,Class,TIME,last3F,7,ave3F,56.2,53.8,0
マイネルメモリー,6,2.8,2,0.0,waku,Class,TIME,last3F,7,ave3F,54.1,50.2,0
コスモフーレイ,7,56.6,6,0.0,waku,Class,TIME,last3F,7,ave3F,56.9,53.8,0
