﻿name,no,odds,pop_rank,power_index,place,distance,surface,pace_type,field_size,class,prev_place,prev_rank,is_chiho
ポピュラーソング,1,163.9,12,0.0,waku,Class,TIME,last3F,14,ave3F,42.8,43.8,0
ロープスピニング,2,33.3,6,0.0,waku,Class,TIME,last3F,14,ave3F,40.2,41.6,0
ディアナグラン,3,68.1,10,0.0,waku,Class,TIME,last3F,14,ave3F,48.8,48.8,0
ライクアジュエリー,4,251.2,14,0.0,waku,Class,TIME,last3F,14,ave3F,50.4,52.7,0
ハイアムズビーチ,5,3.1,2,0.0,waku,Class,TIME,last3F,14,ave3F,41.9,41.9,0
アイヴォリードレス,6,2.6,1,0.0,waku,Class,TIME,last3F,14,ave3F,37.9,44.6,0
ノボベルサイユ,7,53.5,7,0.0,waku,Class,TIME,last3F,14,ave3F,36.8,46.2,0
カンザシ,8,3.5,3,0.0,waku,Class,TIME,last3F,14,ave3F,50.5,47.1,0
メルテッドハニー,9,172.3,13,0.0,waku,Class,TIME,last3F,14,ave3F,54.5,51.2,0
アルマセクメト,10,15.1,5,0.0,waku,Class,TIME,last3F,14,ave3F,39.7,41.9,0
アレクサンドラ,11,57.8,9,0.0,waku,Class,TIME,last3F,14,ave3F,39,42.6,0
プランセスカグヤ,12,56.9,8,0.0,waku,Class,TIME,last3F,14,ave3F,39,39.4,0
マリーアミノル,13,96.8,11,0.0,waku,Class,TIME,last3F,14,ave3F,42.1,48.2,0
サウスジェラート,14,10.8,4,0.0,waku,Class,TIME,last3F,14,ave3F,37.2,36.1,0
