﻿name,no,odds,pop_rank,power_index,place,distance,surface,pace_type,field_size,class,prev_place,prev_rank,is_chiho
エンブレムコード,1,18.8,7,0.0,waku,Class,TIME,last3F,15,ave3F,59.2,58.0,0
ラッキークローバー,2,23.5,8,0.0,waku,Class,TIME,last3F,15,ave3F,43.6,44.7,0
ジェットグリッター,3,250.6,14,0.0,waku,Class,TIME,last3F,15,ave3F,----,99.0,0
ウェストファリア,4,47.6,9,0.0,waku,Class,TIME,last3F,15,ave3F,51.2,46.0,0
スクルトゥーラ,5,13.6,4,0.0,waku,Class,TIME,last3F,15,ave3F,43.2,45.2,0
モンタナアゲート,6,15.2,6,0.0,waku,Class,TIME,last3F,15,ave3F,51.6,49.4,0
ユヌエトワール,7,102.3,11,0.0,waku,Class,TIME,last3F,15,ave3F,53.6,50.6,0
グレイスフル,8,13.6,5,0.0,waku,Class,TIME,last3F,15,ave3F,56,53.5,0
アップストローク,9,8.8,3,0.0,waku,Class,TIME,last3F,15,ave3F,55.3,50.6,0
カーペンタリア,10,3.3,2,0.0,waku,Class,TIME,last3F,15,ave3F,53.7,51.4,0
アルファウェーブ,11,142.3,12,0.0,waku,Class,TIME,last3F,15,ave3F,53.7,51.5,0
カンパーニャ,12,70.6,10,0.0,waku,Class,TIME,last3F,15,ave3F,58.5,54.1,0
トロワエスポワール,13,264.4,15,0.0,waku,Class,TIME,last3F,15,ave3F,53.9,47.8,0
ホウオウプレミア,14,2.1,1,0.0,waku,Class,TIME,last3F,15,ave3F,54,53.9,0
スリールサンセール,15,237.5,13,0.0,waku,Class,TIME,last3F,15,ave3F,44.7,43.2,0
