﻿name,no,odds,pop_rank,power_index,place,distance,surface,pace_type,field_size,class,prev_place,prev_rank,is_chiho
シンシアウィッシュ,1,3.2,1,0.0,waku,Class,TIME,last3F,16,ave3F,56.5,52.7,0
エンジェルサークル,2,97.5,12,0.0,waku,Class,TIME,last3F,16,ave3F,54.9,55.5,0
ヴェルザスカ,3,128.6,14,0.0,waku,Class,TIME,last3F,16,ave3F,54,56.5,0
ペドラフォルカ,4,131.5,15,0.0,waku,Class,TIME,last3F,16,ave3F,54.8,51.8,0
アメリカンスター,5,18.8,7,0.0,waku,Class,TIME,last3F,16,ave3F,52.1,53.3,0
トレデマンド,6,113.1,13,0.0,waku,Class,TIME,last3F,16,ave3F,48.8,49.2,0
ルージュメサージュ,7,8.7,5,0.0,waku,Class,TIME,last3F,16,ave3F,56.6,53.8,0
ハッピーオーサム,8,48.4,10,0.0,waku,Class,TIME,last3F,16,ave3F,50.1,51.1,0
エバーシャドネー,9,5.4,3,0.0,waku,Class,TIME,last3F,16,ave3F,55,54.8,0
エピプランセス,10,9.6,6,0.0,waku,Class,TIME,last3F,16,ave3F,64.7,63.7,0
ヒヅルジョウ,11,4.9,2,0.0,waku,Class,TIME,last3F,16,ave3F,54.2,54.3,0
エニシノウタ,12,6.8,4,0.0,waku,Class,TIME,last3F,16,ave3F,54.5,50.0,0
イザニコス,13,55.6,11,0.0,waku,Class,TIME,last3F,16,ave3F,55.5,55.5,0
オーソレミオ,14,28.1,8,0.0,waku,Class,TIME,last3F,16,ave3F,53.4,50.6,0
ウインヴァカンス,15,233.6,16,0.0,waku,Class,TIME,last3F,16,ave3F,46.6,50.5,0
ヴァンルーラー,16,32.1,9,0.0,waku,Class,TIME,last3F,16,ave3F,57.9,59.0,0
