﻿name,no,odds,pop_rank,power_index,place,distance,surface,pace_type,field_size,class,prev_place,prev_rank,is_chiho
ブルーシンフォニー,1,17.6,8,0.0,waku,Class,TIME,last3F,15,ave3F,53.4,54.3,0
タイニーロマンス,2,8.8,5,0.0,waku,Class,TIME,last3F,15,ave3F,53.2,54.3,0
サルファーコスモス,3,27.6,10,0.0,waku,Class,TIME,last3F,15,ave3F,45.6,48.4,0
ランドオブリバティ,4,8.1,3,0.0,waku,Class,TIME,last3F,15,ave3F,59.4,59.0,0
ボルザコフスキー,5,4.6,2,0.0,waku,Class,TIME,last3F,15,ave3F,62.4,56.6,0
ピーエムピンコ,6,52.6,12,0.0,waku,Class,TIME,last3F,15,ave3F,53.6,42.9,0
シュヴェルトライテ,7,3.4,1,0.0,waku,Class,TIME,last3F,15,ave3F,58.4,56.6,0
フォラブリューテ,8,8.1,4,0.0,waku,Class,TIME,last3F,15,ave3F,59.4,50.7,0
カルリーノ,9,183.1,15,0.0,waku,Class,TIME,last3F,15,ave3F,54.9,49.6,0
グラスミヤラビ,10,14.1,7,0.0,waku,Class,TIME,last3F,15,ave3F,57.1,54.3,0
レッドクレオス,11,65.3,13,0.0,waku,Class,TIME,last3F,15,ave3F,51.2,42.9,0
シュアーヴアリア,12,30.8,11,0.0,waku,Class,TIME,last3F,15,ave3F,54.5,49.4,0
ルース,13,10.8,6,0.0,waku,Class,TIME,last3F,15,ave3F,53.7,55.9,0
オースミカテドラル,14,87.9,14,0.0,waku,Class,TIME,last3F,15,ave3F,55.4,47.9,0
ビーオンザマーチ,15,18.8,9,0.0,waku,Class,TIME,last3F,15,ave3F,42.7,44.6,0
