﻿name,no,odds,pop_rank,power_index,place,distance,surface,pace_type,field_size,class,prev_place,prev_rank,is_chiho
オクトニオン,1,54.8,12,0.0,waku,Class,TIME,last3F,16,ave3F,51.5,50.1,0
サトノアポロン,2,9.9,6,0.0,waku,Class,TIME,last3F,16,ave3F,50.7,49.2,0
エルパソ,3,6.2,4,0.0,waku,Class,TIME,last3F,16,ave3F,48.8,44.6,0
アラゴナイト,4,26.3,8,0.0,waku,Class,TIME,last3F,16,ave3F,47.4,50.5,0
デルマグレムリン,5,30.7,10,0.0,waku,Class,TIME,last3F,16,ave3F,50.9,49.4,0
サイモンルモンド,6,330.5,15,0.0,waku,Class,TIME,last3F,16,ave3F,49.2,42.4,0
ディープリッチ,7,29.8,9,0.0,waku,Class,TIME,last3F,16,ave3F,52.8,39.6,0
フレンチギフト,8,5.8,3,0.0,waku,Class,TIME,last3F,16,ave3F,51.9,47.9,0
ポルトヴェッキオ,9,3,1,0.0,waku,Class,TIME,last3F,16,ave3F,50.1,50.4,0
レオカクテル,10,78.9,13,0.0,waku,Class,TIME,last3F,16,ave3F,40.1,47.1,0
リッキーマジック,11,53,11,0.0,waku,Class,TIME,last3F,16,ave3F,----,99.0,0
ライラスター,12,5.3,2,0.0,waku,Class,TIME,last3F,16,ave3F,56.3,53.5,0
プルモナリア,13,335.5,16,0.0,waku,Class,TIME,last3F,16,ave3F,51.6,52.1,0
デアノヴァ,14,25.7,7,0.0,waku,Class,TIME,last3F,16,ave3F,50.2,48.6,0
ヨンク,15,9.4,5,0.0,waku,Class,TIME,last3F,16,ave3F,52,49.2,0
ルヴァンヴェール,16,303.4,14,0.0,waku,Class,TIME,last3F,16,ave3F,40.4,44.2,0
