﻿name,no,odds,pop_rank,power_index,place,distance,surface,pace_type,field_size,class,prev_place,prev_rank,is_chiho
ヴェンチュラムーン,1,23.6,8,0.0,waku,Class,TIME,last3F,11,ave3F,56.9,51.5,0
ゴキゲンサン,2,12.7,7,0.0,waku,Class,TIME,last3F,11,ave3F,48,45.8,0
カミーロ,3,11.3,5,0.0,waku,Class,TIME,last3F,11,ave3F,55.6,56.4,0
ハウピア,4,64.5,10,0.0,waku,Class,TIME,last3F,11,ave3F,44.2,44.7,0
トーホウフランゴ,5,12.4,6,0.0,waku,Class,TIME,last3F,11,ave3F,55,50.9,0
ヴィエンヌ,6,5,3,0.0,waku,Class,TIME,last3F,11,ave3F,59.8,52.6,0
オリオンネビュラ,7,28.8,9,0.0,waku,Class,TIME,last3F,11,ave3F,53.8,50.8,0
イイヒニナル,8,110.7,11,0.0,waku,Class,TIME,last3F,11,ave3F,----,99.0,0
スカイロケット,9,3,1,0.0,waku,Class,TIME,last3F,11,ave3F,46.8,46.9,0
アスクドリームモア,10,4.7,2,0.0,waku,Class,TIME,last3F,11,ave3F,52.9,50.9,0
スーパーアグリ,11,6.1,4,0.0,waku,Class,TIME,last3F,11,ave3F,51.7,52.4,0
