﻿name,no,odds,pop_rank,power_index,place,distance,surface,pace_type,field_size,class,prev_place,prev_rank,is_chiho
タイキドミニオン,1,6.2,4,0.0,waku,Class,TIME,last3F,16,ave3F,47.6,46.9,0
コスモルーテウス,2,50.4,13,0.0,waku,Class,TIME,last3F,16,ave3F,46.5,50.5,0
フラッグアドミラル,3,161.7,16,0.0,waku,Class,TIME,last3F,16,ave3F,44.9,45.7,0
サバンナモンキー,4,85.8,14,0.0,waku,Class,TIME,last3F,16,ave3F,48.7,47.9,0
ビーアイフェリペ,5,18.6,9,0.0,waku,Class,TIME,last3F,16,ave3F,46.4,42.6,0
ヴィブラフォン,6,15.1,7,0.0,waku,Class,TIME,last3F,16,ave3F,49.6,49.4,0
メイショウホマレ,7,4.1,1,0.0,waku,Class,TIME,last3F,16,ave3F,38.9,39.5,0
ワンダーブレット,8,5.3,2,0.0,waku,Class,TIME,last3F,16,ave3F,44,44.0,0
フローラルドレス,9,100.7,15,0.0,waku,Class,TIME,last3F,16,ave3F,46.5,47.5,0
サトノスライヴ,10,16,8,0.0,waku,Class,TIME,last3F,16,ave3F,53.3,54.8,0
トーホウボルツ,11,30.7,11,0.0,waku,Class,TIME,last3F,16,ave3F,44.1,45.9,0
イチネンエーグミ,12,18.6,10,0.0,waku,Class,TIME,last3F,16,ave3F,47.6,48.4,0
マジックスピーチ,13,5.8,3,0.0,waku,Class,TIME,last3F,16,ave3F,54.9,51.5,0
ダイシンピスケス,14,13,5,0.0,waku,Class,TIME,last3F,16,ave3F,37.8,45.4,0
ユウゲン,15,13.2,6,0.0,waku,Class,TIME,last3F,16,ave3F,43,41.7,0
サンライズグリット,16,43.5,12,0.0,waku,Class,TIME,last3F,16,ave3F,49,47.5,0
