﻿name,no,odds,pop_rank,power_index,place,distance,surface,pace_type,field_size,class,prev_place,prev_rank,is_chiho
カテドラル,1,17.7,9,0.0,waku,Class,TIME,last3F,16,ave3F,52,50.9,0
レッドランメルト,2,4.6,1,0.0,waku,Class,TIME,last3F,16,ave3F,55.4,54.6,0
テイエムスパーダ,3,51.2,13,0.0,waku,Class,TIME,last3F,16,ave3F,48.3,48.2,0
レッドベルオーブ,4,16.2,8,0.0,waku,Class,TIME,last3F,16,ave3F,44.1,47.0,0
ゴールドギア,5,136.7,16,0.0,waku,Class,TIME,last3F,16,ave3F,53.5,52.0,0
ヒンドゥタイムズ,6,4.9,2,0.0,waku,Class,TIME,last3F,16,ave3F,57.6,58.6,0
バジオウ,7,18.8,10,0.0,waku,Class,TIME,last3F,16,ave3F,51.9,52.9,0
インテンスライト,8,112.5,15,0.0,waku,Class,TIME,last3F,16,ave3F,57.5,57.9,0
サトノエルドール,9,51.3,14,0.0,waku,Class,TIME,last3F,16,ave3F,56.2,49.4,0
フォルコメン,10,13.9,6,0.0,waku,Class,TIME,last3F,16,ave3F,56.8,54.8,0
ダンディズム,11,15,7,0.0,waku,Class,TIME,last3F,16,ave3F,55.8,54.7,0
ウイングレイテスト,12,8.1,5,0.0,waku,Class,TIME,last3F,16,ave3F,50,44.5,0
ホウオウエミーズ,13,7.7,4,0.0,waku,Class,TIME,last3F,16,ave3F,57.9,56.2,0
ロングラン,14,6.9,3,0.0,waku,Class,TIME,last3F,16,ave3F,55.7,51.0,0
フォワードアゲン,15,21.5,11,0.0,waku,Class,TIME,last3F,16,ave3F,57.1,52.9,0
アルサトワ,16,42.5,12,0.0,waku,Class,TIME,last3F,16,ave3F,48.4,51.4,0
