﻿name,no,odds,pop_rank,power_index,place,distance,surface,pace_type,field_size,class,prev_place,prev_rank,is_chiho
トールキン,1,12.2,4,0.0,waku,Class,TIME,last3F,10,ave3F,42,44.9,0
コーパスクリスティ,2,8.6,3,0.0,waku,Class,TIME,last3F,10,ave3F,56.5,52.4,0
ブーケファロス,3,24.7,5,0.0,waku,Class,TIME,last3F,10,ave3F,51.2,44.9,0
ビッグシーザー,4,1.3,1,0.0,waku,Class,TIME,last3F,10,ave3F,51.7,48.3,0
ウメムスビ,5,30.4,7,0.0,waku,Class,TIME,last3F,10,ave3F,45.5,44.9,0
エコロアイ,6,136.4,10,0.0,waku,Class,TIME,last3F,10,ave3F,----,99.0,0
ミルトクレイモー,7,7.1,2,0.0,waku,Class,TIME,last3F,10,ave3F,51.2,50.0,0
バレリーナ,8,34.2,8,0.0,waku,Class,TIME,last3F,10,ave3F,47.1,45.1,0
オメガシンフォニー,9,26.4,6,0.0,waku,Class,TIME,last3F,10,ave3F,43,42.5,0
アームズレイン,10,42,9,0.0,waku,Class,TIME,last3F,10,ave3F,40.6,42.3,0
