﻿name,no,odds,pop_rank,power_index,place,distance,surface,pace_type,field_size,class,prev_place,prev_rank,is_chiho
エニシノウタ,1,15.9,5,0.0,waku,Class,TIME,last3F,18,ave3F,57.7,42.3,0
イザニコス,2,39,11,0.0,waku,Class,TIME,last3F,18,ave3F,51.2,50.3,0
フラッグアドミラル,3,389.4,18,0.0,waku,Class,TIME,last3F,18,ave3F,42.7,46.1,0
ファジェス,4,95.6,14,0.0,waku,Class,TIME,last3F,18,ave3F,42.3,44.7,0
オオキニ,5,15.9,6,0.0,waku,Class,TIME,last3F,18,ave3F,54.2,49.7,0
エレフセリア,6,31.7,8,0.0,waku,Class,TIME,last3F,18,ave3F,52.5,51.1,0
テリオスマナ,7,12.7,4,0.0,waku,Class,TIME,last3F,18,ave3F,52.4,52.4,0
タイセイドリーマー,8,45.4,13,0.0,waku,Class,TIME,last3F,18,ave3F,50.4,50.3,0
ストップザタイム,9,1.7,1,0.0,waku,Class,TIME,last3F,18,ave3F,57.5,55.7,0
ハーランズハーツ,10,7.7,3,0.0,waku,Class,TIME,last3F,18,ave3F,61.4,60.2,0
モズゴールドバレル,11,7.5,2,0.0,waku,Class,TIME,last3F,18,ave3F,53.3,54.7,0
ブラックデビル,12,190.9,15,0.0,waku,Class,TIME,last3F,18,ave3F,47.8,52.1,0
ロッソモラーレ,13,245.3,17,0.0,waku,Class,TIME,last3F,18,ave3F,----,99.0,0
スウィートブルーム,14,199.9,16,0.0,waku,Class,TIME,last3F,18,ave3F,55.3,42.3,0
ホウオウジョルノ,15,34.6,9,0.0,waku,Class,TIME,last3F,18,ave3F,51,42.3,0
テーオーソロス,16,28,7,0.0,waku,Class,TIME,last3F,18,ave3F,53.2,52.5,0
マイネルメサイア,17,35,10,0.0,waku,Class,TIME,last3F,18,ave3F,50.8,50.5,0
レヴォリオ,18,44.8,12,0.0,waku,Class,TIME,last3F,18,ave3F,54,52.1,0
