﻿name,no,odds,pop_rank,power_index,place,distance,surface,pace_type,field_size,class,prev_place,prev_rank,is_chiho
ネッロランパンテ,1,130.5,8,0.0,waku,Class,TIME,last3F,9,ave3F,55.6,54.0,0
アースビート,2,77.5,7,0.0,waku,Class,TIME,last3F,9,ave3F,43.1,51.5,0
マンマリアーレ,3,6.7,3,0.0,waku,Class,TIME,last3F,9,ave3F,52,50.7,0
フィレット,4,21.9,6,0.0,waku,Class,TIME,last3F,9,ave3F,55.6,52.7,0
ツインクルトーズ,5,16.3,5,0.0,waku,Class,TIME,last3F,9,ave3F,42.1,46.3,0
エミュー,6,6.8,4,0.0,waku,Class,TIME,last3F,9,ave3F,53.1,50.3,0
ニシノコウフク,7,4.6,2,0.0,waku,Class,TIME,last3F,9,ave3F,62.7,63.4,0
セセラギ,8,316.9,9,0.0,waku,Class,TIME,last3F,9,ave3F,51.9,51.3,0
ゴールデンハインド,9,1.6,1,0.0,waku,Class,TIME,last3F,9,ave3F,59.6,59.9,0
