﻿name,no,odds,pop_rank,power_index,place,distance,surface,pace_type,field_size,class,prev_place,prev_rank,is_chiho
メイショウハボタン,1,16.8,8,0.0,waku,Class,TIME,last3F,15,ave3F,48,44.9,0
アルトシュタット,2,2.4,1,0.0,waku,Class,TIME,last3F,15,ave3F,53.8,53.4,0
ベルウッドブラボー,3,9.7,4,0.0,waku,Class,TIME,last3F,15,ave3F,53.8,53.4,0
テリーヌ,4,115.5,11,0.0,waku,Class,TIME,last3F,15,ave3F,46.2,44.1,0
シャークスポット,5,11.1,5,0.0,waku,Class,TIME,last3F,15,ave3F,53.6,49.1,0
メイショウイジゲン,6,156.8,14,0.0,waku,Class,TIME,last3F,15,ave3F,46.4,44.9,0
シティレインボー,7,5.8,3,0.0,waku,Class,TIME,last3F,15,ave3F,60.6,42.3,0
タマモダイジョッキ,8,14.6,7,0.0,waku,Class,TIME,last3F,15,ave3F,54.8,53.4,0
チャイカ,9,267.1,15,0.0,waku,Class,TIME,last3F,15,ave3F,47.5,42.5,0
ケルンキングダム,10,134,13,0.0,waku,Class,TIME,last3F,15,ave3F,57.6,42.3,0
マテンロウエール,11,13.9,6,0.0,waku,Class,TIME,last3F,15,ave3F,57,51.8,0
ハーツラプソディ,12,4.4,2,0.0,waku,Class,TIME,last3F,15,ave3F,55.7,55.0,0
ウインスピリタス,13,132.2,12,0.0,waku,Class,TIME,last3F,15,ave3F,46,45.7,0
アスクキングコング,14,68.9,9,0.0,waku,Class,TIME,last3F,15,ave3F,45.8,44.9,0
タケルラスティ,15,97.3,10,0.0,waku,Class,TIME,last3F,15,ave3F,45.4,45.6,0
