﻿name,no,odds,pop_rank,power_index,place,distance,surface,pace_type,field_size,class,prev_place,prev_rank,is_chiho
デフィデリ,1,8.8,5,0.0,waku,Class,TIME,last3F,18,ave3F,51.1,49.2,0
タウゼントシェーン,2,6.2,2,0.0,waku,Class,TIME,last3F,18,ave3F,55.5,54.8,0
プリファードラン,3,78.1,14,0.0,waku,Class,TIME,last3F,18,ave3F,50.5,54.2,0
ホウオウエンジェル,4,10.7,8,0.0,waku,Class,TIME,last3F,18,ave3F,48.3,47.7,0
ドラゴンゴクウ,5,96.5,15,0.0,waku,Class,TIME,last3F,18,ave3F,52,45.5,0
エメラルアポロン,6,101,16,0.0,waku,Class,TIME,last3F,18,ave3F,----,99.0,0
シーズアクイーン,7,298.9,18,0.0,waku,Class,TIME,last3F,18,ave3F,42.5,46.1,0
クリーンジーニアス,8,5.3,1,0.0,waku,Class,TIME,last3F,18,ave3F,47.7,47.7,0
イラーレ,9,8.9,6,0.0,waku,Class,TIME,last3F,18,ave3F,46.6,46.9,0
プルサティーラ,10,24.3,11,0.0,waku,Class,TIME,last3F,18,ave3F,51.7,47.5,0
ナリタローゼ,11,7.9,4,0.0,waku,Class,TIME,last3F,18,ave3F,44.8,47.4,0
グリュレーヴ,12,67.3,13,0.0,waku,Class,TIME,last3F,18,ave3F,47.2,46.7,0
アリシアン,13,7.5,3,0.0,waku,Class,TIME,last3F,18,ave3F,46.1,42.0,0
スターライトキス,14,23.2,10,0.0,waku,Class,TIME,last3F,18,ave3F,48.3,42.0,0
アドヴァイス,15,15.9,9,0.0,waku,Class,TIME,last3F,18,ave3F,44.7,46.2,0
インプロバイザー,16,10.4,7,0.0,waku,Class,TIME,last3F,18,ave3F,49.4,48.2,0
カメハメハタイム,17,33.4,12,0.0,waku,Class,TIME,last3F,18,ave3F,47.1,52.2,0
メイショウツガミネ,18,187.8,17,0.0,waku,Class,TIME,last3F,18,ave3F,40.1,43.5,0
