﻿name,no,odds,pop_rank,power_index,place,distance,surface,pace_type,field_size,class,prev_place,prev_rank,is_chiho
ララエフォール,1,3.4,2,0.0,waku,Class,TIME,last3F,16,ave3F,57,52.0,0
マブストーク,2,52.7,9,0.0,waku,Class,TIME,last3F,16,ave3F,52.9,52.1,0
ウインジョイフル,3,78.4,11,0.0,waku,Class,TIME,last3F,16,ave3F,51.9,49.2,0
フクウン,4,67.3,10,0.0,waku,Class,TIME,last3F,16,ave3F,42,40.6,0
シャーマンズケイブ,5,19,8,0.0,waku,Class,TIME,last3F,16,ave3F,52.2,51.3,0
エルパソ,6,8.3,4,0.0,waku,Class,TIME,last3F,16,ave3F,47.2,47.0,0
コロンドール,7,331.3,16,0.0,waku,Class,TIME,last3F,16,ave3F,43.1,49.7,0
グリュースゴット,8,14.5,7,0.0,waku,Class,TIME,last3F,16,ave3F,53,51.3,0
フルオール,9,3,1,0.0,waku,Class,TIME,last3F,16,ave3F,50.1,46.2,0
フリーフロー,10,239.5,15,0.0,waku,Class,TIME,last3F,16,ave3F,50.1,47.4,0
マウントベル,11,7.3,3,0.0,waku,Class,TIME,last3F,16,ave3F,52,51.5,0
スーパーホープ,12,10.5,5,0.0,waku,Class,TIME,last3F,16,ave3F,44.7,44.1,0
トランシルヴァニア,13,84.4,13,0.0,waku,Class,TIME,last3F,16,ave3F,55.3,53.6,0
ヴィクトリオーソ,14,85.3,14,0.0,waku,Class,TIME,last3F,16,ave3F,47.3,49.2,0
イサチルプリンス,15,80.5,12,0.0,waku,Class,TIME,last3F,16,ave3F,46.2,49.0,0
ナイトフローリック,16,13.4,6,0.0,waku,Class,TIME,last3F,16,ave3F,56.9,54.5,0
