﻿name,no,odds,pop_rank,power_index,place,distance,surface,pace_type,field_size,class,prev_place,prev_rank,is_chiho
スマートハンター,1,28.4,9,0.0,waku,Class,TIME,last3F,10,ave3F,46.3,47.0,0
トーホウキザン,2,77.6,10,0.0,waku,Class,TIME,last3F,10,ave3F,46,46.4,0
バールデュヴァン,3,3.3,2,0.0,waku,Class,TIME,last3F,10,ave3F,42.8,40.6,0
エミサキホコル,4,5.2,3,0.0,waku,Class,TIME,last3F,10,ave3F,42.1,42.3,0
アドバンスファラオ,5,8.4,4,0.0,waku,Class,TIME,last3F,10,ave3F,49.7,42.5,0
ラックスアットゼア,6,10.5,6,0.0,waku,Class,TIME,last3F,10,ave3F,----,99.0,0
マルモリキング,7,18.9,7,0.0,waku,Class,TIME,last3F,10,ave3F,42.8,41.8,0
ドンアミティエ,8,3.1,1,0.0,waku,Class,TIME,last3F,10,ave3F,43.8,43.3,0
キョウエイゲイル,9,10.4,5,0.0,waku,Class,TIME,last3F,10,ave3F,39.7,39.3,0
ダンテバローズ,10,25.2,8,0.0,waku,Class,TIME,last3F,10,ave3F,46.6,42.5,0
