﻿name,no,odds,pop_rank,power_index,place,distance,surface,pace_type,field_size,class,prev_place,prev_rank,is_chiho
シャウビンダー,1,38.4,12,0.0,waku,Class,TIME,last3F,18,ave3F,50.3,44.8,0
フラッシュアーク,2,41.3,14,0.0,waku,Class,TIME,last3F,18,ave3F,42.6,42.0,0
ディオアステリア,3,4.7,1,0.0,waku,Class,TIME,last3F,18,ave3F,47.7,47.7,0
テーオースパロー,4,17.7,8,0.0,waku,Class,TIME,last3F,18,ave3F,49.9,51.0,0
スターライトキス,5,160.8,16,0.0,waku,Class,TIME,last3F,18,ave3F,54.6,49.4,0
マメコ,6,15.4,7,0.0,waku,Class,TIME,last3F,18,ave3F,52.3,46.1,0
ドリームアゲイン,7,11.9,6,0.0,waku,Class,TIME,last3F,18,ave3F,41.7,41.7,0
シュアーウィナー,8,232.2,17,0.0,waku,Class,TIME,last3F,18,ave3F,50.3,56.3,0
アルティマボス,9,304.2,18,0.0,waku,Class,TIME,last3F,18,ave3F,46.8,47.6,0
アインシュペンナー,10,29.8,10,0.0,waku,Class,TIME,last3F,18,ave3F,57.2,55.6,0
ハピネスアゲン,11,5.7,3,0.0,waku,Class,TIME,last3F,18,ave3F,54.8,47.9,0
ドラゴンゴクウ,12,55.8,15,0.0,waku,Class,TIME,last3F,18,ave3F,59.9,51.5,0
ヴェールクレール,13,8.7,5,0.0,waku,Class,TIME,last3F,18,ave3F,46.1,43.9,0
ミエノベルル,14,30,11,0.0,waku,Class,TIME,last3F,18,ave3F,42,44.0,0
デルマヤクシ,15,28.8,9,0.0,waku,Class,TIME,last3F,18,ave3F,55.5,49.2,0
スズノナデシコ,16,6.2,4,0.0,waku,Class,TIME,last3F,18,ave3F,43.4,42.1,0
タウゼントシェーン,17,5.5,2,0.0,waku,Class,TIME,last3F,18,ave3F,52.4,51.5,0
テンジュイン,18,41.1,13,0.0,waku,Class,TIME,last3F,18,ave3F,48.6,45.8,0
