﻿name,no,odds,pop_rank,power_index,place,distance,surface,pace_type,field_size,class,prev_place,prev_rank,is_chiho
ピエドラアギーラ,1,59.5,11,0.0,waku,Class,TIME,last3F,16,ave3F,46.8,48.5,0
モズゴールドバレル,2,7,4,0.0,waku,Class,TIME,last3F,16,ave3F,37.5,44.8,0
ロードラプソディ,3,49.6,10,0.0,waku,Class,TIME,last3F,16,ave3F,49.3,51.9,0
ヨンウォニ,4,363.7,16,0.0,waku,Class,TIME,last3F,16,ave3F,51.7,44.9,0
クオンタム,5,220.9,13,0.0,waku,Class,TIME,last3F,16,ave3F,47.8,45.4,0
フォレスタ,6,6.2,3,0.0,waku,Class,TIME,last3F,16,ave3F,51,47.5,0
クラシックステップ,7,3.4,2,0.0,waku,Class,TIME,last3F,16,ave3F,53.3,49.9,0
キヨラ,8,255.4,14,0.0,waku,Class,TIME,last3F,16,ave3F,50.3,49.4,0
ロムネヤ,9,8,5,0.0,waku,Class,TIME,last3F,16,ave3F,48.2,49.2,0
ヴィスパメンテ,10,3.3,1,0.0,waku,Class,TIME,last3F,16,ave3F,53.1,52.0,0
ユイ,11,69.8,12,0.0,waku,Class,TIME,last3F,16,ave3F,----,99.0,0
タイニープライド,12,262.6,15,0.0,waku,Class,TIME,last3F,16,ave3F,47.8,50.0,0
フィルムスコア,13,49.4,9,0.0,waku,Class,TIME,last3F,16,ave3F,48.6,46.3,0
エイムトゥルー,14,10.3,6,0.0,waku,Class,TIME,last3F,16,ave3F,50.8,52.9,0
ヒルノアントラ,15,43.8,8,0.0,waku,Class,TIME,last3F,16,ave3F,48.2,46.7,0
マイネルパリオート,16,32.8,7,0.0,waku,Class,TIME,last3F,16,ave3F,52.7,51.5,0
