﻿name,no,odds,pop_rank,power_index,place,distance,surface,pace_type,field_size,class,prev_place,prev_rank,is_chiho
プレジールミノル,1,83.3,13,0.0,waku,Class,TIME,last3F,15,ave3F,47.3,48.3,0
サヴァビアン,2,16.1,6,0.0,waku,Class,TIME,last3F,15,ave3F,49.2,49.3,0
テイエムファクター,3,7.5,4,0.0,waku,Class,TIME,last3F,15,ave3F,40.2,45.6,0
メイショウジブリ,4,2.4,1,0.0,waku,Class,TIME,last3F,15,ave3F,43.9,44.4,0
フラッグアドミラル,5,157.1,15,0.0,waku,Class,TIME,last3F,15,ave3F,55.8,50.9,0
タイセイヴィーナス,6,79.5,12,0.0,waku,Class,TIME,last3F,15,ave3F,48.5,52.9,0
トゥルブレンシア,7,21.9,7,0.0,waku,Class,TIME,last3F,15,ave3F,40.5,44.1,0
フームスムート,8,31.8,9,0.0,waku,Class,TIME,last3F,15,ave3F,48,47.5,0
トーホウボルツ,9,144.2,14,0.0,waku,Class,TIME,last3F,15,ave3F,46.6,42.4,0
ハイエストポイント,10,5.4,3,0.0,waku,Class,TIME,last3F,15,ave3F,39.2,45.4,0
アスクビックスター,11,12.1,5,0.0,waku,Class,TIME,last3F,15,ave3F,50,50.0,0
ペイシャオウユー,12,57.8,10,0.0,waku,Class,TIME,last3F,15,ave3F,53.2,50.0,0
ハイパーノヴァ,13,78.1,11,0.0,waku,Class,TIME,last3F,15,ave3F,48.6,48.4,0
リアルシング,14,22.1,8,0.0,waku,Class,TIME,last3F,15,ave3F,47.5,49.1,0
サンライズジャスト,15,5.1,2,0.0,waku,Class,TIME,last3F,15,ave3F,44.5,43.6,0
