﻿name,no,odds,pop_rank,power_index,place,distance,surface,pace_type,field_size,class,prev_place,prev_rank,is_chiho
メイショウグラニー,1,6.4,3,0.0,waku,Class,TIME,last3F,18,ave3F,39.9,41.4,0
ディオアステリア,2,12.8,6,0.0,waku,Class,TIME,last3F,18,ave3F,53.5,51.5,0
マメコ,3,6.2,2,0.0,waku,Class,TIME,last3F,18,ave3F,48.6,47.7,0
キャニオニング,4,24.5,11,0.0,waku,Class,TIME,last3F,18,ave3F,51.4,45.5,0
スズノナデシコ,5,20.8,10,0.0,waku,Class,TIME,last3F,18,ave3F,40.7,40.7,0
ヴィルチュオーズ,6,47.7,15,0.0,waku,Class,TIME,last3F,18,ave3F,42,45.1,0
ユキノエリザベス,7,39.7,14,0.0,waku,Class,TIME,last3F,18,ave3F,53.2,53.5,0
タムロキュラムン,8,13.3,8,0.0,waku,Class,TIME,last3F,18,ave3F,52.3,47.7,0
ハルカナネガイ,9,81.8,16,0.0,waku,Class,TIME,last3F,18,ave3F,----,99.0,0
レインボークラウド,10,113.7,17,0.0,waku,Class,TIME,last3F,18,ave3F,52.6,47.2,0
テンメジャーガール,11,5,1,0.0,waku,Class,TIME,last3F,18,ave3F,48.6,47.5,0
コルカノン,12,14.8,9,0.0,waku,Class,TIME,last3F,18,ave3F,51.7,44.8,0
フラッシュアーク,13,31.7,12,0.0,waku,Class,TIME,last3F,18,ave3F,48.6,48.0,0
ピースキーパー,14,7.2,4,0.0,waku,Class,TIME,last3F,18,ave3F,58.7,52.7,0
ポルタフォルトゥナ,15,13.2,7,0.0,waku,Class,TIME,last3F,18,ave3F,50,51.5,0
シゲルオテンバ,16,37.2,13,0.0,waku,Class,TIME,last3F,18,ave3F,46.9,42.0,0
パラティーノヒル,17,360.3,18,0.0,waku,Class,TIME,last3F,18,ave3F,44,43.5,0
ラナキラ,18,11.4,5,0.0,waku,Class,TIME,last3F,18,ave3F,52.2,51.0,0
