﻿name,no,odds,pop_rank,power_index,place,distance,surface,pace_type,field_size,class,prev_place,prev_rank,is_chiho
メイショウホシアイ,1,4.3,1,0.0,waku,Class,TIME,last3F,17,ave3F,45.9,45.6,0
オメガラヴィサン,2,21.7,9,0.0,waku,Class,TIME,last3F,17,ave3F,53,52.1,0
ビアイ,3,87.7,15,0.0,waku,Class,TIME,last3F,17,ave3F,45.2,44.8,0
クリノマジン,4,5.3,3,0.0,waku,Class,TIME,last3F,17,ave3F,50.6,49.7,0
フォドラ,5,42.8,13,0.0,waku,Class,TIME,last3F,17,ave3F,50.3,47.9,0
メイショウツツジ,6,41.8,12,0.0,waku,Class,TIME,last3F,17,ave3F,52.9,49.7,0
オースミカテドラル,7,102.4,16,0.0,waku,Class,TIME,last3F,17,ave3F,49,46.6,0
グランレイ,8,9.7,5,0.0,waku,Class,TIME,last3F,17,ave3F,45.8,44.8,0
インフィナイト,9,16.6,7,0.0,waku,Class,TIME,last3F,17,ave3F,44,44.8,0
スズカマクフィ,10,107.9,17,0.0,waku,Class,TIME,last3F,17,ave3F,48.8,46.3,0
エナジーグラン,11,4.9,2,0.0,waku,Class,TIME,last3F,17,ave3F,49.4,46.1,0
ルクルト,12,12.6,6,0.0,waku,Class,TIME,last3F,17,ave3F,51.8,44.5,0
ブレスレスリー,13,7.5,4,0.0,waku,Class,TIME,last3F,17,ave3F,52.1,52.1,0
グレイトゲイナー,14,46.6,14,0.0,waku,Class,TIME,last3F,17,ave3F,51.2,48.8,0
ジャストザビアンカ,15,36.4,11,0.0,waku,Class,TIME,last3F,17,ave3F,46.1,42.3,0
スイートクラウン,16,33.7,10,0.0,waku,Class,TIME,last3F,17,ave3F,43.9,47.9,0
ダノンシティ,17,18.1,8,0.0,waku,Class,TIME,last3F,17,ave3F,50.9,43.1,0
