﻿name,no,odds,pop_rank,power_index,place,distance,surface,pace_type,field_size,class,prev_place,prev_rank,is_chiho
ドゥラモンド,1,13.9,4,0.0,waku,Class,TIME,last3F,16,ave3F,63.9,59.0,0
イグザルト,2,4.8,3,0.0,waku,Class,TIME,last3F,16,ave3F,42.5,42.6,0
スズカマクフィ,3,98,11,0.0,waku,Class,TIME,last3F,16,ave3F,47.4,42.9,0
ラブリークイーン,4,41.2,8,0.0,waku,Class,TIME,last3F,16,ave3F,47.7,49.2,0
ロードアラビアン,5,1.9,1,0.0,waku,Class,TIME,last3F,16,ave3F,51.6,48.2,0
フォーチュンテラー,6,16,6,0.0,waku,Class,TIME,last3F,16,ave3F,47.1,44.3,0
ゴダイリキ,7,14.6,5,0.0,waku,Class,TIME,last3F,16,ave3F,47.8,42.6,0
ラパンセソバージュ,8,204.1,13,0.0,waku,Class,TIME,last3F,16,ave3F,54,53.5,0
アメリカンファクト,9,102.9,12,0.0,waku,Class,TIME,last3F,16,ave3F,53.6,44.6,0
フィールザファラオ,10,307.9,16,0.0,waku,Class,TIME,last3F,16,ave3F,54.5,47.7,0
プエルタデルソル,11,215.7,14,0.0,waku,Class,TIME,last3F,16,ave3F,50.1,42.6,0
ラインオブフェイト,12,62.1,9,0.0,waku,Class,TIME,last3F,16,ave3F,42.8,44.6,0
ソーラーフレア,13,254.2,15,0.0,waku,Class,TIME,last3F,16,ave3F,47.7,44.6,0
ワイドソロモン,14,75.9,10,0.0,waku,Class,TIME,last3F,16,ave3F,50.4,46.6,0
リンカーンテソーロ,15,31.2,7,0.0,waku,Class,TIME,last3F,16,ave3F,47.7,46.6,0
ジレトール,16,4.5,2,0.0,waku,Class,TIME,last3F,16,ave3F,37.7,39.6,0
