﻿name,no,odds,pop_rank,power_index,place,distance,surface,pace_type,field_size,class,prev_place,prev_rank,is_chiho
レッドソリッド,1,15.6,4,0.0,waku,Class,TIME,last3F,8,ave3F,48.7,51.5,0
エイシンセラフィム,2,29.3,7,0.0,waku,Class,TIME,last3F,8,ave3F,54.5,51.4,0
ハギノサステナブル,3,5.5,3,0.0,waku,Class,TIME,last3F,8,ave3F,49.2,46.3,0
ルクスフロンティア,4,26.2,6,0.0,waku,Class,TIME,last3F,8,ave3F,53.8,59.5,0
ペイシャハヤブサ,5,70.9,8,0.0,waku,Class,TIME,last3F,8,ave3F,49,48.1,0
ロイガヴェーグル,6,15.7,5,0.0,waku,Class,TIME,last3F,8,ave3F,48.5,49.4,0
フルングニル,7,1.8,1,0.0,waku,Class,TIME,last3F,8,ave3F,----,99.0,0
ゴッドブルービー,8,3.2,2,0.0,waku,Class,TIME,last3F,8,ave3F,58.5,59.8,0
