﻿name,no,odds,pop_rank,power_index,place,distance,surface,pace_type,field_size,class,prev_place,prev_rank,is_chiho
ルージュエクレール,1,2.8,1,0.0,waku,Class,TIME,last3F,11,ave3F,50.3,48.9,0
ジャングルキング,2,10.4,5,0.0,waku,Class,TIME,last3F,11,ave3F,53.8,46.0,0
サイモンメガライズ,3,193.7,10,0.0,waku,Class,TIME,last3F,11,ave3F,45.3,45.9,0
ルルローズ,4,10.1,4,0.0,waku,Class,TIME,last3F,11,ave3F,51.4,52.6,0
ファロロジー,5,38.2,9,0.0,waku,Class,TIME,last3F,11,ave3F,52.1,39.6,0
ベッラノーヴァ,6,3,2,0.0,waku,Class,TIME,last3F,11,ave3F,52.2,48.2,0
ジャッジ,7,241.1,11,0.0,waku,Class,TIME,last3F,11,ave3F,38.4,44.7,0
ジッピーレーサー,8,13.3,7,0.0,waku,Class,TIME,last3F,11,ave3F,52.4,49.4,0
カフェサンドリヨン,9,11.6,6,0.0,waku,Class,TIME,last3F,11,ave3F,48.2,46.6,0
ブランデーロック,10,7.9,3,0.0,waku,Class,TIME,last3F,11,ave3F,60.8,51.5,0
ヤマニンルリュール,11,19.5,8,0.0,waku,Class,TIME,last3F,11,ave3F,49.6,45.7,0
