﻿name,no,odds,pop_rank,power_index,place,distance,surface,pace_type,field_size,class,prev_place,prev_rank,is_chiho
メルテッドハニー,1,131.6,9,0.0,waku,Class,TIME,last3F,11,ave3F,50.5,40.1,0
リーゼントフラム,2,23.9,7,0.0,waku,Class,TIME,last3F,11,ave3F,52.6,48.0,0
エコロデイジー,3,4.1,2,0.0,waku,Class,TIME,last3F,11,ave3F,51.1,47.3,0
エスジープリンセス,4,8.9,4,0.0,waku,Class,TIME,last3F,11,ave3F,61.2,50.9,0
セイレーン,5,15.3,5,0.0,waku,Class,TIME,last3F,11,ave3F,46.9,49.1,0
クリノカサット,6,319,11,0.0,waku,Class,TIME,last3F,11,ave3F,43.2,48.3,0
エテルナメンテ,7,8.2,3,0.0,waku,Class,TIME,last3F,11,ave3F,42.2,44.9,0
テーオーディエス,8,24,8,0.0,waku,Class,TIME,last3F,11,ave3F,50,44.1,0
セルレア,9,146.7,10,0.0,waku,Class,TIME,last3F,11,ave3F,46.6,44.9,0
ウインバグース,10,1.7,1,0.0,waku,Class,TIME,last3F,11,ave3F,42.1,44.1,0
ロングファイナリー,11,22.3,6,0.0,waku,Class,TIME,last3F,11,ave3F,55.4,49.1,0
