﻿name,no,odds,pop_rank,power_index,place,distance,surface,pace_type,field_size,class,prev_place,prev_rank,is_chiho
ケルンコンサート,1,16.3,6,0.0,waku,Class,TIME,last3F,16,ave3F,39,41.7,0
バーニングソウル,2,35.7,9,0.0,waku,Class,TIME,last3F,16,ave3F,46.7,37.8,0
アラカザーム,3,59.9,11,0.0,waku,Class,TIME,last3F,16,ave3F,53.5,53.0,0
サザンエルフ,4,4,3,0.0,waku,Class,TIME,last3F,16,ave3F,46.4,44.1,0
トラストパッキャオ,5,138,13,0.0,waku,Class,TIME,last3F,16,ave3F,35.8,38.5,0
ダルダヌス,6,3.7,2,0.0,waku,Class,TIME,last3F,16,ave3F,----,99.0,0
パルデンス,7,84.4,12,0.0,waku,Class,TIME,last3F,16,ave3F,41.4,41.7,0
フォギーデイ,8,356.4,16,0.0,waku,Class,TIME,last3F,16,ave3F,42.5,47.3,0
アーサーテソーロ,9,13.7,5,0.0,waku,Class,TIME,last3F,16,ave3F,45.2,45.2,0
オールフラッグ,10,3.4,1,0.0,waku,Class,TIME,last3F,16,ave3F,52.5,51.4,0
ライヴサファイア,11,44.1,10,0.0,waku,Class,TIME,last3F,16,ave3F,40.2,40.5,0
クロッチ,12,246.6,14,0.0,waku,Class,TIME,last3F,16,ave3F,47.3,44.3,0
メイショウフンケイ,13,7.2,4,0.0,waku,Class,TIME,last3F,16,ave3F,42.8,41.3,0
ドラゴンズバック,14,327.3,15,0.0,waku,Class,TIME,last3F,16,ave3F,46.4,50.1,0
デルマカンノン,15,32.7,8,0.0,waku,Class,TIME,last3F,16,ave3F,54.4,51.2,0
セイカフォルゴーレ,16,18.3,7,0.0,waku,Class,TIME,last3F,16,ave3F,41.7,41.7,0
