﻿name,no,odds,pop_rank,power_index,place,distance,surface,pace_type,field_size,class,prev_place,prev_rank,is_chiho
パーカッション,1,7.3,3,0.0,waku,Class,TIME,last3F,16,ave3F,44.2,43.9,0
ホワイトクロウ,2,12,6,0.0,waku,Class,TIME,last3F,16,ave3F,44.8,43.9,0
ネオヒューズ,3,28.6,9,0.0,waku,Class,TIME,last3F,16,ave3F,48.7,44.1,0
ヨドノドリーム,4,190.6,15,0.0,waku,Class,TIME,last3F,16,ave3F,44.2,47.0,0
スパークインザアイ,5,21.3,8,0.0,waku,Class,TIME,last3F,16,ave3F,50.4,48.2,0
プラウドヘリテージ,6,65,13,0.0,waku,Class,TIME,last3F,16,ave3F,46.1,48.0,0
セイウンオードリー,7,34.3,11,0.0,waku,Class,TIME,last3F,16,ave3F,44.9,48.2,0
ミルニュイ,8,33.7,10,0.0,waku,Class,TIME,last3F,16,ave3F,----,99.0,0
メテオダヴリル,9,44.7,12,0.0,waku,Class,TIME,last3F,16,ave3F,43,44.1,0
ヴォルケニック,10,11.2,5,0.0,waku,Class,TIME,last3F,16,ave3F,40.7,43.4,0
ミント,11,89,14,0.0,waku,Class,TIME,last3F,16,ave3F,45.2,49.2,0
ヤマニンクイッカー,12,3.8,2,0.0,waku,Class,TIME,last3F,16,ave3F,47.7,46.9,0
コンクエスト,13,3.3,1,0.0,waku,Class,TIME,last3F,16,ave3F,47.9,43.6,0
カールスモーキー,14,9,4,0.0,waku,Class,TIME,last3F,16,ave3F,56.2,60.0,0
テイエムダイアタリ,15,280.6,16,0.0,waku,Class,TIME,last3F,16,ave3F,47.1,47.5,0
ミヤビクライ,16,13,7,0.0,waku,Class,TIME,last3F,16,ave3F,44.1,45.8,0
