﻿name,no,odds,pop_rank,power_index,place,distance,surface,pace_type,field_size,class,prev_place,prev_rank,is_chiho
ヴィアドロローサ,1,30.3,9,0.0,waku,Class,TIME,last3F,14,ave3F,45.6,45.2,0
バクシン,2,31.3,10,0.0,waku,Class,TIME,last3F,14,ave3F,36.1,44.1,0
ミッキークイック,3,23.6,8,0.0,waku,Class,TIME,last3F,14,ave3F,46.7,47.7,0
カイカノキセキ,4,20,6,0.0,waku,Class,TIME,last3F,14,ave3F,45.4,46.8,0
コモレビキラリ,5,16.2,5,0.0,waku,Class,TIME,last3F,14,ave3F,43.6,42.9,0
ウラヤ,6,6.1,3,0.0,waku,Class,TIME,last3F,14,ave3F,46.5,41.3,0
ウインアウォード,7,3.2,1,0.0,waku,Class,TIME,last3F,14,ave3F,47.8,50.6,0
プランセスカグヤ,8,79,13,0.0,waku,Class,TIME,last3F,14,ave3F,40.3,36.1,0
ケルンコンサート,9,42.2,11,0.0,waku,Class,TIME,last3F,14,ave3F,41.9,42.0,0
ユイノチャッキー,10,6.8,4,0.0,waku,Class,TIME,last3F,14,ave3F,50.7,48.6,0
ニホンピロオーセン,11,81,14,0.0,waku,Class,TIME,last3F,14,ave3F,38,41.6,0
サクセスローレル,12,3.3,2,0.0,waku,Class,TIME,last3F,14,ave3F,45.4,45.0,0
フェアレストアイル,13,20.5,7,0.0,waku,Class,TIME,last3F,14,ave3F,47,48.4,0
ロングファイナリー,14,59.8,12,0.0,waku,Class,TIME,last3F,14,ave3F,55,53.4,0
