﻿name,no,odds,pop_rank,power_index,place,distance,surface,pace_type,field_size,class,prev_place,prev_rank,is_chiho
モンテディオ,1,3.7,2,0.0,waku,Class,TIME,last3F,8,ave3F,51.1,49.0,0
プレイリードリーム,2,7.1,5,0.0,waku,Class,TIME,last3F,8,ave3F,50.5,46.6,0
メイショウコジョウ,3,31.9,7,0.0,waku,Class,TIME,last3F,8,ave3F,52.1,48.2,0
ホウオウバニラ,4,5.4,4,0.0,waku,Class,TIME,last3F,8,ave3F,55.4,52.5,0
ウン,5,15.2,6,0.0,waku,Class,TIME,last3F,8,ave3F,----,99.0,0
サトノシャローム,6,3.9,3,0.0,waku,Class,TIME,last3F,8,ave3F,55.2,56.1,0
シホノスペランツァ,7,3.2,1,0.0,waku,Class,TIME,last3F,8,ave3F,49.6,48.2,0
オンワードセルフ,8,259.8,8,0.0,waku,Class,TIME,last3F,8,ave3F,48.6,39.4,0
