﻿name,no,odds,pop_rank,power_index,place,distance,surface,pace_type,field_size,class,prev_place,prev_rank,is_chiho
キュートハイカー,1,16.4,7,0.0,waku,Class,TIME,last3F,14,ave3F,45.3,45.2,0
テイエムヒマラヤ,2,4.2,1,0.0,waku,Class,TIME,last3F,14,ave3F,46,44.9,0
クリノヴァニラ,3,31.9,10,0.0,waku,Class,TIME,last3F,14,ave3F,37.9,38.0,0
エンピレオ,4,5.5,4,0.0,waku,Class,TIME,last3F,14,ave3F,44.5,45.4,0
ドラゴンズアイ,5,225.2,14,0.0,waku,Class,TIME,last3F,14,ave3F,41,44.6,0
ブリュットミレジメ,6,5.2,3,0.0,waku,Class,TIME,last3F,14,ave3F,46,44.9,0
アイファーリンクス,7,8,5,0.0,waku,Class,TIME,last3F,14,ave3F,48.6,44.1,0
キョウエイゾロ,8,63.8,11,0.0,waku,Class,TIME,last3F,14,ave3F,50.8,47.3,0
ランスオブミューズ,9,21.8,8,0.0,waku,Class,TIME,last3F,14,ave3F,44.6,52.7,0
ザモウコダマシイ,10,91.9,13,0.0,waku,Class,TIME,last3F,14,ave3F,47.6,43.9,0
タイガークリスエス,11,85.9,12,0.0,waku,Class,TIME,last3F,14,ave3F,39.7,44.9,0
ブルーノート,12,31.1,9,0.0,waku,Class,TIME,last3F,14,ave3F,51.3,48.8,0
フレンドパル,13,8.8,6,0.0,waku,Class,TIME,last3F,14,ave3F,40.4,43.5,0
トランザクト,14,5,2,0.0,waku,Class,TIME,last3F,14,ave3F,39.7,39.7,0
