﻿name,no,odds,pop_rank,power_index,place,distance,surface,pace_type,field_size,class,prev_place,prev_rank,is_chiho
マテンロウレオ,1,15.2,6,0.0,waku,Class,TIME,last3F,13,ave3F,55,52.9,0
ラストドラフト,2,155.1,12,0.0,waku,Class,TIME,last3F,13,ave3F,60.2,55.1,0
ウインマイティー,3,17.1,7,0.0,waku,Class,TIME,last3F,13,ave3F,43.8,49.5,0
アフリカンゴールド,4,111.2,10,0.0,waku,Class,TIME,last3F,13,ave3F,54.3,55.1,0
キングオブドラゴン,5,31.7,9,0.0,waku,Class,TIME,last3F,13,ave3F,43.8,55.1,0
ユニコーンライオン,6,13.1,5,0.0,waku,Class,TIME,last3F,13,ave3F,49.4,49.4,0
マイネルファンロン,7,141.4,11,0.0,waku,Class,TIME,last3F,13,ave3F,54.7,58.6,0
プラダリア,8,8.8,4,0.0,waku,Class,TIME,last3F,13,ave3F,48.4,48.2,0
キラーアビリティ,9,6.8,3,0.0,waku,Class,TIME,last3F,13,ave3F,60.1,55.1,0
エフフォーリア,10,3.3,2,0.0,waku,Class,TIME,last3F,13,ave3F,47.8,46.5,0
インプレス,11,28.4,8,0.0,waku,Class,TIME,last3F,13,ave3F,58.2,55.7,0
ドウデュース,12,2.5,1,0.0,waku,Class,TIME,last3F,13,ave3F,----,99.0,0
スカーフェイス,13,176.4,13,0.0,waku,Class,TIME,last3F,13,ave3F,53.8,44.5,0
