﻿name,no,odds,pop_rank,power_index,place,distance,surface,pace_type,field_size,class,prev_place,prev_rank,is_chiho
シウン,1,92.7,12,0.0,waku,Class,TIME,last3F,16,ave3F,----,99.0,0
ダフニス,2,255.4,14,0.0,waku,Class,TIME,last3F,16,ave3F,----,99.0,0
ファイティング,3,405.3,16,0.0,waku,Class,TIME,last3F,16,ave3F,53.5,48.8,0
ミッキーレジェンド,4,3.2,1,0.0,waku,Class,TIME,last3F,16,ave3F,----,99.0,0
チュイション,5,20.9,8,0.0,waku,Class,TIME,last3F,16,ave3F,47.1,47.6,0
ヌーシャテル,6,382.4,15,0.0,waku,Class,TIME,last3F,16,ave3F,----,99.0,0
グランドライズ,7,82.1,11,0.0,waku,Class,TIME,last3F,16,ave3F,52.5,48.8,0
レイデルマール,8,4.2,2,0.0,waku,Class,TIME,last3F,16,ave3F,41.8,44.3,0
リネンファイト,9,6,3,0.0,waku,Class,TIME,last3F,16,ave3F,44.6,39.2,0
エコロドラゴン,10,8.7,5,0.0,waku,Class,TIME,last3F,16,ave3F,43.6,44.1,0
クリスタルウエイ,11,11,6,0.0,waku,Class,TIME,last3F,16,ave3F,53.7,51.3,0
ハジメテノチュウ,12,95.8,13,0.0,waku,Class,TIME,last3F,16,ave3F,----,99.0,0
ルリオウ,13,59.2,10,0.0,waku,Class,TIME,last3F,16,ave3F,48.3,47.9,0
プラティナマリア,14,38,9,0.0,waku,Class,TIME,last3F,16,ave3F,----,99.0,0
ルプランドル,15,8.7,4,0.0,waku,Class,TIME,last3F,16,ave3F,45.5,41.8,0
コウソクカレン,16,11.2,7,0.0,waku,Class,TIME,last3F,16,ave3F,41,43.2,0
