﻿name,no,odds,pop_rank,power_index,place,distance,surface,pace_type,field_size,class,prev_place,prev_rank,is_chiho
オセアダイナスティ,1,33.6,8,0.0,waku,Class,TIME,last3F,16,ave3F,48.2,50.6,0
ロードシュトローム,2,10.1,4,0.0,waku,Class,TIME,last3F,16,ave3F,48.9,48.5,0
カセノダンサー,3,11.9,5,0.0,waku,Class,TIME,last3F,16,ave3F,37.5,39.6,0
ラストマン,4,423,16,0.0,waku,Class,TIME,last3F,16,ave3F,47.8,48.4,0
ハセドン,5,6.4,3,0.0,waku,Class,TIME,last3F,16,ave3F,51.6,44.8,0
アルピニズム,6,366.1,15,0.0,waku,Class,TIME,last3F,16,ave3F,57.9,51.2,0
コラルノクターン,7,52.4,10,0.0,waku,Class,TIME,last3F,16,ave3F,52,48.7,0
レイモンドバローズ,8,46.3,9,0.0,waku,Class,TIME,last3F,16,ave3F,46.9,48.0,0
アメリカンシード,9,152.1,13,0.0,waku,Class,TIME,last3F,16,ave3F,38.3,45.2,0
コンバスチョン,10,15,6,0.0,waku,Class,TIME,last3F,16,ave3F,46.5,44.8,0
アンセッドヴァウ,11,136.3,12,0.0,waku,Class,TIME,last3F,16,ave3F,45.5,44.3,0
レッドゲイル,12,2,1,0.0,waku,Class,TIME,last3F,16,ave3F,45.1,40.6,0
ダノングリスター,13,214.2,14,0.0,waku,Class,TIME,last3F,16,ave3F,50.6,51.0,0
ディアノイア,14,18.4,7,0.0,waku,Class,TIME,last3F,16,ave3F,51.6,49.4,0
ルフトシュトローム,15,66.3,11,0.0,waku,Class,TIME,last3F,16,ave3F,55.3,53.3,0
ヴァルキュリア,16,5.2,2,0.0,waku,Class,TIME,last3F,16,ave3F,54.1,49.8,0
