﻿name,no,odds,pop_rank,power_index,place,distance,surface,pace_type,field_size,class,prev_place,prev_rank,is_chiho
クロスマジェスティ,1,36.2,10,0.0,waku,Class,TIME,last3F,16,ave3F,52.9,49.6,0
ルース,2,54,11,0.0,waku,Class,TIME,last3F,16,ave3F,43.7,49.0,0
トミケンボハテル,3,562.5,16,0.0,waku,Class,TIME,last3F,16,ave3F,43.5,50.3,0
ジネストラ,4,2,1,0.0,waku,Class,TIME,last3F,16,ave3F,51.6,51.9,0
アールバロン,5,9.3,4,0.0,waku,Class,TIME,last3F,16,ave3F,49.9,49.6,0
ルーカス,6,15,6,0.0,waku,Class,TIME,last3F,16,ave3F,51.1,51.9,0
ヴィアルークス,7,8.2,3,0.0,waku,Class,TIME,last3F,16,ave3F,56,51.9,0
リトルクレバー,8,73.5,12,0.0,waku,Class,TIME,last3F,16,ave3F,62.3,59.0,0
フィールシンパシー,9,25.6,9,0.0,waku,Class,TIME,last3F,16,ave3F,55.1,54.1,0
ソウルトレイン,10,15.1,7,0.0,waku,Class,TIME,last3F,16,ave3F,54.5,56.9,0
ボーデン,11,8.1,2,0.0,waku,Class,TIME,last3F,16,ave3F,60.9,55.9,0
アオイシンゴ,12,21.6,8,0.0,waku,Class,TIME,last3F,16,ave3F,51.6,51.9,0
エリオトローピオ,13,79.7,13,0.0,waku,Class,TIME,last3F,16,ave3F,54.4,54.6,0
トーセンヴァンノ,14,178.9,14,0.0,waku,Class,TIME,last3F,16,ave3F,61,59.0,0
エンペザー,15,9.9,5,0.0,waku,Class,TIME,last3F,16,ave3F,57.7,59.0,0
シャチ,16,304.9,15,0.0,waku,Class,TIME,last3F,16,ave3F,52.6,49.6,0
