﻿name,no,odds,pop_rank,power_index,place,distance,surface,pace_type,field_size,class,prev_place,prev_rank,is_chiho
オールマイフレンズ,1,158.1,17,0.0,waku,Class,TIME,last3F,18,ave3F,51.8,51.0,0
ミーハディビーナ,2,164.4,18,0.0,waku,Class,TIME,last3F,18,ave3F,56.2,51.0,0
アーダレイ,3,63.6,13,0.0,waku,Class,TIME,last3F,18,ave3F,43.2,45.0,0
グレイトミッション,4,17.4,8,0.0,waku,Class,TIME,last3F,18,ave3F,50.9,47.4,0
マリーナドンナ,5,12,7,0.0,waku,Class,TIME,last3F,18,ave3F,50.1,48.1,0
バーニングパワー,6,29.2,9,0.0,waku,Class,TIME,last3F,18,ave3F,----,99.0,0
メイショウヒゾッコ,7,59.4,12,0.0,waku,Class,TIME,last3F,18,ave3F,50.3,46.9,0
センドハーマイラブ,8,37.8,10,0.0,waku,Class,TIME,last3F,18,ave3F,47.5,45.8,0
グッドグロウス,9,11.9,6,0.0,waku,Class,TIME,last3F,18,ave3F,39.6,39.7,0
デイトンウェイ,10,9,5,0.0,waku,Class,TIME,last3F,18,ave3F,41.2,40.2,0
イチローイチロー,11,68.8,14,0.0,waku,Class,TIME,last3F,18,ave3F,----,99.0,0
デロリス,12,90.2,16,0.0,waku,Class,TIME,last3F,18,ave3F,----,99.0,0
フローレンスハニー,13,8.4,4,0.0,waku,Class,TIME,last3F,18,ave3F,63.9,52.7,0
ハピネスアゲン,14,4.3,2,0.0,waku,Class,TIME,last3F,18,ave3F,51.1,46.1,0
タイキバンディエラ,15,7.9,3,0.0,waku,Class,TIME,last3F,18,ave3F,43.9,45.5,0
テセウス,16,46.8,11,0.0,waku,Class,TIME,last3F,18,ave3F,43.9,44.4,0
フォレクラフト,17,89.8,15,0.0,waku,Class,TIME,last3F,18,ave3F,39.6,43.2,0
オラヴェリタス,18,3.6,1,0.0,waku,Class,TIME,last3F,18,ave3F,48,49.4,0
