﻿name,no,odds,pop_rank,power_index,place,distance,surface,pace_type,field_size,class,prev_place,prev_rank,is_chiho
ダノンマジック,1,15.1,8,0.0,waku,Class,TIME,last3F,14,ave3F,47.3,48.8,0
サンライズスコール,2,8.9,4,0.0,waku,Class,TIME,last3F,14,ave3F,53.7,55.4,0
クリノザウルス,3,107.1,13,0.0,waku,Class,TIME,last3F,14,ave3F,45.3,46.8,0
モズミツボシ,4,4.2,2,0.0,waku,Class,TIME,last3F,14,ave3F,39.5,44.0,0
タイセイアーメット,5,68.5,11,0.0,waku,Class,TIME,last3F,14,ave3F,46.5,46.1,0
ハローサブリナ,6,32.3,9,0.0,waku,Class,TIME,last3F,14,ave3F,48.3,49.0,0
ベイビールビオ,7,7.5,3,0.0,waku,Class,TIME,last3F,14,ave3F,----,99.0,0
ミッキーフランケル,8,34.3,10,0.0,waku,Class,TIME,last3F,14,ave3F,46.3,44.8,0
トリプルスリル,9,9.1,5,0.0,waku,Class,TIME,last3F,14,ave3F,45.8,46.4,0
ジョイフルダンサー,10,88.4,12,0.0,waku,Class,TIME,last3F,14,ave3F,43.7,43.4,0
レッドヴァイス,11,14.9,7,0.0,waku,Class,TIME,last3F,14,ave3F,----,99.0,0
グロリアスアポイ,12,116.1,14,0.0,waku,Class,TIME,last3F,14,ave3F,48,46.4,0
クリノパイソン,13,13.2,6,0.0,waku,Class,TIME,last3F,14,ave3F,45.2,46.8,0
ミキノプリンス,14,2.8,1,0.0,waku,Class,TIME,last3F,14,ave3F,47.8,52.5,0
