﻿name,no,odds,pop_rank,power_index,place,distance,surface,pace_type,field_size,class,prev_place,prev_rank,is_chiho
ボーンイングランデ,1,34.3,8,0.0,waku,Class,TIME,last3F,10,ave3F,55.8,55.8,0
サヴォーナ,2,13.1,5,0.0,waku,Class,TIME,last3F,10,ave3F,54,43.7,0
エメリヨン,3,6.6,3,0.0,waku,Class,TIME,last3F,10,ave3F,----,99.0,0
インスタキング,4,31.1,7,0.0,waku,Class,TIME,last3F,10,ave3F,51.9,49.2,0
ノーブルクライ,5,22.7,6,0.0,waku,Class,TIME,last3F,10,ave3F,58,56.7,0
ラスハンメル,6,12.7,4,0.0,waku,Class,TIME,last3F,10,ave3F,54.4,53.6,0
ウェイビー,7,69.6,9,0.0,waku,Class,TIME,last3F,10,ave3F,51.8,51.5,0
スキルヴィング,8,1.5,1,0.0,waku,Class,TIME,last3F,10,ave3F,63.2,61.4,0
フォーサイドナイン,9,100.3,10,0.0,waku,Class,TIME,last3F,10,ave3F,54.9,53.5,0
ミヤビ,10,6.6,2,0.0,waku,Class,TIME,last3F,10,ave3F,63.8,63.3,0
