﻿name,no,odds,pop_rank,power_index,place,distance,surface,pace_type,field_size,class,prev_place,prev_rank,is_chiho
ハギノオーロ,1,26,8,0.0,waku,Class,TIME,last3F,14,ave3F,----,99.0,0
イプノーズ,2,4,1,0.0,waku,Class,TIME,last3F,14,ave3F,44.5,44.5,0
ララシャンドン,3,4.6,3,0.0,waku,Class,TIME,last3F,14,ave3F,45.2,40.7,0
プリティインピンク,4,15.2,7,0.0,waku,Class,TIME,last3F,14,ave3F,42.8,40.7,0
フチサンメルチャン,5,28.8,10,0.0,waku,Class,TIME,last3F,14,ave3F,56,50.9,0
テンクウフラワー,6,14.2,6,0.0,waku,Class,TIME,last3F,14,ave3F,46.2,46.2,0
サウンドブライアン,7,62.9,12,0.0,waku,Class,TIME,last3F,14,ave3F,52.4,50.3,0
ルピナステソーロ,8,86.1,14,0.0,waku,Class,TIME,last3F,14,ave3F,----,99.0,0
ユウグロスファクタ,9,4.3,2,0.0,waku,Class,TIME,last3F,14,ave3F,45.7,47.2,0
フェイマスダンディ,10,28.2,9,0.0,waku,Class,TIME,last3F,14,ave3F,52.2,46.8,0
ミツカネプルート,11,66.3,13,0.0,waku,Class,TIME,last3F,14,ave3F,47.4,46.7,0
デアリングウーマン,12,32.7,11,0.0,waku,Class,TIME,last3F,14,ave3F,55,50.9,0
ジェットマックス,13,8.5,5,0.0,waku,Class,TIME,last3F,14,ave3F,42,37.8,0
ダンスウィズジョイ,14,7.9,4,0.0,waku,Class,TIME,last3F,14,ave3F,47.3,46.6,0
