﻿name,no,odds,pop_rank,power_index,place,distance,surface,pace_type,field_size,class,prev_place,prev_rank,is_chiho
クロノメーター,1,15.1,4,0.0,waku,Class,TIME,last3F,14,ave3F,57.6,57.8,0
フィデル,2,7.9,3,0.0,waku,Class,TIME,last3F,14,ave3F,61.9,59.0,0
ストリクトコード,3,5.9,2,0.0,waku,Class,TIME,last3F,14,ave3F,64.8,63.0,0
プライムフェイズ,4,48.2,11,0.0,waku,Class,TIME,last3F,14,ave3F,55.1,52.5,0
シンボ,5,23.9,8,0.0,waku,Class,TIME,last3F,14,ave3F,52,50.0,0
ヘッズオアテールズ,6,15.6,6,0.0,waku,Class,TIME,last3F,14,ave3F,52.9,52.3,0
プラチナトレジャー,7,66.4,12,0.0,waku,Class,TIME,last3F,14,ave3F,64.4,60.2,0
カランドゥーラ,8,15.4,5,0.0,waku,Class,TIME,last3F,14,ave3F,53.1,53.6,0
サザンナイツ,9,24.4,9,0.0,waku,Class,TIME,last3F,14,ave3F,58.9,61.9,0
スパイダーゴールド,10,1.8,1,0.0,waku,Class,TIME,last3F,14,ave3F,59,56.3,0
ミスミルドレッド,11,216.6,14,0.0,waku,Class,TIME,last3F,14,ave3F,51.4,45.3,0
マイネルマーティン,12,33.5,10,0.0,waku,Class,TIME,last3F,14,ave3F,57.3,57.2,0
アサヒ,13,17.9,7,0.0,waku,Class,TIME,last3F,14,ave3F,63,59.0,0
マイネルミュトス,14,130.8,13,0.0,waku,Class,TIME,last3F,14,ave3F,59.5,55.0,0
