﻿name,no,odds,pop_rank,power_index,place,distance,surface,pace_type,field_size,class,prev_place,prev_rank,is_chiho
センドハーマイラブ,1,44,9,0.0,waku,Class,TIME,last3F,12,ave3F,51.7,45.8,0
トラストベル,2,8.2,5,0.0,waku,Class,TIME,last3F,12,ave3F,----,99.0,0
ユキヤナギ,3,203.3,11,0.0,waku,Class,TIME,last3F,12,ave3F,50.3,44.4,0
デームフォーチュン,4,11.4,6,0.0,waku,Class,TIME,last3F,12,ave3F,49.2,50.7,0
ジョイフルダンサー,5,28.9,8,0.0,waku,Class,TIME,last3F,12,ave3F,----,99.0,0
ラニカイ,6,2,1,0.0,waku,Class,TIME,last3F,12,ave3F,50.9,47.8,0
ガールズヒロイン,7,222.8,12,0.0,waku,Class,TIME,last3F,12,ave3F,----,99.0,0
レリジールダモーレ,8,6.8,3,0.0,waku,Class,TIME,last3F,12,ave3F,46.1,46.1,0
グランデレジーナ,9,124.5,10,0.0,waku,Class,TIME,last3F,12,ave3F,49.6,54.8,0
サクラジェンヌ,10,7.4,4,0.0,waku,Class,TIME,last3F,12,ave3F,47.2,49.1,0
ワイルドベティ,11,26.4,7,0.0,waku,Class,TIME,last3F,12,ave3F,46.4,47.8,0
エイミーバローズ,12,6.3,2,0.0,waku,Class,TIME,last3F,12,ave3F,47,48.7,0
