﻿name,no,odds,pop_rank,power_index,place,distance,surface,pace_type,field_size,class,prev_place,prev_rank,is_chiho
ダノンラスター,1,4.4,3,0.0,waku,Class,TIME,last3F,16,ave3F,55.9,53.9,0
ホウオウルーレット,2,3.7,2,0.0,waku,Class,TIME,last3F,16,ave3F,50.4,48.3,0
ショウナンアーチー,3,34.5,7,0.0,waku,Class,TIME,last3F,16,ave3F,43.3,48.3,0
ロジティナ,4,544.7,16,0.0,waku,Class,TIME,last3F,16,ave3F,46.4,49.6,0
ホウオウバリスタ,5,2.3,1,0.0,waku,Class,TIME,last3F,16,ave3F,50.1,48.2,0
ラブパイロー,6,130.8,14,0.0,waku,Class,TIME,last3F,16,ave3F,33.1,45.7,0
ヴィジョンオブラヴ,7,84.5,12,0.0,waku,Class,TIME,last3F,16,ave3F,52,47.6,0
デルマオニキス,8,128.8,13,0.0,waku,Class,TIME,last3F,16,ave3F,52.2,50.5,0
オンザフェーヴル,9,65,11,0.0,waku,Class,TIME,last3F,16,ave3F,49.8,48.6,0
テンカハル,10,13.5,5,0.0,waku,Class,TIME,last3F,16,ave3F,47.8,49.8,0
アベックフォルス,11,57.4,10,0.0,waku,Class,TIME,last3F,16,ave3F,50.1,49.9,0
マイネルクロンヌ,12,36.1,8,0.0,waku,Class,TIME,last3F,16,ave3F,44.7,44.2,0
トモジャリア,13,41.1,9,0.0,waku,Class,TIME,last3F,16,ave3F,49.9,50.5,0
コパノリッチマン,14,32.9,6,0.0,waku,Class,TIME,last3F,16,ave3F,46.7,49.5,0
リーヴル,15,424.8,15,0.0,waku,Class,TIME,last3F,16,ave3F,53.6,56.5,0
ケイアイシェルビー,16,11.8,4,0.0,waku,Class,TIME,last3F,16,ave3F,49.3,48.6,0
