﻿name,no,odds,pop_rank,power_index,place,distance,surface,pace_type,field_size,class,prev_place,prev_rank,is_chiho
キュートヘスティア,1,17.9,6,0.0,waku,Class,TIME,last3F,14,ave3F,43.8,45.4,0
フレンドパル,2,23.3,8,0.0,waku,Class,TIME,last3F,14,ave3F,36.4,41.9,0
エヴリーサンクス,3,136.4,12,0.0,waku,Class,TIME,last3F,14,ave3F,46.3,45.4,0
タイガークリスエス,4,88.2,11,0.0,waku,Class,TIME,last3F,14,ave3F,45.8,49.2,0
コンバットマーチ,5,281.2,13,0.0,waku,Class,TIME,last3F,14,ave3F,47.6,48.6,0
クインズプリーズ,6,6,4,0.0,waku,Class,TIME,last3F,14,ave3F,----,99.0,0
ブリュットミレジメ,7,5.6,3,0.0,waku,Class,TIME,last3F,14,ave3F,50.5,47.5,0
スズカロココ,8,43,9,0.0,waku,Class,TIME,last3F,14,ave3F,----,99.0,0
ナツイロノオトメ,9,2.6,1,0.0,waku,Class,TIME,last3F,14,ave3F,39.7,40.2,0
イカロス,10,20.8,7,0.0,waku,Class,TIME,last3F,14,ave3F,41.3,44.1,0
ペイシャカレン,11,取消し,,0.0,waku,Class,TIME,last3F,14,ave3F,44.4,47.3,0
フウゲツムヘン,12,82.8,10,0.0,waku,Class,TIME,last3F,14,ave3F,46.5,44.1,0
アカザ,13,4,2,0.0,waku,Class,TIME,last3F,14,ave3F,49.1,45.9,0
デルマシルフ,14,11.5,5,0.0,waku,Class,TIME,last3F,14,ave3F,----,99.0,0
