﻿name,no,odds,pop_rank,power_index,place,distance,surface,pace_type,field_size,class,prev_place,prev_rank,is_chiho
レディベル,1,7.6,5,0.0,waku,Class,TIME,last3F,11,ave3F,44.7,43.9,0
セイカヤマノ,2,16.7,6,0.0,waku,Class,TIME,last3F,11,ave3F,50.7,48.2,0
テイエムシップ,3,4.4,3,0.0,waku,Class,TIME,last3F,11,ave3F,50,50.2,0
アルムブラーヴ,4,3.7,2,0.0,waku,Class,TIME,last3F,11,ave3F,52.3,51.5,0
サードフォース,5,57.6,10,0.0,waku,Class,TIME,last3F,11,ave3F,----,99.0,0
スピリトーゾ,6,33.3,8,0.0,waku,Class,TIME,last3F,11,ave3F,42.1,46.4,0
エルデスペラード,7,34.1,9,0.0,waku,Class,TIME,last3F,11,ave3F,52.4,55.1,0
ルイナールカズマ,8,6,4,0.0,waku,Class,TIME,last3F,11,ave3F,46.3,48.3,0
イシュタルゲート,9,3.5,1,0.0,waku,Class,TIME,last3F,11,ave3F,46.4,46.1,0
テーオールノワール,10,125.2,11,0.0,waku,Class,TIME,last3F,11,ave3F,38.1,46.4,0
ウインヴェルデ,11,30.5,7,0.0,waku,Class,TIME,last3F,11,ave3F,----,99.0,0
