﻿name,no,odds,pop_rank,power_index,place,distance,surface,pace_type,field_size,class,prev_place,prev_rank,is_chiho
オリエンタルキング,1,202.3,13,0.0,waku,Class,TIME,last3F,16,ave3F,----,99.0,0
コウキ,2,88,11,0.0,waku,Class,TIME,last3F,16,ave3F,50.6,49.2,0
サイモンルグラン,3,218,14,0.0,waku,Class,TIME,last3F,16,ave3F,50.3,51.5,0
エスティメート,4,53.1,9,0.0,waku,Class,TIME,last3F,16,ave3F,----,99.0,0
カフェカルマ,5,2.7,1,0.0,waku,Class,TIME,last3F,16,ave3F,----,42.4,0
ラブロッソー,6,275.7,16,0.0,waku,Class,TIME,last3F,16,ave3F,43.3,39.3,0
ミヤビクライ,7,13.8,5,0.0,waku,Class,TIME,last3F,16,ave3F,42.5,44.1,0
ヴォルスパシアル,8,249.1,15,0.0,waku,Class,TIME,last3F,16,ave3F,----,99.0,0
タイセイマーベル,9,3.6,2,0.0,waku,Class,TIME,last3F,16,ave3F,45.2,44.1,0
ヤマニンクイッカー,10,18.1,8,0.0,waku,Class,TIME,last3F,16,ave3F,47.1,48.6,0
ロードブライト,11,169.4,12,0.0,waku,Class,TIME,last3F,16,ave3F,----,99.0,0
スペイスフォース,12,16.1,6,0.0,waku,Class,TIME,last3F,16,ave3F,44.7,50.5,0
ホワイトクロウ,13,9.9,4,0.0,waku,Class,TIME,last3F,16,ave3F,47.8,48.2,0
ベストフィーリング,14,5.3,3,0.0,waku,Class,TIME,last3F,16,ave3F,52.4,49.2,0
サトノストロング,15,16.9,7,0.0,waku,Class,TIME,last3F,16,ave3F,44.6,47.5,0
カンパニョーラ,16,54.8,10,0.0,waku,Class,TIME,last3F,16,ave3F,----,99.0,0
