﻿name,no,odds,pop_rank,power_index,place,distance,surface,pace_type,field_size,class,prev_place,prev_rank,is_chiho
テーオールノワール,1,131.3,8,0.0,waku,Class,TIME,last3F,8,ave3F,48.7,44.9,0
ウインバリオス,2,32.9,5,0.0,waku,Class,TIME,last3F,8,ave3F,39.8,41.5,0
パトリオットラン,3,3.3,2,0.0,waku,Class,TIME,last3F,8,ave3F,49.2,50.0,0
グロリアスヒーロー,4,66.1,7,0.0,waku,Class,TIME,last3F,8,ave3F,----,99.0,0
マルブツプライド,5,2.5,1,0.0,waku,Class,TIME,last3F,8,ave3F,47.2,48.8,0
エナハツホ,6,4.7,4,0.0,waku,Class,TIME,last3F,8,ave3F,49.9,45.6,0
ダノンパルス,7,51.2,6,0.0,waku,Class,TIME,last3F,8,ave3F,----,99.0,0
インテンスフレイム,8,3.6,3,0.0,waku,Class,TIME,last3F,8,ave3F,51.7,53.7,0
