﻿name,no,odds,pop_rank,power_index,place,distance,surface,pace_type,field_size,class,prev_place,prev_rank,is_chiho
ガーデンアイル,1,29,9,0.0,waku,Class,TIME,last3F,16,ave3F,43.4,45.5,0
フォトスフィア,2,7.8,5,0.0,waku,Class,TIME,last3F,16,ave3F,44,38.9,0
キャロライナリーパ,3,6.1,2,0.0,waku,Class,TIME,last3F,16,ave3F,44.8,41.7,0
ベアグッジョブ,4,10.2,6,0.0,waku,Class,TIME,last3F,16,ave3F,40.5,41.2,0
ブライティアコバ,5,271.3,16,0.0,waku,Class,TIME,last3F,16,ave3F,----,99.0,0
ステップ,6,74.3,13,0.0,waku,Class,TIME,last3F,16,ave3F,48.8,44.2,0
データアナリシス,7,44.3,10,0.0,waku,Class,TIME,last3F,16,ave3F,----,99.0,0
ジュラメント,8,154.5,14,0.0,waku,Class,TIME,last3F,16,ave3F,49,52.2,0
ビービーキング,9,6.5,3,0.0,waku,Class,TIME,last3F,16,ave3F,45.5,48.2,0
タイセイジャスパー,10,3,1,0.0,waku,Class,TIME,last3F,16,ave3F,35.2,38.9,0
ブロードマリー,11,158.7,15,0.0,waku,Class,TIME,last3F,16,ave3F,49.8,52.0,0
ベルウッドウズメ,12,46.8,12,0.0,waku,Class,TIME,last3F,16,ave3F,45.2,40.9,0
ラコンタール,13,6.7,4,0.0,waku,Class,TIME,last3F,16,ave3F,50.9,50.7,0
サンダビューク,14,23.1,8,0.0,waku,Class,TIME,last3F,16,ave3F,40.6,44.6,0
ニシノフウジン,15,17.8,7,0.0,waku,Class,TIME,last3F,16,ave3F,51,45.2,0
キングヴァンドーム,16,45.5,11,0.0,waku,Class,TIME,last3F,16,ave3F,46,44.1,0
