﻿name,no,odds,pop_rank,power_index,place,distance,surface,pace_type,field_size,class,prev_place,prev_rank,is_chiho
ソッケルカーカ,1,202.1,9,0.0,waku,Class,TIME,last3F,12,ave3F,52.9,49.3,0
ベルウッドミカサ,2,77.1,7,0.0,waku,Class,TIME,last3F,12,ave3F,56.3,54.4,0
ダンシングハピリー,3,287.5,11,0.0,waku,Class,TIME,last3F,12,ave3F,53.3,49.4,0
エエヤン,4,1.4,1,0.0,waku,Class,TIME,last3F,12,ave3F,40.9,44.6,0
ベレザニーニャ,5,10,4,0.0,waku,Class,TIME,last3F,12,ave3F,54.1,53.2,0
マイネルフォルツァ,6,6.4,3,0.0,waku,Class,TIME,last3F,12,ave3F,47.1,47.9,0
テイエムリオンディ,7,208.5,10,0.0,waku,Class,TIME,last3F,12,ave3F,44.2,50.0,0
シャイニーヤマト,8,102.5,8,0.0,waku,Class,TIME,last3F,12,ave3F,50.8,54.4,0
コンチトーホク,9,59.7,5,0.0,waku,Class,TIME,last3F,12,ave3F,----,99.0,0
ラテラルシンキング,10,4.2,2,0.0,waku,Class,TIME,last3F,12,ave3F,----,99.0,0
バレーオブファイア,11,71,6,0.0,waku,Class,TIME,last3F,12,ave3F,----,99.0,0
ヘンデル,12,392.5,12,0.0,waku,Class,TIME,last3F,12,ave3F,38.2,39.6,0
