﻿name,no,odds,pop_rank,power_index,place,distance,surface,pace_type,field_size,class,prev_place,prev_rank,is_chiho
ダンツキャッスル,1,120.3,16,0.0,waku,Class,TIME,last3F,16,ave3F,50.4,48.1,0
メイショウフンジン,2,5.2,2,0.0,waku,Class,TIME,last3F,16,ave3F,42.3,43.8,0
ブラヴァス,3,14.8,6,0.0,waku,Class,TIME,last3F,16,ave3F,56.7,50.9,0
キタノヴィジョン,4,17.3,7,0.0,waku,Class,TIME,last3F,16,ave3F,52.9,47.6,0
ゴッドセレクション,5,98.3,15,0.0,waku,Class,TIME,last3F,16,ave3F,44.5,45.5,0
ヘラルドバローズ,6,3.2,1,0.0,waku,Class,TIME,last3F,16,ave3F,50.7,49.9,0
ヴェルテックス,7,62.7,13,0.0,waku,Class,TIME,last3F,16,ave3F,51.1,53.6,0
エブリワンブラック,8,71.5,14,0.0,waku,Class,TIME,last3F,16,ave3F,45.6,46.4,0
ゴールドハイアー,9,7.4,5,0.0,waku,Class,TIME,last3F,16,ave3F,49.7,48.7,0
ヴィアメント,10,56.2,12,0.0,waku,Class,TIME,last3F,16,ave3F,53.5,49.5,0
ヒロイックテイル,11,49.7,11,0.0,waku,Class,TIME,last3F,16,ave3F,38.5,49.3,0
ロードレガリス,12,6.4,4,0.0,waku,Class,TIME,last3F,16,ave3F,55.6,51.2,0
グレートタイム,13,44.1,9,0.0,waku,Class,TIME,last3F,16,ave3F,51.4,53.6,0
スレイマン,14,33.1,8,0.0,waku,Class,TIME,last3F,16,ave3F,44.9,45.2,0
ゴールドレガシー,15,44.2,10,0.0,waku,Class,TIME,last3F,16,ave3F,47,45.2,0
メイショウユズルハ,16,5.6,3,0.0,waku,Class,TIME,last3F,16,ave3F,57.1,49.7,0
