﻿name,no,odds,pop_rank,power_index,place,distance,surface,pace_type,field_size,class,prev_place,prev_rank,is_chiho
メイショウイナセ,1,101.1,11,0.0,waku,Class,TIME,last3F,15,ave3F,52.9,50.0,0
ミミグッド,2,421.1,15,0.0,waku,Class,TIME,last3F,15,ave3F,48,49.1,0
セレブレイトガイズ,3,7.8,5,0.0,waku,Class,TIME,last3F,15,ave3F,50.8,50.5,0
グランドゴールド,4,10.6,6,0.0,waku,Class,TIME,last3F,15,ave3F,54.4,52.5,0
ニホンピロマリブ,5,87.1,10,0.0,waku,Class,TIME,last3F,15,ave3F,51.8,46.3,0
グラヴィテ,6,20,8,0.0,waku,Class,TIME,last3F,15,ave3F,50.1,51.5,0
シュホ,7,131,12,0.0,waku,Class,TIME,last3F,15,ave3F,54.5,50.0,0
マイネルジャッカル,8,4.7,3,0.0,waku,Class,TIME,last3F,15,ave3F,55.4,50.0,0
ウェイオブライト,9,76.4,9,0.0,waku,Class,TIME,last3F,15,ave3F,55.6,55.7,0
アイスランドポピー,10,15.7,7,0.0,waku,Class,TIME,last3F,15,ave3F,56.7,53.2,0
モカフラワー,11,4,1,0.0,waku,Class,TIME,last3F,15,ave3F,49.8,47.1,0
サトノリーベ,12,5.1,4,0.0,waku,Class,TIME,last3F,15,ave3F,57.1,57.4,0
シャトンアンジュ,13,4.7,2,0.0,waku,Class,TIME,last3F,15,ave3F,53.1,49.4,0
セイウンガレオン,14,192.1,14,0.0,waku,Class,TIME,last3F,15,ave3F,43.2,46.1,0
ドット,15,181.1,13,0.0,waku,Class,TIME,last3F,15,ave3F,43.1,43.6,0
