﻿name,no,odds,pop_rank,power_index,place,distance,surface,pace_type,field_size,class,prev_place,prev_rank,is_chiho
メイショウベンガル,1,取消し,,0.0,waku,Class,TIME,last3F,16,ave3F,----,99.0,0
メイショウチタン,2,52.3,11,0.0,waku,Class,TIME,last3F,16,ave3F,44.8,44.4,0
サトノラムセス,3,16.7,5,0.0,waku,Class,TIME,last3F,16,ave3F,51.7,47.6,0
ホープフルサイン,4,27.7,7,0.0,waku,Class,TIME,last3F,16,ave3F,53.9,47.4,0
ダディーズビビッド,5,12,3,0.0,waku,Class,TIME,last3F,16,ave3F,50.9,45.9,0
ロードベイリーフ,6,265.3,14,0.0,waku,Class,TIME,last3F,16,ave3F,52,46.0,0
グレナディアガーズ,7,1.7,1,0.0,waku,Class,TIME,last3F,16,ave3F,----,99.0,0
ショウナンアレス,8,32.6,8,0.0,waku,Class,TIME,last3F,16,ave3F,46.3,47.0,0
メイショウケイメイ,9,377.5,15,0.0,waku,Class,TIME,last3F,16,ave3F,54.8,48.0,0
リレーションシップ,10,46.7,9,0.0,waku,Class,TIME,last3F,16,ave3F,52,51.8,0
アグリ,11,3.8,2,0.0,waku,Class,TIME,last3F,16,ave3F,57.8,57.8,0
ミッキーブリランテ,12,80.3,12,0.0,waku,Class,TIME,last3F,16,ave3F,46.8,44.4,0
ラルナブリラーレ,13,85.8,13,0.0,waku,Class,TIME,last3F,16,ave3F,55,45.9,0
グレイイングリーン,14,52.1,10,0.0,waku,Class,TIME,last3F,16,ave3F,54.3,51.8,0
ホウオウアマゾン,15,24.4,6,0.0,waku,Class,TIME,last3F,16,ave3F,51.1,53.2,0
ルプリュフォール,16,14.3,4,0.0,waku,Class,TIME,last3F,16,ave3F,54.1,48.0,0
