﻿name,no,odds,pop_rank,power_index,place,distance,surface,pace_type,field_size,class,prev_place,prev_rank,is_chiho
メイショウピスカリ,1,74.5,12,0.0,waku,Class,TIME,last3F,16,ave3F,46.7,48.6,0
ミツカネヴィーナス,2,58.8,10,0.0,waku,Class,TIME,last3F,16,ave3F,40,42.4,0
エイシンディアデム,3,155.6,14,0.0,waku,Class,TIME,last3F,16,ave3F,50,44.9,0
スターザサンライズ,4,14.7,6,0.0,waku,Class,TIME,last3F,16,ave3F,63.5,52.7,0
タイキスパルタン,5,18.5,7,0.0,waku,Class,TIME,last3F,16,ave3F,36.7,41.8,0
マナウス,6,11.8,5,0.0,waku,Class,TIME,last3F,16,ave3F,52.9,54.3,0
シアープレジャー,7,89.3,13,0.0,waku,Class,TIME,last3F,16,ave3F,49.1,47.8,0
アウグスト,8,3.6,2,0.0,waku,Class,TIME,last3F,16,ave3F,43,44.1,0
ソルトキャピタル,9,23.3,8,0.0,waku,Class,TIME,last3F,16,ave3F,55,49.4,0
ハヤブサウィッシュ,10,6.8,3,0.0,waku,Class,TIME,last3F,16,ave3F,41.1,44.0,0
イカロス,11,58.8,10,0.0,waku,Class,TIME,last3F,16,ave3F,39.3,42.7,0
マスケティアーズ,12,251.2,16,0.0,waku,Class,TIME,last3F,16,ave3F,41.9,39.2,0
ビナホイアン,13,8.8,4,0.0,waku,Class,TIME,last3F,16,ave3F,45.9,45.8,0
パリスデージー,14,163,15,0.0,waku,Class,TIME,last3F,16,ave3F,37.6,44.1,0
ブレイクザアイス,15,29.1,9,0.0,waku,Class,TIME,last3F,16,ave3F,46,46.8,0
シルバーブレッド,16,2.8,1,0.0,waku,Class,TIME,last3F,16,ave3F,44.5,44.2,0
