﻿name,no,odds,pop_rank,power_index,place,distance,surface,pace_type,field_size,class,prev_place,prev_rank,is_chiho
ブリラーノ,1,97.3,12,0.0,waku,Class,TIME,last3F,16,ave3F,35.7,41.2,0
カラパタール,2,4.1,2,0.0,waku,Class,TIME,last3F,16,ave3F,52.9,49.4,0
ニシノラーナ,3,6.6,4,0.0,waku,Class,TIME,last3F,16,ave3F,41.9,45.4,0
アポロリヤム,4,4.1,1,0.0,waku,Class,TIME,last3F,16,ave3F,48.7,43.9,0
セオリーリターン,5,11.7,7,0.0,waku,Class,TIME,last3F,16,ave3F,----,99.0,0
ヨシオドライヴ,6,38.6,9,0.0,waku,Class,TIME,last3F,16,ave3F,51.4,42.7,0
プロデューサー,7,371.5,16,0.0,waku,Class,TIME,last3F,16,ave3F,----,99.0,0
アリススプリングス,8,4.9,3,0.0,waku,Class,TIME,last3F,16,ave3F,35.8,39.0,0
ハンデンキング,9,199.5,15,0.0,waku,Class,TIME,last3F,16,ave3F,40,44.1,0
ミッキーエイト,10,98.6,13,0.0,waku,Class,TIME,last3F,16,ave3F,46.7,46.6,0
ヒノデミッチー,11,10.7,6,0.0,waku,Class,TIME,last3F,16,ave3F,49.2,45.3,0
カップッチョ,12,78.3,10,0.0,waku,Class,TIME,last3F,16,ave3F,44.4,43.0,0
スカイトライア,13,17.8,8,0.0,waku,Class,TIME,last3F,16,ave3F,41.4,42.1,0
ヒロノゴウカイ,14,10.7,5,0.0,waku,Class,TIME,last3F,16,ave3F,51.6,46.4,0
ニシノアヤカマル,15,93.9,11,0.0,waku,Class,TIME,last3F,16,ave3F,----,99.0,0
エシェロン,16,147.7,14,0.0,waku,Class,TIME,last3F,16,ave3F,53.7,50.8,0
