﻿name,no,odds,pop_rank,power_index,place,distance,surface,pace_type,field_size,class,prev_place,prev_rank,is_chiho
サクラジェンヌ,1,12,6,0.0,waku,Class,TIME,last3F,16,ave3F,45,44.6,0
クロンヌドラレーヌ,2,8.5,4,0.0,waku,Class,TIME,last3F,16,ave3F,41,39.3,0
ラピスデラビオス,3,66.7,12,0.0,waku,Class,TIME,last3F,16,ave3F,56.5,63.2,0
タガノリバイバー,4,6.3,3,0.0,waku,Class,TIME,last3F,16,ave3F,49.2,49.4,0
マリノプリエール,5,168.8,15,0.0,waku,Class,TIME,last3F,16,ave3F,46,51.7,0
リキサンハート,6,22.3,9,0.0,waku,Class,TIME,last3F,16,ave3F,47.7,43.4,0
パタゴニア,7,8.9,5,0.0,waku,Class,TIME,last3F,16,ave3F,50.9,50.0,0
トラストベル,8,154.4,14,0.0,waku,Class,TIME,last3F,16,ave3F,----,99.0,0
カラーインデックス,9,3.3,1,0.0,waku,Class,TIME,last3F,16,ave3F,----,99.0,0
ウォーターウキウキ,10,4.3,2,0.0,waku,Class,TIME,last3F,16,ave3F,38,38.0,0
レヴィーアクイーン,11,49.6,11,0.0,waku,Class,TIME,last3F,16,ave3F,38.2,42.4,0
レスペディーザ,12,21.1,8,0.0,waku,Class,TIME,last3F,16,ave3F,47.2,44.8,0
トレッファー,13,35.4,10,0.0,waku,Class,TIME,last3F,16,ave3F,46.2,47.8,0
リノアラ,14,14.8,7,0.0,waku,Class,TIME,last3F,16,ave3F,45.3,41.7,0
スノーハレーション,15,183.6,16,0.0,waku,Class,TIME,last3F,16,ave3F,50.7,49.6,0
エアーレジーナ,16,90.4,13,0.0,waku,Class,TIME,last3F,16,ave3F,48.9,47.3,0
