﻿name,no,odds,pop_rank,power_index,place,distance,surface,pace_type,field_size,class,prev_place,prev_rank,is_chiho
アルムブラーヴ,1,3.4,2,0.0,waku,Class,TIME,last3F,10,ave3F,45.8,48.5,0
トウシンイマジ,2,116.2,9,0.0,waku,Class,TIME,last3F,10,ave3F,----,99.0,0
ハギノロックオン,3,1.8,1,0.0,waku,Class,TIME,last3F,10,ave3F,52.6,48.5,0
ワンダフルヘヴン,4,44.3,7,0.0,waku,Class,TIME,last3F,10,ave3F,47.3,51.6,0
ファンジオ,5,6.3,3,0.0,waku,Class,TIME,last3F,10,ave3F,49.6,49.8,0
インブレッドセンス,6,17.3,6,0.0,waku,Class,TIME,last3F,10,ave3F,37.3,45.6,0
タロファイター,7,11,4,0.0,waku,Class,TIME,last3F,10,ave3F,48.2,50.0,0
サムハンター,8,13.5,5,0.0,waku,Class,TIME,last3F,10,ave3F,50.8,50.7,0
ストロンゲスト,9,141.6,10,0.0,waku,Class,TIME,last3F,10,ave3F,47.2,46.7,0
ゲットアップ,10,94.4,8,0.0,waku,Class,TIME,last3F,10,ave3F,49.1,49.7,0
