﻿name,no,odds,pop_rank,power_index,place,distance,surface,pace_type,field_size,class,prev_place,prev_rank,is_chiho
シャドウアイル,1,56.6,10,0.0,waku,Class,TIME,last3F,11,ave3F,47.8,52.5,0
ワンダフルトゥデイ,2,2.6,1,0.0,waku,Class,TIME,last3F,11,ave3F,50.8,52.5,0
タマモエース,3,5,3,0.0,waku,Class,TIME,last3F,11,ave3F,50.8,50.4,0
レッドデクスター,4,14,6,0.0,waku,Class,TIME,last3F,11,ave3F,51.3,53.7,0
ブライトホルン,5,12.4,5,0.0,waku,Class,TIME,last3F,11,ave3F,51.1,49.4,0
ソウルユニバンス,6,52.7,9,0.0,waku,Class,TIME,last3F,11,ave3F,43.8,38.6,0
クリアショット,7,19.7,8,0.0,waku,Class,TIME,last3F,11,ave3F,43,42.9,0
スマートビクター,8,9.1,4,0.0,waku,Class,TIME,last3F,11,ave3F,46.4,49.3,0
ニューダイアリーズ,9,3.8,2,0.0,waku,Class,TIME,last3F,11,ave3F,47.9,47.0,0
デルマアシュラ,10,92.7,11,0.0,waku,Class,TIME,last3F,11,ave3F,48.7,50.4,0
ミステリーボックス,11,19.3,7,0.0,waku,Class,TIME,last3F,11,ave3F,----,99.0,0
