﻿name,no,odds,pop_rank,power_index,place,distance,surface,pace_type,field_size,class,prev_place,prev_rank,is_chiho
グラニット,1,62.9,13,0.0,waku,Class,TIME,last3F,16,ave3F,43.9,46.1,0
メタルスピード,2,21.2,8,0.0,waku,Class,TIME,last3F,16,ave3F,49.9,48.2,0
アヴェッリーノ,3,367.8,16,0.0,waku,Class,TIME,last3F,16,ave3F,46.4,44.2,0
ベラジオオペラ,4,3.7,2,0.0,waku,Class,TIME,last3F,16,ave3F,60.7,60.2,0
ウィステリアリヴァ,5,112.6,14,0.0,waku,Class,TIME,last3F,16,ave3F,61.8,61.4,0
ジョウショーホープ,6,29.2,9,0.0,waku,Class,TIME,last3F,16,ave3F,52.4,51.6,0
ドンデンガエシ,7,148.4,15,0.0,waku,Class,TIME,last3F,16,ave3F,46.8,47.9,0
シルトホルン,8,31.4,10,0.0,waku,Class,TIME,last3F,16,ave3F,52.1,52.3,0
アイスグリーン,9,10.9,5,0.0,waku,Class,TIME,last3F,16,ave3F,60.6,60.7,0
ホウオウビスケッツ,10,5.5,3,0.0,waku,Class,TIME,last3F,16,ave3F,51.3,51.3,0
オールパルフェ,11,8.5,4,0.0,waku,Class,TIME,last3F,16,ave3F,53.5,53.5,0
シーウィザード,12,58.2,12,0.0,waku,Class,TIME,last3F,16,ave3F,55.4,55.9,0
トーセンアウローラ,13,57,11,0.0,waku,Class,TIME,last3F,16,ave3F,48.4,45.6,0
パクスオトマニカ,14,17.1,6,0.0,waku,Class,TIME,last3F,16,ave3F,49.2,51.7,0
セブンマジシャン,15,3.3,1,0.0,waku,Class,TIME,last3F,16,ave3F,57.7,55.9,0
ハウゼ,16,19.3,7,0.0,waku,Class,TIME,last3F,16,ave3F,50.4,50.6,0
