﻿name,no,odds,pop_rank,power_index,place,distance,surface,pace_type,field_size,class,prev_place,prev_rank,is_chiho
スピリトーゾ,1,12.1,5,0.0,waku,Class,TIME,last3F,10,ave3F,41.4,44.6,0
メレカリキマカ,2,27.4,9,0.0,waku,Class,TIME,last3F,10,ave3F,52,52.0,0
シゲルツキミザケ,3,5.6,3,0.0,waku,Class,TIME,last3F,10,ave3F,51.6,49.2,0
シュガーコルト,4,2.8,1,0.0,waku,Class,TIME,last3F,10,ave3F,53.1,49.4,0
メイショウトール,5,2.8,2,0.0,waku,Class,TIME,last3F,10,ave3F,49.7,44.3,0
ソウルユニバンス,6,11.1,4,0.0,waku,Class,TIME,last3F,10,ave3F,51.6,51.6,0
グッドインパクト,7,16.1,6,0.0,waku,Class,TIME,last3F,10,ave3F,47.6,47.6,0
コパノオースティン,8,22.1,8,0.0,waku,Class,TIME,last3F,10,ave3F,45.2,47.1,0
シャドウアイル,9,取消し,,0.0,waku,Class,TIME,last3F,10,ave3F,48,50.0,0
サフランブライト,10,16.6,7,0.0,waku,Class,TIME,last3F,10,ave3F,----,99.0,0
