﻿name,no,odds,pop_rank,power_index,place,distance,surface,pace_type,field_size,class,prev_place,prev_rank,is_chiho
クラーベドラド,1,112.2,16,0.0,waku,Class,TIME,last3F,16,ave3F,40.2,45.9,0
セイクリッドゲイズ,2,6.3,4,0.0,waku,Class,TIME,last3F,16,ave3F,54.2,49.7,0
メイショウボサツ,3,42.9,14,0.0,waku,Class,TIME,last3F,16,ave3F,55.1,56.9,0
キュールエフウジン,4,15,6,0.0,waku,Class,TIME,last3F,16,ave3F,49.7,48.6,0
ルーチェット,5,31.4,11,0.0,waku,Class,TIME,last3F,16,ave3F,48.4,49.7,0
ペガサス,6,69.7,15,0.0,waku,Class,TIME,last3F,16,ave3F,39.3,49.5,0
ハンディーズピーク,7,29.5,9,0.0,waku,Class,TIME,last3F,16,ave3F,52.3,46.1,0
オンザライン,8,13,5,0.0,waku,Class,TIME,last3F,16,ave3F,48.8,48.5,0
トウセツ,9,3.9,1,0.0,waku,Class,TIME,last3F,16,ave3F,55.9,53.4,0
オールザワールド,10,37.7,12,0.0,waku,Class,TIME,last3F,16,ave3F,52.3,50.0,0
コルドンルージュ,11,4.5,2,0.0,waku,Class,TIME,last3F,16,ave3F,45.5,45.5,0
ラヴォラーレ,12,15.6,7,0.0,waku,Class,TIME,last3F,16,ave3F,52.1,49.7,0
マリオロード,13,30.5,10,0.0,waku,Class,TIME,last3F,16,ave3F,----,99.0,0
レプンカムイ,14,5.9,3,0.0,waku,Class,TIME,last3F,16,ave3F,52.5,53.4,0
ナリタフォルテ,15,41.8,13,0.0,waku,Class,TIME,last3F,16,ave3F,52.7,52.9,0
クレスコジョケツ,16,20.3,8,0.0,waku,Class,TIME,last3F,16,ave3F,51.7,51.7,0
