﻿name,no,odds,pop_rank,power_index,place,distance,surface,pace_type,field_size,class,prev_place,prev_rank,is_chiho
アンリーロード,1,22.3,9,0.0,waku,Class,TIME,last3F,17,ave3F,58.2,56.1,0
キタウイング,2,11.4,5,0.0,waku,Class,TIME,last3F,17,ave3F,41.2,44.7,0
ルミノメテオール,3,7,3,0.0,waku,Class,TIME,last3F,17,ave3F,64.7,62.5,0
エクローサ,4,244.1,16,0.0,waku,Class,TIME,last3F,17,ave3F,----,99.0,0
ダルエスサラーム,5,19.9,8,0.0,waku,Class,TIME,last3F,17,ave3F,53.5,51.7,0
レミージュ,6,76,13,0.0,waku,Class,TIME,last3F,17,ave3F,52.4,52.4,0
マラキナイア,7,72.8,12,0.0,waku,Class,TIME,last3F,17,ave3F,57,56.5,0
ドゥーラ,8,2.5,1,0.0,waku,Class,TIME,last3F,17,ave3F,54.1,51.5,0
モズメイメイ,9,16.2,7,0.0,waku,Class,TIME,last3F,17,ave3F,52.9,51.7,0
アリスヴェリテ,10,24.6,10,0.0,waku,Class,TIME,last3F,17,ave3F,54,51.7,0
バースクライ,11,8.9,4,0.0,waku,Class,TIME,last3F,17,ave3F,63.7,61.1,0
カフジキアッキエレ,12,67.8,11,0.0,waku,Class,TIME,last3F,17,ave3F,62.1,53.5,0
コナコースト,13,14.8,6,0.0,waku,Class,TIME,last3F,17,ave3F,57.7,56.3,0
ルカン,14,99.1,14,0.0,waku,Class,TIME,last3F,17,ave3F,62.8,59.4,0
ワレハウミノコ,15,250.4,17,0.0,waku,Class,TIME,last3F,17,ave3F,53.4,54.8,0
サーマルソアリング,16,99.3,15,0.0,waku,Class,TIME,last3F,17,ave3F,56.5,55.9,0
ペリファーニア,17,5.4,2,0.0,waku,Class,TIME,last3F,17,ave3F,----,99.0,0
