﻿name,no,odds,pop_rank,power_index,place,distance,surface,pace_type,field_size,class,prev_place,prev_rank,is_chiho
ドナウパール,1,8.5,6,0.0,waku,Class,TIME,last3F,16,ave3F,63.7,61.1,0
パルティキュリエ,2,7.4,5,0.0,waku,Class,TIME,last3F,16,ave3F,57.1,56.5,0
マルカシャルマン,3,153.4,14,0.0,waku,Class,TIME,last3F,16,ave3F,51.5,52.4,0
エミュー,4,6.4,2,0.0,waku,Class,TIME,last3F,16,ave3F,53.6,52.7,0
ディヴァージオン,5,154.6,15,0.0,waku,Class,TIME,last3F,16,ave3F,58.9,57.6,0
パルクリチュード,6,6.9,3,0.0,waku,Class,TIME,last3F,16,ave3F,50.4,50.4,0
ミカッテヨンデイイ,7,121.4,13,0.0,waku,Class,TIME,last3F,16,ave3F,51.2,49.2,0
マテンロウアルテ,8,5.6,1,0.0,waku,Class,TIME,last3F,16,ave3F,58.8,60.0,0
セリオーソ,9,12.9,9,0.0,waku,Class,TIME,last3F,16,ave3F,----,99.0,0
クリニクラウン,10,281.3,16,0.0,waku,Class,TIME,last3F,16,ave3F,49.5,37.3,0
フラッシングレート,11,118.1,12,0.0,waku,Class,TIME,last3F,16,ave3F,51.5,52.4,0
ゴールデンハインド,12,9.6,7,0.0,waku,Class,TIME,last3F,16,ave3F,59.8,55.3,0
ニシノコウフク,13,19.2,10,0.0,waku,Class,TIME,last3F,16,ave3F,53.1,52.7,0
エメリヨン,14,36.6,11,0.0,waku,Class,TIME,last3F,16,ave3F,64.3,61.4,0
ココクレーター,15,7.1,4,0.0,waku,Class,TIME,last3F,16,ave3F,65.3,61.4,0
ヒップホップソウル,16,11.1,8,0.0,waku,Class,TIME,last3F,16,ave3F,58.1,57.4,0
