﻿name,no,odds,pop_rank,power_index,place,distance,surface,pace_type,field_size,class,prev_place,prev_rank,is_chiho
ブッシュガーデン,1,3.9,2,0.0,waku,Class,TIME,last3F,16,ave3F,49.7,48.0,0
グッドグロウス,2,76.4,14,0.0,waku,Class,TIME,last3F,16,ave3F,38.5,38.6,0
マイネルレノン,3,7.1,3,0.0,waku,Class,TIME,last3F,16,ave3F,46.1,42.5,0
テイエムヒマラヤ,4,145.7,16,0.0,waku,Class,TIME,last3F,16,ave3F,48.9,46.6,0
ベンガン,5,7.9,4,0.0,waku,Class,TIME,last3F,16,ave3F,53.9,51.5,0
シゲルカチョウ,6,22.3,9,0.0,waku,Class,TIME,last3F,16,ave3F,46.2,46.8,0
エンジェルシリカ,7,19.1,8,0.0,waku,Class,TIME,last3F,16,ave3F,52.3,51.2,0
ブロンズレッド,8,83.2,15,0.0,waku,Class,TIME,last3F,16,ave3F,46.3,44.4,0
テーオーディエス,9,53.6,13,0.0,waku,Class,TIME,last3F,16,ave3F,54.7,48.0,0
ジャスパークローネ,10,24.4,10,0.0,waku,Class,TIME,last3F,16,ave3F,47.5,48.4,0
ウインバグース,11,3.6,1,0.0,waku,Class,TIME,last3F,16,ave3F,48.6,48.9,0
インプロバイザー,12,28.4,11,0.0,waku,Class,TIME,last3F,16,ave3F,41.9,43.7,0
カレンヒメ,13,16.4,7,0.0,waku,Class,TIME,last3F,16,ave3F,46.6,44.9,0
メイショウエニシア,14,41,12,0.0,waku,Class,TIME,last3F,16,ave3F,41.5,44.1,0
タイセイブリリオ,15,16.1,6,0.0,waku,Class,TIME,last3F,16,ave3F,46.8,46.8,0
メイショウクリフト,16,11.4,5,0.0,waku,Class,TIME,last3F,16,ave3F,48.4,45.9,0
