﻿name,no,odds,pop_rank,power_index,place,distance,surface,pace_type,field_size,class,prev_place,prev_rank,is_chiho
ダノンペドロ,1,26.7,7,0.0,waku,Class,TIME,last3F,12,ave3F,54,57.0,0
マイネルメモリー,2,15.2,6,0.0,waku,Class,TIME,last3F,12,ave3F,56.9,53.1,0
ミッキーキャンバス,3,3.6,1,0.0,waku,Class,TIME,last3F,12,ave3F,----,99.0,0
サインポール,4,448.5,12,0.0,waku,Class,TIME,last3F,12,ave3F,----,99.0,0
サヴォーナ,5,4.5,3,0.0,waku,Class,TIME,last3F,12,ave3F,57.6,55.1,0
ガルムキャット,6,162,11,0.0,waku,Class,TIME,last3F,12,ave3F,50.7,50.8,0
ウェイビー,7,38.6,10,0.0,waku,Class,TIME,last3F,12,ave3F,52.4,52.4,0
コレオグラファー,8,28.3,9,0.0,waku,Class,TIME,last3F,12,ave3F,56.3,55.2,0
ネビュルーズ,9,5.6,4,0.0,waku,Class,TIME,last3F,12,ave3F,----,99.0,0
サトノグランツ,10,3.6,2,0.0,waku,Class,TIME,last3F,12,ave3F,60.9,59.5,0
スマートファントム,11,10.5,5,0.0,waku,Class,TIME,last3F,12,ave3F,59.3,57.1,0
ブレイヴロッカー,12,26.8,8,0.0,waku,Class,TIME,last3F,12,ave3F,54.8,52.4,0
