﻿name,no,odds,pop_rank,power_index,place,distance,surface,pace_type,field_size,class,prev_place,prev_rank,is_chiho
ショウナンガチャ,1,168.2,9,0.0,waku,Class,TIME,last3F,11,ave3F,42.2,52.5,0
ムーンスカイ,2,99.2,7,0.0,waku,Class,TIME,last3F,11,ave3F,52,52.4,0
ベルウッドミカサ,3,142.2,8,0.0,waku,Class,TIME,last3F,11,ave3F,50.4,52.5,0
ハクサンビーナス,4,32.6,6,0.0,waku,Class,TIME,last3F,11,ave3F,54.7,49.7,0
チャイボーグ,5,227.8,10,0.0,waku,Class,TIME,last3F,11,ave3F,51.8,47.4,0
セオ,6,5.6,3,0.0,waku,Class,TIME,last3F,11,ave3F,53,53.0,0
アンバーホーク,7,3.6,2,0.0,waku,Class,TIME,last3F,11,ave3F,56.8,57.4,0
マイネルビジョン,8,9.9,4,0.0,waku,Class,TIME,last3F,11,ave3F,55.1,56.2,0
レーベンスティール,9,1.6,1,0.0,waku,Class,TIME,last3F,11,ave3F,66.9,65.4,0
ドライカプチーノ,10,282.7,11,0.0,waku,Class,TIME,last3F,11,ave3F,45.1,51.3,0
マイネルカンパーナ,11,22.5,5,0.0,waku,Class,TIME,last3F,11,ave3F,58.6,55.3,0
