﻿name,no,odds,pop_rank,power_index,place,distance,surface,pace_type,field_size,class,prev_place,prev_rank,is_chiho
アエリーゾ,1,161.5,9,0.0,waku,Class,TIME,last3F,9,ave3F,42.8,39.7,0
タケトンボ,2,6.4,3,0.0,waku,Class,TIME,last3F,9,ave3F,51.1,52.1,0
サトノヴィーナス,3,16.2,5,0.0,waku,Class,TIME,last3F,9,ave3F,49.7,48.4,0
セブンサミット,4,1.6,1,0.0,waku,Class,TIME,last3F,9,ave3F,57.5,57.1,0
サンライズエース,5,3.4,2,0.0,waku,Class,TIME,last3F,9,ave3F,38.2,46.7,0
コスモミローディア,6,103.2,8,0.0,waku,Class,TIME,last3F,9,ave3F,57.8,55.1,0
メイショウサンガ,7,37.4,6,0.0,waku,Class,TIME,last3F,9,ave3F,51.8,53.6,0
エアアネモイ,8,10.4,4,0.0,waku,Class,TIME,last3F,9,ave3F,45.1,51.0,0
ニホンピロマリブ,9,86.1,7,0.0,waku,Class,TIME,last3F,9,ave3F,53,52.4,0
