﻿name,no,odds,pop_rank,power_index,place,distance,surface,pace_type,field_size,class,prev_place,prev_rank,is_chiho
ハイグッドエース,1,174.1,13,0.0,waku,Class,TIME,last3F,15,ave3F,----,99.0,0
ヴィトーリア,2,2.7,1,0.0,waku,Class,TIME,last3F,15,ave3F,58.8,58.3,0
クラシックステップ,3,7.9,4,0.0,waku,Class,TIME,last3F,15,ave3F,55.9,52.1,0
アスクビギンアゲン,4,72.4,12,0.0,waku,Class,TIME,last3F,15,ave3F,48,51.8,0
クリノエルサ,5,465.2,15,0.0,waku,Class,TIME,last3F,15,ave3F,55.1,55.3,0
ロードラプソディ,6,25.6,9,0.0,waku,Class,TIME,last3F,15,ave3F,52.7,51.1,0
プリティユニバンス,7,13.2,6,0.0,waku,Class,TIME,last3F,15,ave3F,56.7,51.5,0
テーオーソラネル,8,4.8,2,0.0,waku,Class,TIME,last3F,15,ave3F,56.2,56.2,0
ダンツエスプリ,9,59.8,11,0.0,waku,Class,TIME,last3F,15,ave3F,53.9,54.7,0
マイネルヒッツェ,10,32.2,10,0.0,waku,Class,TIME,last3F,15,ave3F,51.8,52.8,0
スペシャルトーク,11,255.4,14,0.0,waku,Class,TIME,last3F,15,ave3F,44.2,50.6,0
カレンマックナイト,12,25.5,7,0.0,waku,Class,TIME,last3F,15,ave3F,55.7,50.9,0
グルーヴビート,13,25.5,8,0.0,waku,Class,TIME,last3F,15,ave3F,47.5,50.8,0
アルファヒディ,14,5.8,3,0.0,waku,Class,TIME,last3F,15,ave3F,50,52.5,0
ヤマニンループ,15,8.4,5,0.0,waku,Class,TIME,last3F,15,ave3F,64.2,63.7,0
