﻿name,no,odds,pop_rank,power_index,place,distance,surface,pace_type,field_size,class,prev_place,prev_rank,is_chiho
ナバロン,1,12.9,6,0.0,waku,Class,TIME,last3F,18,ave3F,49.5,49.4,0
カッコヨカ,2,154.7,16,0.0,waku,Class,TIME,last3F,18,ave3F,49.9,47.8,0
アドマイヤアリエル,3,103.8,15,0.0,waku,Class,TIME,last3F,18,ave3F,46.1,45.5,0
ドリアード,4,6.4,3,0.0,waku,Class,TIME,last3F,18,ave3F,64.4,52.7,0
スタニングスター,5,39.8,12,0.0,waku,Class,TIME,last3F,18,ave3F,----,99.0,0
シタン,6,15.4,8,0.0,waku,Class,TIME,last3F,18,ave3F,50.7,47.8,0
アスクオンディープ,7,17,9,0.0,waku,Class,TIME,last3F,18,ave3F,35.4,50.3,0
ヴェールアンレーヴ,8,4.2,1,0.0,waku,Class,TIME,last3F,18,ave3F,57.5,58.0,0
サザンステート,9,51.7,14,0.0,waku,Class,TIME,last3F,18,ave3F,48.6,48.2,0
ステラレギア,10,243.3,17,0.0,waku,Class,TIME,last3F,18,ave3F,----,99.0,0
パノティア,11,20.4,10,0.0,waku,Class,TIME,last3F,18,ave3F,49.6,45.8,0
デヴィルズマーブル,12,7.9,5,0.0,waku,Class,TIME,last3F,18,ave3F,46.6,46.8,0
フローレンスハニー,13,14.1,7,0.0,waku,Class,TIME,last3F,18,ave3F,46,44.7,0
サトノレギオン,14,6.2,2,0.0,waku,Class,TIME,last3F,18,ave3F,52.9,52.4,0
ジャンカルド,15,49.1,13,0.0,waku,Class,TIME,last3F,18,ave3F,63.1,58.4,0
デンジャーマン,16,410.7,18,0.0,waku,Class,TIME,last3F,18,ave3F,54,50.6,0
メイショウソラフネ,17,7.6,4,0.0,waku,Class,TIME,last3F,18,ave3F,54.7,54.8,0
ミッキーハロー,18,31.6,11,0.0,waku,Class,TIME,last3F,18,ave3F,50,50.9,0
