﻿name,no,odds,pop_rank,power_index,place,distance,surface,pace_type,field_size,class,prev_place,prev_rank,is_chiho
ヤンチャプリヒメ,1,66.5,12,0.0,waku,Class,TIME,last3F,15,ave3F,42.6,41.2,0
サイモンカーチス,2,35.2,9,0.0,waku,Class,TIME,last3F,15,ave3F,46.8,50.6,0
ウイスキータイム,3,256.9,15,0.0,waku,Class,TIME,last3F,15,ave3F,----,99.0,0
イチゴキネンビ,4,56.2,11,0.0,waku,Class,TIME,last3F,15,ave3F,----,39.2,0
オルコス,5,3.1,2,0.0,waku,Class,TIME,last3F,15,ave3F,48.6,45.5,0
エリザベスミノル,6,10.4,4,0.0,waku,Class,TIME,last3F,15,ave3F,47.9,44.9,0
ルヴェルジェ,7,2.2,1,0.0,waku,Class,TIME,last3F,15,ave3F,42.3,42.6,0
パルフェアンジュ,8,173.6,14,0.0,waku,Class,TIME,last3F,15,ave3F,41.8,40.1,0
ツウカイアペックス,9,12.1,5,0.0,waku,Class,TIME,last3F,15,ave3F,----,99.0,0
ジダイノチョウジ,10,27.6,7,0.0,waku,Class,TIME,last3F,15,ave3F,44.5,46.2,0
ラージベル,11,54.9,10,0.0,waku,Class,TIME,last3F,15,ave3F,45.5,46.6,0
メイショウキリモン,12,31.9,8,0.0,waku,Class,TIME,last3F,15,ave3F,----,99.0,0
キーチズカンパニー,13,89.1,13,0.0,waku,Class,TIME,last3F,15,ave3F,41.1,44.1,0
サウンドプリズム,14,10.1,3,0.0,waku,Class,TIME,last3F,15,ave3F,48.4,44.3,0
ブルーノート,15,24.1,6,0.0,waku,Class,TIME,last3F,15,ave3F,43.9,44.6,0
