﻿name,no,odds,pop_rank,power_index,place,distance,surface,pace_type,field_size,class,prev_place,prev_rank,is_chiho
ダイシンイナリ,1,201.9,15,0.0,waku,Class,TIME,last3F,16,ave3F,47.1,46.3,0
ライラボンド,2,40.8,10,0.0,waku,Class,TIME,last3F,16,ave3F,47.8,49.9,0
サトノアポロン,3,16.3,7,0.0,waku,Class,TIME,last3F,16,ave3F,39.5,45.4,0
キタノブレイド,4,43.4,11,0.0,waku,Class,TIME,last3F,16,ave3F,47.8,39.4,0
ワンスカイ,5,21.9,8,0.0,waku,Class,TIME,last3F,16,ave3F,51.7,49.7,0
スマイルミュ,6,328.5,16,0.0,waku,Class,TIME,last3F,16,ave3F,----,99.0,0
アルファマム,7,8.2,5,0.0,waku,Class,TIME,last3F,16,ave3F,51.2,44.1,0
テイエムアトム,8,6.8,3,0.0,waku,Class,TIME,last3F,16,ave3F,42.7,36.1,0
ライフレッスンズ,9,79.4,12,0.0,waku,Class,TIME,last3F,16,ave3F,44.2,40.0,0
レイニーデイ,10,8.2,4,0.0,waku,Class,TIME,last3F,16,ave3F,44.5,46.2,0
ラフストリーム,11,10.1,6,0.0,waku,Class,TIME,last3F,16,ave3F,45.6,41.6,0
フォルツァエフ,12,114.7,14,0.0,waku,Class,TIME,last3F,16,ave3F,51,48.0,0
イグザルト,13,2.6,1,0.0,waku,Class,TIME,last3F,16,ave3F,51.7,49.3,0
ナンヨープランタン,14,107.1,13,0.0,waku,Class,TIME,last3F,16,ave3F,53,49.3,0
ラヴケリー,15,6,2,0.0,waku,Class,TIME,last3F,16,ave3F,47.2,39.2,0
ララクリュサオル,16,31.9,9,0.0,waku,Class,TIME,last3F,16,ave3F,42.7,40.0,0
