﻿name,no,odds,pop_rank,power_index,place,distance,surface,pace_type,field_size,class,prev_place,prev_rank,is_chiho
セルケト,1,2.7,1,0.0,waku,Class,TIME,last3F,10,ave3F,47.3,48.3,0
マコトチガネマル,2,95.5,9,0.0,waku,Class,TIME,last3F,10,ave3F,----,99.0,0
チュウワダンス,3,取消し,,0.0,waku,Class,TIME,last3F,10,ave3F,57.5,57.4,0
ホウオウプリンセス,4,37.5,8,0.0,waku,Class,TIME,last3F,10,ave3F,57,57.4,0
タンジェリンムーン,5,12.5,6,0.0,waku,Class,TIME,last3F,10,ave3F,50.4,48.4,0
ルージュアルル,6,4.6,2,0.0,waku,Class,TIME,last3F,10,ave3F,51.7,50.4,0
デインティハート,7,11.2,5,0.0,waku,Class,TIME,last3F,10,ave3F,57.7,57.4,0
ベリーヴィーナス,8,4.6,3,0.0,waku,Class,TIME,last3F,10,ave3F,47.8,54.3,0
ホーリーエンブレム,9,5.3,4,0.0,waku,Class,TIME,last3F,10,ave3F,60.7,57.1,0
ファンタジア,10,17.5,7,0.0,waku,Class,TIME,last3F,10,ave3F,46.2,49.6,0
