﻿name,no,odds,pop_rank,power_index,place,distance,surface,pace_type,field_size,class,prev_place,prev_rank,is_chiho
ピラティス,1,3.2,1,0.0,waku,Class,TIME,last3F,13,ave3F,51.3,49.3,0
テーオートルネード,2,71.8,12,0.0,waku,Class,TIME,last3F,13,ave3F,----,99.0,0
タイキスパルタン,3,38.7,9,0.0,waku,Class,TIME,last3F,13,ave3F,44.6,44.1,0
ウインバリオス,4,9.8,4,0.0,waku,Class,TIME,last3F,13,ave3F,42.7,38.6,0
サードフォース,5,64,11,0.0,waku,Class,TIME,last3F,13,ave3F,43.2,48.5,0
ルクスレガート,6,15.4,7,0.0,waku,Class,TIME,last3F,13,ave3F,39.8,48.2,0
マイネルグスタフ,7,53.7,10,0.0,waku,Class,TIME,last3F,13,ave3F,47.1,46.4,0
タイセイアーメット,8,17.2,8,0.0,waku,Class,TIME,last3F,13,ave3F,48.6,44.7,0
スキピオ,9,3.7,2,0.0,waku,Class,TIME,last3F,13,ave3F,40.9,41.4,0
スナークユウマ,10,149.1,13,0.0,waku,Class,TIME,last3F,13,ave3F,40.3,51.6,0
リンドラゴ,11,10.3,5,0.0,waku,Class,TIME,last3F,13,ave3F,52.3,44.8,0
エトワールジェンヌ,12,5.1,3,0.0,waku,Class,TIME,last3F,13,ave3F,38.2,43.6,0
クレスケンスルーナ,13,13,6,0.0,waku,Class,TIME,last3F,13,ave3F,51.6,51.5,0
