﻿name,no,odds,pop_rank,power_index,place,distance,surface,pace_type,field_size,class,prev_place,prev_rank,is_chiho
デュードメール,1,22.6,7,0.0,waku,Class,TIME,last3F,13,ave3F,----,99.0,0
サクラファシナンテ,2,3.6,2,0.0,waku,Class,TIME,last3F,13,ave3F,47.1,40.2,0
ヤマニンエルモサ,3,81.7,11,0.0,waku,Class,TIME,last3F,13,ave3F,51.3,48.8,0
クイーンアポーン,4,12.8,5,0.0,waku,Class,TIME,last3F,13,ave3F,46.2,42.7,0
クラリティスケール,5,8.1,3,0.0,waku,Class,TIME,last3F,13,ave3F,44.8,40.2,0
ミッテルライン,6,34,9,0.0,waku,Class,TIME,last3F,13,ave3F,----,99.0,0
マキアージュ,7,15.5,6,0.0,waku,Class,TIME,last3F,13,ave3F,40.2,44.7,0
エスパダアスール,8,55.1,10,0.0,waku,Class,TIME,last3F,13,ave3F,----,99.0,0
スマイルアップ,9,2.2,1,0.0,waku,Class,TIME,last3F,13,ave3F,42,41.2,0
ビーマイベイビー,10,9.1,4,0.0,waku,Class,TIME,last3F,13,ave3F,41.5,43.2,0
ハロースクロール,11,244.9,12,0.0,waku,Class,TIME,last3F,13,ave3F,40.6,40.7,0
グルノイユジョーヌ,12,385.5,13,0.0,waku,Class,TIME,last3F,13,ave3F,42.6,44.7,0
クィーンアドバンス,13,26.7,8,0.0,waku,Class,TIME,last3F,13,ave3F,44.1,43.2,0
