﻿name,no,odds,pop_rank,power_index,place,distance,surface,pace_type,field_size,class,prev_place,prev_rank,is_chiho
レイメイ,1,54.6,9,0.0,waku,Class,TIME,last3F,10,ave3F,50.2,51.5,0
インテンスフレイム,2,2.2,1,0.0,waku,Class,TIME,last3F,10,ave3F,48.7,46.0,0
テーオーインパクト,3,50,8,0.0,waku,Class,TIME,last3F,10,ave3F,48.6,49.1,0
セイウンガレオン,4,41.5,7,0.0,waku,Class,TIME,last3F,10,ave3F,51.9,52.4,0
サパテアール,5,34.7,6,0.0,waku,Class,TIME,last3F,10,ave3F,45,49.3,0
リュウセイグン,6,151,10,0.0,waku,Class,TIME,last3F,10,ave3F,53.2,51.5,0
シャンバラ,7,2.4,2,0.0,waku,Class,TIME,last3F,10,ave3F,44.8,44.7,0
エコロカナワン,8,23.9,5,0.0,waku,Class,TIME,last3F,10,ave3F,50,51.2,0
ウインアラジン,9,7.6,4,0.0,waku,Class,TIME,last3F,10,ave3F,49.4,49.1,0
アーバンデザイン,10,7.3,3,0.0,waku,Class,TIME,last3F,10,ave3F,41.7,44.1,0
