﻿name,no,odds,pop_rank,power_index,place,distance,surface,pace_type,field_size,class,prev_place,prev_rank,is_chiho
エスペシャルストア,1,173.9,13,0.0,waku,Class,TIME,last3F,14,ave3F,----,99.0,0
アイファーリンクス,2,4.2,2,0.0,waku,Class,TIME,last3F,14,ave3F,55.3,46.2,0
マイネルグスタフ,3,37.9,6,0.0,waku,Class,TIME,last3F,14,ave3F,----,99.0,0
キクノロージズ,4,63.7,10,0.0,waku,Class,TIME,last3F,14,ave3F,47.3,43.4,0
ヤンチャプリヒメ,5,70.8,11,0.0,waku,Class,TIME,last3F,14,ave3F,51.9,49.2,0
サルサディーバ,6,102.6,12,0.0,waku,Class,TIME,last3F,14,ave3F,48,51.1,0
グランアプロウソ,7,1.9,1,0.0,waku,Class,TIME,last3F,14,ave3F,52.9,44.5,0
メイショウキリモン,8,42.3,9,0.0,waku,Class,TIME,last3F,14,ave3F,----,99.0,0
トモノボーイ,9,39,7,0.0,waku,Class,TIME,last3F,14,ave3F,42.4,40.5,0
サクハル,10,6.3,4,0.0,waku,Class,TIME,last3F,14,ave3F,48.1,49.2,0
クアトロフォンテ,11,40.3,8,0.0,waku,Class,TIME,last3F,14,ave3F,38.7,40.9,0
スペイスフォース,12,6.1,3,0.0,waku,Class,TIME,last3F,14,ave3F,----,99.0,0
スエヒロヴァン,13,373.1,14,0.0,waku,Class,TIME,last3F,14,ave3F,45.5,40.7,0
ツヴァイシュテルネ,14,24.5,5,0.0,waku,Class,TIME,last3F,14,ave3F,46.8,44.5,0
