﻿name,no,odds,pop_rank,power_index,place,distance,surface,pace_type,field_size,class,prev_place,prev_rank,is_chiho
ルアル,1,41.5,11,0.0,waku,Class,TIME,last3F,16,ave3F,49.4,49.1,0
アリビオ,2,156.1,14,0.0,waku,Class,TIME,last3F,16,ave3F,53.3,51.2,0
デルマジゾウ,3,157.3,15,0.0,waku,Class,TIME,last3F,16,ave3F,48.9,43.0,0
ブルーノート,4,20,6,0.0,waku,Class,TIME,last3F,16,ave3F,51.4,46.2,0
ソナトリーチェ,5,4.6,3,0.0,waku,Class,TIME,last3F,16,ave3F,41,40.3,0
ニシノラーナ,6,32.9,10,0.0,waku,Class,TIME,last3F,16,ave3F,44.2,45.5,0
ライヴクラッカー,7,117.4,13,0.0,waku,Class,TIME,last3F,16,ave3F,35.4,48.2,0
カライカマウリオラ,8,47.5,12,0.0,waku,Class,TIME,last3F,16,ave3F,43.1,44.3,0
カズラポニアン,9,26.7,9,0.0,waku,Class,TIME,last3F,16,ave3F,48.9,40.5,0
シルバーキングダム,10,24.6,8,0.0,waku,Class,TIME,last3F,16,ave3F,41.8,43.0,0
サンダップルド,11,3.2,2,0.0,waku,Class,TIME,last3F,16,ave3F,38.6,39.2,0
ビーストアタック,12,3.1,1,0.0,waku,Class,TIME,last3F,16,ave3F,43.1,40.1,0
ブレーヴトライ,13,163.9,16,0.0,waku,Class,TIME,last3F,16,ave3F,48.9,44.1,0
サウンドプリズム,14,20.3,7,0.0,waku,Class,TIME,last3F,16,ave3F,51.4,45.0,0
ウイスキータイム,15,18.5,5,0.0,waku,Class,TIME,last3F,16,ave3F,39.3,42.3,0
ジダイノチョウジ,16,12.4,4,0.0,waku,Class,TIME,last3F,16,ave3F,44.1,44.1,0
