﻿name,no,odds,pop_rank,power_index,place,distance,surface,pace_type,field_size,class,prev_place,prev_rank,is_chiho
キャミ,1,42.6,9,0.0,waku,Class,TIME,last3F,12,ave3F,37.7,39.3,0
リツィタル,2,21.4,7,0.0,waku,Class,TIME,last3F,12,ave3F,46.1,46.3,0
ラピドゥス,3,4.8,2,0.0,waku,Class,TIME,last3F,12,ave3F,49.7,49.0,0
エターナルプライド,4,18.9,6,0.0,waku,Class,TIME,last3F,12,ave3F,49.5,49.6,0
メイショウホオズキ,5,2.4,1,0.0,waku,Class,TIME,last3F,12,ave3F,54,52.2,0
ユーベルント,6,178.1,12,0.0,waku,Class,TIME,last3F,12,ave3F,----,99.0,0
ルージュブラゾン,7,6.9,4,0.0,waku,Class,TIME,last3F,12,ave3F,----,99.0,0
ブロードリーチ,8,5.2,3,0.0,waku,Class,TIME,last3F,12,ave3F,----,99.0,0
テンナイトパール,9,45.8,10,0.0,waku,Class,TIME,last3F,12,ave3F,46.3,43.4,0
ラピスデラビオス,10,91.6,11,0.0,waku,Class,TIME,last3F,12,ave3F,49.4,48.1,0
グレースブロード,11,9.3,5,0.0,waku,Class,TIME,last3F,12,ave3F,37,39.3,0
パレドジュスティス,12,35.2,8,0.0,waku,Class,TIME,last3F,12,ave3F,49.5,39.9,0
