﻿name,no,odds,pop_rank,power_index,place,distance,surface,pace_type,field_size,class,prev_place,prev_rank,is_chiho
コトブキテティス,1,224.1,13,0.0,waku,Class,TIME,last3F,14,ave3F,59.3,55.1,0
クロスマジェスティ,2,112.5,12,0.0,waku,Class,TIME,last3F,14,ave3F,53.6,52.2,0
リノキアナ,3,309.8,14,0.0,waku,Class,TIME,last3F,14,ave3F,48.5,49.3,0
アートハウス,4,2.9,1,0.0,waku,Class,TIME,last3F,14,ave3F,52.9,53.2,0
サトノセシル,5,11.1,5,0.0,waku,Class,TIME,last3F,14,ave3F,51,49.4,0
シャーレイポピー,6,70.5,10,0.0,waku,Class,TIME,last3F,14,ave3F,53.7,50.7,0
エイシンチラー,7,17.8,7,0.0,waku,Class,TIME,last3F,14,ave3F,48.4,44.5,0
スルーセブンシーズ,8,3.7,2,0.0,waku,Class,TIME,last3F,14,ave3F,58.6,56.5,0
クリノプレミアム,9,5.7,3,0.0,waku,Class,TIME,last3F,14,ave3F,48.8,49.5,0
ラルナブリラーレ,10,40.1,8,0.0,waku,Class,TIME,last3F,14,ave3F,57.4,51.8,0
スライリー,11,62.2,9,0.0,waku,Class,TIME,last3F,14,ave3F,57.7,54.8,0
ストーリア,12,13.2,6,0.0,waku,Class,TIME,last3F,14,ave3F,59.8,55.9,0
イリマ,13,77.7,11,0.0,waku,Class,TIME,last3F,14,ave3F,51.1,49.0,0
ウインピクシス,14,6.1,4,0.0,waku,Class,TIME,last3F,14,ave3F,55.5,55.5,0
