﻿name,no,odds,pop_rank,power_index,place,distance,surface,pace_type,field_size,class,prev_place,prev_rank,is_chiho
レアシャンパーニュ,1,25.9,7,0.0,waku,Class,TIME,last3F,10,ave3F,59,59.9,0
ロワンディシー,2,2,1,0.0,waku,Class,TIME,last3F,10,ave3F,53.7,52.1,0
サヴァビアン,3,64,9,0.0,waku,Class,TIME,last3F,10,ave3F,47.7,50.6,0
サンデージャック,4,18.5,5,0.0,waku,Class,TIME,last3F,10,ave3F,53.6,55.2,0
ヤマニンプレシオサ,5,80.4,10,0.0,waku,Class,TIME,last3F,10,ave3F,58.4,57.3,0
シーリアスラブ,6,45.3,8,0.0,waku,Class,TIME,last3F,10,ave3F,54.9,42.3,0
サトノヘリオス,7,3.8,2,0.0,waku,Class,TIME,last3F,10,ave3F,54.6,50.7,0
タケルラスティ,8,20.2,6,0.0,waku,Class,TIME,last3F,10,ave3F,49.6,49.4,0
シゲルローズマリー,9,7.2,4,0.0,waku,Class,TIME,last3F,10,ave3F,56.5,54.0,0
ワンダーキサラ,10,6.2,3,0.0,waku,Class,TIME,last3F,10,ave3F,42.2,43.3,0
