﻿name,no,odds,pop_rank,power_index,place,distance,surface,pace_type,field_size,class,prev_place,prev_rank,is_chiho
テイエムトッキュウ,1,4.5,2,0.0,waku,Class,TIME,last3F,16,ave3F,47.1,48.8,0
シャイニーブランコ,2,66.8,12,0.0,waku,Class,TIME,last3F,16,ave3F,50.3,46.7,0
スナークダヴィンチ,3,7.8,5,0.0,waku,Class,TIME,last3F,16,ave3F,47.2,41.8,0
カイアワセ,4,51.7,10,0.0,waku,Class,TIME,last3F,16,ave3F,47.5,42.1,0
マイネルジェロディ,5,56.5,11,0.0,waku,Class,TIME,last3F,16,ave3F,43.2,45.9,0
アイアムハヤスギル,6,123.5,15,0.0,waku,Class,TIME,last3F,16,ave3F,----,99.0,0
ベイビーボス,7,30.6,9,0.0,waku,Class,TIME,last3F,16,ave3F,51.4,51.0,0
スズカコテキタイ,8,3.8,1,0.0,waku,Class,TIME,last3F,16,ave3F,43.7,39.6,0
アイオライト,9,11.2,6,0.0,waku,Class,TIME,last3F,16,ave3F,----,99.0,0
ドウドウキリシマ,10,277.5,16,0.0,waku,Class,TIME,last3F,16,ave3F,39.5,42.2,0
クロジシジョー,11,6,4,0.0,waku,Class,TIME,last3F,16,ave3F,48.3,45.5,0
オーロラテソーロ,12,5.7,3,0.0,waku,Class,TIME,last3F,16,ave3F,----,99.0,0
アーバンイェーガー,13,69.7,13,0.0,waku,Class,TIME,last3F,16,ave3F,50.2,48.7,0
ボイラーハウス,14,18.4,7,0.0,waku,Class,TIME,last3F,16,ave3F,48.3,47.7,0
ワルツフォーラン,15,25.3,8,0.0,waku,Class,TIME,last3F,16,ave3F,39.4,38.7,0
ショウナンアニメ,16,98.3,14,0.0,waku,Class,TIME,last3F,16,ave3F,42.7,40.9,0
