﻿name,no,odds,pop_rank,power_index,place,distance,surface,pace_type,field_size,class,prev_place,prev_rank,is_chiho
フェイト,1,16.3,8,0.0,waku,Class,TIME,last3F,13,ave3F,54.3,55.9,0
セレンディピティ,2,15.6,7,0.0,waku,Class,TIME,last3F,13,ave3F,57,55.9,0
シーズンリッチ,3,11.6,5,0.0,waku,Class,TIME,last3F,13,ave3F,57.7,58.5,0
オメガリッチマン,4,27.4,10,0.0,waku,Class,TIME,last3F,13,ave3F,47.4,47.9,0
キングズレイン,5,2,1,0.0,waku,Class,TIME,last3F,13,ave3F,59.4,58.5,0
ダブルジョーク,6,111.8,13,0.0,waku,Class,TIME,last3F,13,ave3F,48.5,47.7,0
ドクタードリトル,7,10.1,3,0.0,waku,Class,TIME,last3F,13,ave3F,56.4,57.3,0
ノッキングポイント,8,5.6,2,0.0,waku,Class,TIME,last3F,13,ave3F,46.4,47.9,0
マイネルメモリー,9,56,11,0.0,waku,Class,TIME,last3F,13,ave3F,57,56.1,0
エマヌエーレ,10,27.3,9,0.0,waku,Class,TIME,last3F,13,ave3F,50.6,53.7,0
フルメタルボディー,11,61.7,12,0.0,waku,Class,TIME,last3F,13,ave3F,41.7,42.3,0
アドマイヤイル,12,11.1,4,0.0,waku,Class,TIME,last3F,13,ave3F,60.7,57.4,0
ドットクルー,13,15.1,6,0.0,waku,Class,TIME,last3F,13,ave3F,50.9,52.6,0
