﻿name,no,odds,pop_rank,power_index,place,distance,surface,pace_type,field_size,class,prev_place,prev_rank,is_chiho
スピードオブライト,1,4.5,2,0.0,waku,Class,TIME,last3F,16,ave3F,50.8,50.9,0
シルヴァーゴースト,2,209.1,15,0.0,waku,Class,TIME,last3F,16,ave3F,50.6,53.0,0
ディナトセレーネ,3,9.6,5,0.0,waku,Class,TIME,last3F,16,ave3F,56.2,56.5,0
オックスリップ,4,25.4,10,0.0,waku,Class,TIME,last3F,16,ave3F,----,99.0,0
トーセンローリエ,5,4.5,1,0.0,waku,Class,TIME,last3F,16,ave3F,51.4,49.4,0
オルノア,6,21.1,9,0.0,waku,Class,TIME,last3F,16,ave3F,50.9,50.9,0
ミスヨコハマ,7,7.2,4,0.0,waku,Class,TIME,last3F,16,ave3F,63.9,63.4,0
ジュエルピーチ,8,34.4,11,0.0,waku,Class,TIME,last3F,16,ave3F,55.9,57.4,0
シルバージュエリー,9,11.3,6,0.0,waku,Class,TIME,last3F,16,ave3F,----,99.0,0
レッドヒルシューズ,10,13,7,0.0,waku,Class,TIME,last3F,16,ave3F,55.7,53.8,0
スムースベルベット,11,126.8,12,0.0,waku,Class,TIME,last3F,16,ave3F,47.7,48.8,0
エッセレンチ,12,14.5,8,0.0,waku,Class,TIME,last3F,16,ave3F,63.6,62.1,0
フジラプンツェル,13,305.1,16,0.0,waku,Class,TIME,last3F,16,ave3F,----,99.0,0
クイーンオブソウル,14,5.3,3,0.0,waku,Class,TIME,last3F,16,ave3F,58.6,58.6,0
ラビュリントス,15,197.2,14,0.0,waku,Class,TIME,last3F,16,ave3F,----,99.0,0
コンクシェル,16,161.3,13,0.0,waku,Class,TIME,last3F,16,ave3F,53.1,52.3,0
