﻿name,no,odds,pop_rank,power_index,place,distance,surface,pace_type,field_size,class,prev_place,prev_rank,is_chiho
キモンアップル,1,135.4,10,0.0,waku,Class,TIME,last3F,12,ave3F,33.5,38.1,0
ワックスフラワー,2,18.1,7,0.0,waku,Class,TIME,last3F,12,ave3F,46.7,45.8,0
ノーブルラン,3,11.3,6,0.0,waku,Class,TIME,last3F,12,ave3F,53.9,50.9,0
スングリダンダン,4,446.1,12,0.0,waku,Class,TIME,last3F,12,ave3F,39.6,39.3,0
シルバーレイズ,5,41.7,9,0.0,waku,Class,TIME,last3F,12,ave3F,46.5,49.6,0
ゴルトリッチ,6,7.5,4,0.0,waku,Class,TIME,last3F,12,ave3F,44.8,41.4,0
アンタノバラード,7,3.2,1,0.0,waku,Class,TIME,last3F,12,ave3F,48.7,46.7,0
レイカットスルー,8,7.1,3,0.0,waku,Class,TIME,last3F,12,ave3F,52.3,48.3,0
プレジャークルーズ,9,19,8,0.0,waku,Class,TIME,last3F,12,ave3F,54.4,54.4,0
エコロレジーナ,10,7.6,5,0.0,waku,Class,TIME,last3F,12,ave3F,48,48.8,0
クリノリアルレディ,11,223.4,11,0.0,waku,Class,TIME,last3F,12,ave3F,48.3,47.2,0
クリノゴッホ,12,3.2,2,0.0,waku,Class,TIME,last3F,12,ave3F,46,44.9,0
