﻿name,no,odds,pop_rank,power_index,place,distance,surface,pace_type,field_size,class,prev_place,prev_rank,is_chiho
スリーエクスプレス,1,4.3,2,0.0,waku,Class,TIME,last3F,16,ave3F,46.9,48.7,0
ナムアミダブツ,2,25.1,7,0.0,waku,Class,TIME,last3F,16,ave3F,51.9,50.1,0
サバンナモンキー,3,124.5,15,0.0,waku,Class,TIME,last3F,16,ave3F,41.2,42.4,0
リュードマン,4,116.9,14,0.0,waku,Class,TIME,last3F,16,ave3F,51.2,48.6,0
ローズボウル,5,15.9,6,0.0,waku,Class,TIME,last3F,16,ave3F,48.7,42.4,0
クールファイブ,6,39.7,10,0.0,waku,Class,TIME,last3F,16,ave3F,51.8,50.6,0
ヤマノマタカ,7,41,11,0.0,waku,Class,TIME,last3F,16,ave3F,43.8,50.2,0
メラーキ,8,7,5,0.0,waku,Class,TIME,last3F,16,ave3F,46.2,50.0,0
コバルトブルー,9,58.7,13,0.0,waku,Class,TIME,last3F,16,ave3F,48.4,50.6,0
ヒミノフラッシュ,10,4.1,1,0.0,waku,Class,TIME,last3F,16,ave3F,54.1,53.0,0
アイスシェルフ,11,57.7,12,0.0,waku,Class,TIME,last3F,16,ave3F,50.9,49.2,0
オヤノナナヒカリ,12,4.7,3,0.0,waku,Class,TIME,last3F,16,ave3F,46.1,47.8,0
ラブベティー,13,39.2,9,0.0,waku,Class,TIME,last3F,16,ave3F,34.2,38.9,0
ヤマニンバンタジオ,14,159.1,16,0.0,waku,Class,TIME,last3F,16,ave3F,51.5,48.6,0
コウユーパパニニテ,15,34.6,8,0.0,waku,Class,TIME,last3F,16,ave3F,47.9,48.2,0
プラチナドリーム,16,5.9,4,0.0,waku,Class,TIME,last3F,16,ave3F,50.8,48.6,0
