﻿name,no,odds,pop_rank,power_index,place,distance,surface,pace_type,field_size,class,prev_place,prev_rank,is_chiho
オウケンロジータ,1,212.1,14,0.0,waku,Class,TIME,last3F,14,ave3F,49,46.6,0
サンカルパ,2,1.9,1,0.0,waku,Class,TIME,last3F,14,ave3F,55.6,50.3,0
ラレイナ,3,26.2,7,0.0,waku,Class,TIME,last3F,14,ave3F,48.3,45.1,0
チアチアクラシカ,4,30.6,8,0.0,waku,Class,TIME,last3F,14,ave3F,61.3,59.9,0
ハッピーオーサム,5,33.6,9,0.0,waku,Class,TIME,last3F,14,ave3F,53.7,52.9,0
ロジレット,6,37.5,10,0.0,waku,Class,TIME,last3F,14,ave3F,52.9,51.6,0
エトワールマタン,7,11,3,0.0,waku,Class,TIME,last3F,14,ave3F,52,49.2,0
ヒューマンコメディ,8,15.7,5,0.0,waku,Class,TIME,last3F,14,ave3F,58.2,59.1,0
ミアマンテ,9,42.5,11,0.0,waku,Class,TIME,last3F,14,ave3F,59.9,59.9,0
シンシアウィッシュ,10,3.3,2,0.0,waku,Class,TIME,last3F,14,ave3F,58.9,59.9,0
グレースオブナイル,11,200.3,13,0.0,waku,Class,TIME,last3F,14,ave3F,51.6,49.2,0
エンジェルサークル,12,94.3,12,0.0,waku,Class,TIME,last3F,14,ave3F,55.7,49.2,0
コルベイユ,13,14.9,4,0.0,waku,Class,TIME,last3F,14,ave3F,57,57.0,0
アラビアンナイト,14,16.7,6,0.0,waku,Class,TIME,last3F,14,ave3F,59.2,57.9,0
