﻿name,no,odds,pop_rank,power_index,place,distance,surface,pace_type,field_size,class,prev_place,prev_rank,is_chiho
シエラネバダ,1,61.3,8,0.0,waku,Class,TIME,last3F,11,ave3F,56.2,54.8,0
ブルーゲート,2,6.2,4,0.0,waku,Class,TIME,last3F,11,ave3F,53.9,51.7,0
マケルナマサムネ,3,4.3,3,0.0,waku,Class,TIME,last3F,11,ave3F,52.2,51.8,0
マイネルカグラ,4,25.1,6,0.0,waku,Class,TIME,last3F,11,ave3F,47,51.8,0
ハナビマンカイ,5,73.2,9,0.0,waku,Class,TIME,last3F,11,ave3F,49.7,52.7,0
フジマサフリーダム,6,6.2,5,0.0,waku,Class,TIME,last3F,11,ave3F,55.3,54.0,0
ニジイロノコマ,7,92.4,10,0.0,waku,Class,TIME,last3F,11,ave3F,58.1,58.2,0
コントゥラット,8,3.9,2,0.0,waku,Class,TIME,last3F,11,ave3F,52.5,54.2,0
ネイチャーシップ,9,2.9,1,0.0,waku,Class,TIME,last3F,11,ave3F,50.7,49.6,0
タイセイアーサー,10,35.2,7,0.0,waku,Class,TIME,last3F,11,ave3F,53,54.9,0
ロックグラス,11,244,11,0.0,waku,Class,TIME,last3F,11,ave3F,52,54.8,0
