﻿name,no,odds,pop_rank,power_index,place,distance,surface,pace_type,field_size,class,prev_place,prev_rank,is_chiho
エイシンペトラ,1,194.9,10,0.0,waku,Class,TIME,last3F,10,ave3F,----,99.0,0
アリスヴェリテ,2,5.2,3,0.0,waku,Class,TIME,last3F,10,ave3F,52.9,52.7,0
ランスオブサウンド,3,6.2,4,0.0,waku,Class,TIME,last3F,10,ave3F,----,99.0,0
ルカン,4,3.8,2,0.0,waku,Class,TIME,last3F,10,ave3F,57.9,56.1,0
トゥーテイルズ,5,12.9,6,0.0,waku,Class,TIME,last3F,10,ave3F,51.1,49.2,0
ダークブロンド,6,32.4,8,0.0,waku,Class,TIME,last3F,10,ave3F,52.7,50.8,0
キミノナハマリア,7,3,1,0.0,waku,Class,TIME,last3F,10,ave3F,52,52.4,0
マスキュリン,8,101.5,9,0.0,waku,Class,TIME,last3F,10,ave3F,54.2,56.5,0
サーマルソアリング,9,8.2,5,0.0,waku,Class,TIME,last3F,10,ave3F,54.5,51.7,0
メテオリート,10,14.2,7,0.0,waku,Class,TIME,last3F,10,ave3F,50.4,46.5,0
