﻿name,no,odds,pop_rank,power_index,place,distance,surface,pace_type,field_size,class,prev_place,prev_rank,is_chiho
イヴィステラ,1,4.9,2,0.0,waku,Class,TIME,last3F,16,ave3F,52.3,51.7,0
ハッピープリベイル,2,47.5,9,0.0,waku,Class,TIME,last3F,16,ave3F,55.2,53.0,0
インテグリフォリア,3,13.3,6,0.0,waku,Class,TIME,last3F,16,ave3F,43.9,49.1,0
シュガービート,4,72.6,13,0.0,waku,Class,TIME,last3F,16,ave3F,----,99.0,0
ゴルトファルベン,5,18,7,0.0,waku,Class,TIME,last3F,16,ave3F,58,53.1,0
コスモノート,6,5.8,3,0.0,waku,Class,TIME,last3F,16,ave3F,59,58.0,0
ジェットグリッター,7,148.2,14,0.0,waku,Class,TIME,last3F,16,ave3F,----,99.0,0
ウインドラブリーナ,8,58.6,11,0.0,waku,Class,TIME,last3F,16,ave3F,50.4,53.1,0
ヒューミリティ,9,8.8,5,0.0,waku,Class,TIME,last3F,16,ave3F,55.5,54.8,0
ウイングスオブラヴ,10,71.3,12,0.0,waku,Class,TIME,last3F,16,ave3F,43.5,41.7,0
バレエマスター,11,5.9,4,0.0,waku,Class,TIME,last3F,16,ave3F,54.8,54.8,0
ニホンピロポート,12,19.8,8,0.0,waku,Class,TIME,last3F,16,ave3F,45.8,47.7,0
エイシンディアデム,13,404.1,16,0.0,waku,Class,TIME,last3F,16,ave3F,42.1,44.2,0
アドマイヤジェイ,14,3.2,1,0.0,waku,Class,TIME,last3F,16,ave3F,46,44.1,0
オーロアドーネ,15,48.1,10,0.0,waku,Class,TIME,last3F,16,ave3F,56,52.2,0
マイネルエール,16,175.2,15,0.0,waku,Class,TIME,last3F,16,ave3F,----,99.0,0
