﻿name,no,odds,pop_rank,power_index,place,distance,surface,pace_type,field_size,class,prev_place,prev_rank,is_chiho
ドナウエレン,1,8.5,5,0.0,waku,Class,TIME,last3F,10,ave3F,42.4,43.9,0
フォティノース,2,22.5,9,0.0,waku,Class,TIME,last3F,10,ave3F,53.2,53.3,0
メイショウハボタン,3,11.6,6,0.0,waku,Class,TIME,last3F,10,ave3F,49.4,46.0,0
ハーツラプソディ,4,5.8,3,0.0,waku,Class,TIME,last3F,10,ave3F,52.2,50.1,0
レフトゥバーズ,5,3.6,1,0.0,waku,Class,TIME,last3F,10,ave3F,58.2,52.6,0
ステルナティーア,6,6.6,4,0.0,waku,Class,TIME,last3F,10,ave3F,52.3,51.2,0
ラクスバラディー,7,14.6,8,0.0,waku,Class,TIME,last3F,10,ave3F,40.6,41.3,0
エコロデイジー,8,13.3,7,0.0,waku,Class,TIME,last3F,10,ave3F,50.5,50.1,0
オードゥメール,9,60.2,10,0.0,waku,Class,TIME,last3F,10,ave3F,49.4,47.4,0
ヒルノローザンヌ,10,3.9,2,0.0,waku,Class,TIME,last3F,10,ave3F,53.8,46.0,0
