﻿name,no,odds,pop_rank,power_index,place,distance,surface,pace_type,field_size,class,prev_place,prev_rank,is_chiho
ユイノマチブセ,1,8.8,3,0.0,waku,Class,TIME,last3F,16,ave3F,46.8,45.2,0
カレイジャス,2,403.5,16,0.0,waku,Class,TIME,last3F,16,ave3F,----,99.0,0
サイモンギフト,3,8.9,4,0.0,waku,Class,TIME,last3F,16,ave3F,38.8,39.0,0
ミルトプライム,4,9,5,0.0,waku,Class,TIME,last3F,16,ave3F,40.7,40.6,0
ハチメンロッピ,5,19,8,0.0,waku,Class,TIME,last3F,16,ave3F,52.5,49.2,0
ダンスインザリング,6,122.1,14,0.0,waku,Class,TIME,last3F,16,ave3F,39,38.1,0
ビルカール,7,99.5,13,0.0,waku,Class,TIME,last3F,16,ave3F,40.3,39.8,0
キーチキング,8,20.4,9,0.0,waku,Class,TIME,last3F,16,ave3F,46.4,46.4,0
ハードワイヤード,9,4.8,2,0.0,waku,Class,TIME,last3F,16,ave3F,----,99.0,0
テンコマンドゥール,10,128.7,15,0.0,waku,Class,TIME,last3F,16,ave3F,47.7,41.5,0
マジックタッチ,11,13.5,6,0.0,waku,Class,TIME,last3F,16,ave3F,45.7,48.3,0
アンビバレント,12,18,7,0.0,waku,Class,TIME,last3F,16,ave3F,34.8,39.1,0
スズカコーズ,13,2.7,1,0.0,waku,Class,TIME,last3F,16,ave3F,43,38.1,0
トロピカルヒーロー,14,32.3,11,0.0,waku,Class,TIME,last3F,16,ave3F,48.6,48.3,0
グッドロマンス,15,24.7,10,0.0,waku,Class,TIME,last3F,16,ave3F,48.7,48.7,0
ベアカワイコチャン,16,95.2,12,0.0,waku,Class,TIME,last3F,16,ave3F,35.7,35.2,0
