﻿name,no,odds,pop_rank,power_index,place,distance,surface,pace_type,field_size,class,prev_place,prev_rank,is_chiho
コイニオチテ,1,63.4,13,0.0,waku,Class,TIME,last3F,15,ave3F,51.4,46.9,0
ビリーズバウンス,2,5.5,2,0.0,waku,Class,TIME,last3F,15,ave3F,40.8,40.8,0
ロードドミニオン,3,29.5,9,0.0,waku,Class,TIME,last3F,15,ave3F,48.9,45.9,0
ルールシェーバー,4,8.7,3,0.0,waku,Class,TIME,last3F,15,ave3F,44.1,40.5,0
スズジャッカル,5,53.9,12,0.0,waku,Class,TIME,last3F,15,ave3F,----,99.0,0
エバニスタ,6,12.6,4,0.0,waku,Class,TIME,last3F,15,ave3F,47.7,46.6,0
イチローイチロー,7,18.3,8,0.0,waku,Class,TIME,last3F,15,ave3F,----,99.0,0
クアトロフォンテ,8,16.2,7,0.0,waku,Class,TIME,last3F,15,ave3F,41,43.6,0
ルワンジュ,9,14.5,5,0.0,waku,Class,TIME,last3F,15,ave3F,47.3,44.9,0
ワセダタンク,10,2,1,0.0,waku,Class,TIME,last3F,15,ave3F,47.9,45.5,0
パレドジュスティス,11,104.8,14,0.0,waku,Class,TIME,last3F,15,ave3F,43.6,40.9,0
クリノアンビシャス,12,46.2,11,0.0,waku,Class,TIME,last3F,15,ave3F,47.3,40.5,0
ヴェラート,13,413.2,15,0.0,waku,Class,TIME,last3F,15,ave3F,43.6,45.8,0
スマイルバック,14,33.8,10,0.0,waku,Class,TIME,last3F,15,ave3F,43.2,42.1,0
トモジャアルマンド,15,15.1,6,0.0,waku,Class,TIME,last3F,15,ave3F,40.7,42.9,0
