﻿name,no,odds,pop_rank,power_index,place,distance,surface,pace_type,field_size,class,prev_place,prev_rank,is_chiho
ロードカテドラル,1,4.2,3,0.0,waku,Class,TIME,last3F,13,ave3F,53,39.6,0
ラキャラントシス,2,63.5,10,0.0,waku,Class,TIME,last3F,13,ave3F,44.5,45.6,0
タケルジャック,3,77.8,11,0.0,waku,Class,TIME,last3F,13,ave3F,57.2,54.0,0
マイネルダグラス,4,26.5,8,0.0,waku,Class,TIME,last3F,13,ave3F,52,54.0,0
セイウンパワフル,5,367.6,13,0.0,waku,Class,TIME,last3F,13,ave3F,48,52.9,0
アルママ,6,14.6,7,0.0,waku,Class,TIME,last3F,13,ave3F,53.5,54.1,0
ジッピーレーサー,7,93,12,0.0,waku,Class,TIME,last3F,13,ave3F,53.9,54.0,0
レーヴドゥラプレリ,8,14.1,6,0.0,waku,Class,TIME,last3F,13,ave3F,54.9,52.9,0
ヴィクトゥーラ,9,9,4,0.0,waku,Class,TIME,last3F,13,ave3F,56.1,50.3,0
トゥデイイズザデイ,10,3.3,1,0.0,waku,Class,TIME,last3F,13,ave3F,56.5,50.9,0
ティーガーデン,11,3.7,2,0.0,waku,Class,TIME,last3F,13,ave3F,56.9,54.1,0
ニシノレバンテ,12,27.3,9,0.0,waku,Class,TIME,last3F,13,ave3F,50.2,49.1,0
コミカライズ,13,12,5,0.0,waku,Class,TIME,last3F,13,ave3F,54.6,49.1,0
