﻿name,no,odds,pop_rank,power_index,place,distance,surface,pace_type,field_size,class,prev_place,prev_rank,is_chiho
ゴーシェナイト,1,8.5,3,0.0,waku,Class,TIME,last3F,16,ave3F,56.6,59.9,0
ルレーヴドゥリリ,2,310.1,15,0.0,waku,Class,TIME,last3F,16,ave3F,----,99.0,0
テイエムダイアタリ,3,414.8,16,0.0,waku,Class,TIME,last3F,16,ave3F,48.5,47.9,0
トーセンクライスト,4,8.9,5,0.0,waku,Class,TIME,last3F,16,ave3F,53.9,52.3,0
ウッドショック,5,198.5,13,0.0,waku,Class,TIME,last3F,16,ave3F,55.3,57.0,0
ヴォーグマチネ,6,258.7,14,0.0,waku,Class,TIME,last3F,16,ave3F,48.8,47.2,0
アコークロー,7,13.5,6,0.0,waku,Class,TIME,last3F,16,ave3F,45.8,46.1,0
ウインアラジン,8,5.6,2,0.0,waku,Class,TIME,last3F,16,ave3F,49.8,49.5,0
アンノウンウォリア,9,77.9,12,0.0,waku,Class,TIME,last3F,16,ave3F,50.7,51.6,0
クロスザルビコン,10,8.8,4,0.0,waku,Class,TIME,last3F,16,ave3F,46.6,46.1,0
セイハロートゥユー,11,58.1,11,0.0,waku,Class,TIME,last3F,16,ave3F,46.1,45.6,0
フクノエヴリー,12,13.6,7,0.0,waku,Class,TIME,last3F,16,ave3F,46.9,48.7,0
グリューヴルム,13,2.2,1,0.0,waku,Class,TIME,last3F,16,ave3F,49.9,48.6,0
デリシュレーヌ,14,37.1,9,0.0,waku,Class,TIME,last3F,16,ave3F,49.2,45.0,0
インペリアルライン,15,23.8,8,0.0,waku,Class,TIME,last3F,16,ave3F,47.8,48.3,0
ノクターナリティ,16,55.5,10,0.0,waku,Class,TIME,last3F,16,ave3F,49.5,50.6,0
