﻿name,no,odds,pop_rank,power_index,place,distance,surface,pace_type,field_size,class,prev_place,prev_rank,is_chiho
トーアエレクトロン,1,57.6,13,0.0,waku,Class,TIME,last3F,16,ave3F,43.7,50.6,0
ドゥーベ,2,23.7,6,0.0,waku,Class,TIME,last3F,16,ave3F,51.4,48.6,0
モナルヒ,3,38.1,10,0.0,waku,Class,TIME,last3F,16,ave3F,42.5,41.6,0
フェイマスダンディ,4,214.9,16,0.0,waku,Class,TIME,last3F,16,ave3F,51.3,44.0,0
スラップショット,5,123.9,14,0.0,waku,Class,TIME,last3F,16,ave3F,36.1,37.8,0
サクセスローレル,6,2.6,1,0.0,waku,Class,TIME,last3F,16,ave3F,44.9,49.2,0
ウラヤ,7,4.9,3,0.0,waku,Class,TIME,last3F,16,ave3F,45.9,41.6,0
スプラウティング,8,4.8,2,0.0,waku,Class,TIME,last3F,16,ave3F,40.4,40.6,0
サウンドサンビーム,9,10.9,5,0.0,waku,Class,TIME,last3F,16,ave3F,53.9,48.3,0
マイトレジャーフジ,10,129.2,15,0.0,waku,Class,TIME,last3F,16,ave3F,55.6,51.2,0
アラモードバイオ,11,40.6,11,0.0,waku,Class,TIME,last3F,16,ave3F,50,45.8,0
ワーズワース,12,9.1,4,0.0,waku,Class,TIME,last3F,16,ave3F,53.9,51.8,0
オンザダブル,13,24,7,0.0,waku,Class,TIME,last3F,16,ave3F,46.2,46.1,0
バクシン,14,46.7,12,0.0,waku,Class,TIME,last3F,16,ave3F,44.5,44.4,0
ミセスバローズ,15,25.4,8,0.0,waku,Class,TIME,last3F,16,ave3F,44.6,38.0,0
ラキ,16,30.1,9,0.0,waku,Class,TIME,last3F,16,ave3F,44.2,40.0,0
