﻿name,no,odds,pop_rank,power_index,place,distance,surface,pace_type,field_size,class,prev_place,prev_rank,is_chiho
ペインティトブルー,1,81.8,8,0.0,waku,Class,TIME,last3F,11,ave3F,44,43.9,0
ヴォーノハート,2,39.1,7,0.0,waku,Class,TIME,last3F,11,ave3F,50.2,50.5,0
スムースベルベット,3,6.3,3,0.0,waku,Class,TIME,last3F,11,ave3F,53.3,55.0,0
スングリダンダン,4,116.1,9,0.0,waku,Class,TIME,last3F,11,ave3F,41.7,39.6,0
コーヒーカフェ,5,163.7,10,0.0,waku,Class,TIME,last3F,11,ave3F,51.7,50.9,0
アンビバレント,6,14.2,5,0.0,waku,Class,TIME,last3F,11,ave3F,40.5,40.5,0
クリノゴッホ,7,4.3,2,0.0,waku,Class,TIME,last3F,11,ave3F,51.5,48.8,0
トゥインクルナイト,8,250.7,11,0.0,waku,Class,TIME,last3F,11,ave3F,----,99.0,0
アンタノバラード,9,1.6,1,0.0,waku,Class,TIME,last3F,11,ave3F,51.3,45.4,0
シルヴァーゴースト,10,11.3,4,0.0,waku,Class,TIME,last3F,11,ave3F,49.2,45.4,0
リーリオブランコ,11,20.6,6,0.0,waku,Class,TIME,last3F,11,ave3F,52.3,51.0,0
