﻿name,no,odds,pop_rank,power_index,place,distance,surface,pace_type,field_size,class,prev_place,prev_rank,is_chiho
イティネラートル,1,22.6,10,0.0,waku,Class,TIME,last3F,18,ave3F,56,56.0,0
イコノスタシス,2,14.9,8,0.0,waku,Class,TIME,last3F,18,ave3F,52,52.0,0
ニシノトキメキ,3,142.5,15,0.0,waku,Class,TIME,last3F,18,ave3F,47.4,44.6,0
ジョリダム,4,87.1,14,0.0,waku,Class,TIME,last3F,18,ave3F,----,99.0,0
トウシンカーリン,5,202.6,17,0.0,waku,Class,TIME,last3F,18,ave3F,49.1,47.2,0
リバーラ,6,6,3,0.0,waku,Class,TIME,last3F,18,ave3F,49.2,49.2,0
ポリーフォリア,7,8,5,0.0,waku,Class,TIME,last3F,18,ave3F,52.7,52.7,0
エコロアイ,8,199.3,16,0.0,waku,Class,TIME,last3F,18,ave3F,----,99.0,0
ジューンオレンジ,9,27.6,11,0.0,waku,Class,TIME,last3F,18,ave3F,47.4,44.6,0
トラベログ,10,13,6,0.0,waku,Class,TIME,last3F,18,ave3F,46.9,45.3,0
ルーフ,11,7.4,4,0.0,waku,Class,TIME,last3F,18,ave3F,56.2,56.2,0
シングザットソング,12,4.8,2,0.0,waku,Class,TIME,last3F,18,ave3F,58.1,53.8,0
ブトンドール,13,4.8,1,0.0,waku,Class,TIME,last3F,18,ave3F,53.7,49.2,0
サラサハウプリティ,14,18.4,9,0.0,waku,Class,TIME,last3F,18,ave3F,52,49.2,0
ムーンプローブ,15,14.8,7,0.0,waku,Class,TIME,last3F,18,ave3F,54.8,53.8,0
マルモリディライト,16,467.8,18,0.0,waku,Class,TIME,last3F,18,ave3F,54.8,56.1,0
プウスカンドゥール,17,55.3,12,0.0,waku,Class,TIME,last3F,18,ave3F,53.4,48.4,0
ランフリーバンクス,18,55.5,13,0.0,waku,Class,TIME,last3F,18,ave3F,54.4,53.8,0
