﻿name,no,odds,pop_rank,power_index,place,distance,surface,pace_type,field_size,class,prev_place,prev_rank,is_chiho
マインインパクト,1,170.7,8,0.0,waku,Class,TIME,last3F,9,ave3F,44.3,43.9,0
カミーロ,2,9.8,4,0.0,waku,Class,TIME,last3F,9,ave3F,46.6,41.2,0
グランテスト,3,1.5,1,0.0,waku,Class,TIME,last3F,9,ave3F,53.8,51.4,0
ヴェンチュラムーン,4,14.4,5,0.0,waku,Class,TIME,last3F,9,ave3F,50.9,45.8,0
ネイキッド,5,27.1,6,0.0,waku,Class,TIME,last3F,9,ave3F,44.2,43.8,0
カンチェンジュンガ,6,9.7,3,0.0,waku,Class,TIME,last3F,9,ave3F,46.9,45.2,0
アパラージタ,7,454,9,0.0,waku,Class,TIME,last3F,9,ave3F,46.9,41.7,0
カワキタマックス,8,56.3,7,0.0,waku,Class,TIME,last3F,9,ave3F,53.1,53.1,0
スリーアイランド,9,3.5,2,0.0,waku,Class,TIME,last3F,9,ave3F,49.1,49.1,0
