﻿name,no,odds,pop_rank,power_index,place,distance,surface,pace_type,field_size,class,prev_place,prev_rank,is_chiho
テンカハル,1,3,2,0.0,waku,Class,TIME,last3F,15,ave3F,65,63.0,0
モズマゾク,2,147.9,13,0.0,waku,Class,TIME,last3F,15,ave3F,51.6,49.3,0
リバプールタウン,3,40.5,8,0.0,waku,Class,TIME,last3F,15,ave3F,48.2,48.5,0
ハイエンド,4,2.5,1,0.0,waku,Class,TIME,last3F,15,ave3F,48.2,48.2,0
コスモセイリュウ,5,303.4,15,0.0,waku,Class,TIME,last3F,15,ave3F,43.8,44.2,0
ロッキーサンダー,6,38.6,7,0.0,waku,Class,TIME,last3F,15,ave3F,54.2,49.7,0
ケイアイシェルビー,7,6.7,3,0.0,waku,Class,TIME,last3F,15,ave3F,49.7,48.6,0
トモジャリア,8,63.7,11,0.0,waku,Class,TIME,last3F,15,ave3F,44.7,49.9,0
サンライズシェリー,9,164.8,14,0.0,waku,Class,TIME,last3F,15,ave3F,46.9,48.7,0
ジューンアマデウス,10,7.1,4,0.0,waku,Class,TIME,last3F,15,ave3F,46.8,44.7,0
シルバーエース,11,41.7,9,0.0,waku,Class,TIME,last3F,15,ave3F,44.7,44.7,0
カネコメノボル,12,79.5,12,0.0,waku,Class,TIME,last3F,15,ave3F,49.1,48.3,0
クロニクル,13,16.8,5,0.0,waku,Class,TIME,last3F,15,ave3F,43.8,47.0,0
ゲンパチハマジ,14,21,6,0.0,waku,Class,TIME,last3F,15,ave3F,56.8,56.0,0
ショウナンアーチー,15,44.4,10,0.0,waku,Class,TIME,last3F,15,ave3F,45.2,49.4,0
