﻿name,no,odds,pop_rank,power_index,place,distance,surface,pace_type,field_size,class,prev_place,prev_rank,is_chiho
プライドランド,1,13.8,7,0.0,waku,Class,TIME,last3F,16,ave3F,57.1,57.9,0
シャイニーロック,2,8.3,6,0.0,waku,Class,TIME,last3F,16,ave3F,55.7,55.7,0
スーパーフェザー,3,106.2,14,0.0,waku,Class,TIME,last3F,16,ave3F,58.4,57.9,0
ジェットモーション,4,26.1,9,0.0,waku,Class,TIME,last3F,16,ave3F,48.7,50.5,0
オウケンムーン,5,116.5,15,0.0,waku,Class,TIME,last3F,16,ave3F,52.4,50.5,0
ワールドバローズ,6,6.7,4,0.0,waku,Class,TIME,last3F,16,ave3F,53.8,53.0,0
シュヴァリエローズ,7,7.6,5,0.0,waku,Class,TIME,last3F,16,ave3F,59.7,55.7,0
ラセット,8,44.8,10,0.0,waku,Class,TIME,last3F,16,ave3F,59.3,55.7,0
エアファンディタ,9,3.6,1,0.0,waku,Class,TIME,last3F,16,ave3F,60.2,57.9,0
フライライクバード,10,6.4,3,0.0,waku,Class,TIME,last3F,16,ave3F,56.9,56.8,0
エルプシャフト,11,128.3,16,0.0,waku,Class,TIME,last3F,16,ave3F,----,99.0,0
プレシャスブルー,12,88.9,13,0.0,waku,Class,TIME,last3F,16,ave3F,59.4,55.1,0
プリンスリターン,13,6.1,2,0.0,waku,Class,TIME,last3F,16,ave3F,54.6,50.8,0
ニホンピロスクーロ,14,54.5,11,0.0,waku,Class,TIME,last3F,16,ave3F,45.8,47.0,0
ダブルシャープ,15,57.9,12,0.0,waku,Class,TIME,last3F,16,ave3F,53,53.0,0
スカーフェイス,16,18.4,8,0.0,waku,Class,TIME,last3F,16,ave3F,54.8,50.6,0
