﻿name,no,odds,pop_rank,power_index,place,distance,surface,pace_type,field_size,class,prev_place,prev_rank,is_chiho
ストロングウィル,1,3.8,2,0.0,waku,Class,TIME,last3F,12,ave3F,55.6,50.3,0
マテンロウスカイ,2,7.9,3,0.0,waku,Class,TIME,last3F,12,ave3F,47.3,52.5,0
ダッチマン,3,365.1,11,0.0,waku,Class,TIME,last3F,12,ave3F,45.9,48.5,0
プラチナトレジャー,4,82,9,0.0,waku,Class,TIME,last3F,12,ave3F,54.3,53.1,0
エイカイステラ,5,23.6,7,0.0,waku,Class,TIME,last3F,12,ave3F,56.9,50.7,0
オールイズウェル,6,23.4,6,0.0,waku,Class,TIME,last3F,12,ave3F,48.5,46.4,0
ギャラントウォリア,7,取消し,,0.0,waku,Class,TIME,last3F,12,ave3F,52.3,54.7,0
アステロイドベルト,8,82.1,10,0.0,waku,Class,TIME,last3F,12,ave3F,53,49.6,0
シンボ,9,11.9,5,0.0,waku,Class,TIME,last3F,12,ave3F,51.4,45.3,0
パラレルヴィジョン,10,1.9,1,0.0,waku,Class,TIME,last3F,12,ave3F,61.9,61.9,0
アサヒ,11,28.1,8,0.0,waku,Class,TIME,last3F,12,ave3F,52,51.9,0
メモリーレゾン,12,8.4,4,0.0,waku,Class,TIME,last3F,12,ave3F,55.4,53.2,0
