﻿name,no,odds,pop_rank,power_index,place,distance,surface,pace_type,field_size,class,prev_place,prev_rank,is_chiho
グランスラムアスク,1,19.5,7,0.0,waku,Class,TIME,last3F,10,ave3F,52.4,52.1,0
ビルボードクィーン,2,182.1,10,0.0,waku,Class,TIME,last3F,10,ave3F,----,99.0,0
プレミアムスマイル,3,14.7,6,0.0,waku,Class,TIME,last3F,10,ave3F,45,46.4,0
ベリーヴィーナス,4,6.2,5,0.0,waku,Class,TIME,last3F,10,ave3F,60.3,58.3,0
カンティプール,5,5.2,4,0.0,waku,Class,TIME,last3F,10,ave3F,58.1,57.3,0
モカフラワー,6,3.1,1,0.0,waku,Class,TIME,last3F,10,ave3F,54.9,52.4,0
アトミカ,7,36.1,8,0.0,waku,Class,TIME,last3F,10,ave3F,56.4,57.6,0
ジュリアバローズ,8,4.6,2,0.0,waku,Class,TIME,last3F,10,ave3F,58.7,53.3,0
ウインミニヨン,9,70.4,9,0.0,waku,Class,TIME,last3F,10,ave3F,54.8,56.2,0
ゴールドエクリプス,10,4.9,3,0.0,waku,Class,TIME,last3F,10,ave3F,51.4,50.1,0
