﻿name,no,odds,pop_rank,power_index,place,distance,surface,pace_type,field_size,class,prev_place,prev_rank,is_chiho
グラヴィル,1,11.7,6,0.0,waku,Class,TIME,last3F,16,ave3F,52.4,50.7,0
ルヴァンノワール,2,177.5,16,0.0,waku,Class,TIME,last3F,16,ave3F,55.1,51.5,0
キトゥンズマーチ,3,74.4,13,0.0,waku,Class,TIME,last3F,16,ave3F,41.1,49.2,0
フラリオナ,4,19.5,10,0.0,waku,Class,TIME,last3F,16,ave3F,64.4,52.7,0
ニューノーマル,5,15,8,0.0,waku,Class,TIME,last3F,16,ave3F,42.7,47.8,0
ダイシンビヨンド,6,4.2,1,0.0,waku,Class,TIME,last3F,16,ave3F,50.1,48.6,0
ロゼクラン,7,8.3,4,0.0,waku,Class,TIME,last3F,16,ave3F,55.6,54.0,0
ユヌエトワール,8,8.8,5,0.0,waku,Class,TIME,last3F,16,ave3F,58.5,54.8,0
ナックフローラ,9,130.2,14,0.0,waku,Class,TIME,last3F,16,ave3F,50.8,51.5,0
レディズビーク,10,29.2,11,0.0,waku,Class,TIME,last3F,16,ave3F,55.7,51.5,0
ファムスパーブ,11,52,12,0.0,waku,Class,TIME,last3F,16,ave3F,----,99.0,0
アンジェリーナ,12,16.7,9,0.0,waku,Class,TIME,last3F,16,ave3F,----,51.2,0
ダノンソフィア,13,4.9,2,0.0,waku,Class,TIME,last3F,16,ave3F,55.5,57.4,0
メロウヴォイス,14,171.1,15,0.0,waku,Class,TIME,last3F,16,ave3F,54.7,55.6,0
インザオベーション,15,6.1,3,0.0,waku,Class,TIME,last3F,16,ave3F,54.7,54.4,0
ショウナンナダル,16,13.8,7,0.0,waku,Class,TIME,last3F,16,ave3F,52,53.6,0
