﻿name,no,odds,pop_rank,power_index,place,distance,surface,pace_type,field_size,class,prev_place,prev_rank,is_chiho
アラゴナイト,1,17.6,9,0.0,waku,Class,TIME,last3F,16,ave3F,47.7,46.6,0
オレデイイノカ,2,3.4,1,0.0,waku,Class,TIME,last3F,16,ave3F,49.9,50.5,0
コスモコラッジョ,3,9.1,4,0.0,waku,Class,TIME,last3F,16,ave3F,49.2,50.8,0
スウェアー,4,179.8,14,0.0,waku,Class,TIME,last3F,16,ave3F,51.1,53.6,0
デルマタモン,5,17.5,8,0.0,waku,Class,TIME,last3F,16,ave3F,48.7,45.8,0
トロワシャルム,6,50.1,13,0.0,waku,Class,TIME,last3F,16,ave3F,58.8,59.6,0
オメガロマンス,7,36.7,11,0.0,waku,Class,TIME,last3F,16,ave3F,57.8,54.1,0
シンヨモギネス,8,6.2,3,0.0,waku,Class,TIME,last3F,16,ave3F,47.3,46.2,0
サトノアレックス,9,17.2,7,0.0,waku,Class,TIME,last3F,16,ave3F,49.9,48.3,0
カランセ,10,29.5,10,0.0,waku,Class,TIME,last3F,16,ave3F,50.4,49.2,0
クリーンドリーム,11,14.5,5,0.0,waku,Class,TIME,last3F,16,ave3F,49.6,50.1,0
パワーブローキング,12,3.6,2,0.0,waku,Class,TIME,last3F,16,ave3F,56.4,58.3,0
キョウエイパラスト,13,439.8,16,0.0,waku,Class,TIME,last3F,16,ave3F,53.4,56.0,0
マイネルイリャルギ,14,210.3,15,0.0,waku,Class,TIME,last3F,16,ave3F,45.7,50.8,0
フリーフロー,15,45.7,12,0.0,waku,Class,TIME,last3F,16,ave3F,51.6,50.1,0
サラフィエル,16,16.3,6,0.0,waku,Class,TIME,last3F,16,ave3F,51.4,49.3,0
