﻿name,no,odds,pop_rank,power_index,place,distance,surface,pace_type,field_size,class,prev_place,prev_rank,is_chiho
ベルウッドミカサ,1,438.5,10,0.0,waku,Class,TIME,last3F,11,ave3F,45.1,46.7,0
ゴールドレコーダー,2,88.1,8,0.0,waku,Class,TIME,last3F,11,ave3F,51.4,49.7,0
ヒメナデシコ,3,32.9,7,0.0,waku,Class,TIME,last3F,11,ave3F,61,57.9,0
ボーンイングランデ,4,15.5,4,0.0,waku,Class,TIME,last3F,11,ave3F,56.8,55.9,0
メイテソーロ,5,3.4,3,0.0,waku,Class,TIME,last3F,11,ave3F,56.7,55.1,0
ピクシレーション,6,2.3,1,0.0,waku,Class,TIME,last3F,11,ave3F,----,99.0,0
マイネルカンパーナ,7,90.1,9,0.0,waku,Class,TIME,last3F,11,ave3F,51.8,50.5,0
マイネルビジョン,8,16.4,5,0.0,waku,Class,TIME,last3F,11,ave3F,47.8,51.7,0
ロードプレイヤー,9,3.3,2,0.0,waku,Class,TIME,last3F,11,ave3F,54.9,51.8,0
マジカルワード,10,16.5,6,0.0,waku,Class,TIME,last3F,11,ave3F,60.9,60.9,0
シャイニーゼネラル,11,478.4,11,0.0,waku,Class,TIME,last3F,11,ave3F,48.1,50.4,0
