﻿name,no,odds,pop_rank,power_index,place,distance,surface,pace_type,field_size,class,prev_place,prev_rank,is_chiho
ダイメイコリーダ,1,305.9,16,0.0,waku,Class,TIME,last3F,16,ave3F,46.4,53.6,0
レッドジェニアル,2,234.5,14,0.0,waku,Class,TIME,last3F,16,ave3F,48.2,50.6,0
タイセイサムソン,3,5.9,4,0.0,waku,Class,TIME,last3F,16,ave3F,49.7,48.7,0
ホウオウトゥルース,4,113.9,12,0.0,waku,Class,TIME,last3F,16,ave3F,54.7,48.7,0
キタノリューオー,5,38.6,9,0.0,waku,Class,TIME,last3F,16,ave3F,49.6,46.5,0
シークレットラン,6,43.6,10,0.0,waku,Class,TIME,last3F,16,ave3F,51.8,50.2,0
パトリック,7,170.9,13,0.0,waku,Class,TIME,last3F,16,ave3F,53.1,49.4,0
レッドヴェイロン,8,86.1,11,0.0,waku,Class,TIME,last3F,16,ave3F,52.9,51.7,0
ヴァルツァーシャル,9,2.6,1,0.0,waku,Class,TIME,last3F,16,ave3F,55.2,49.3,0
サンダーブリッツ,10,17.8,7,0.0,waku,Class,TIME,last3F,16,ave3F,48,47.6,0
フィロロッソ,11,4.3,2,0.0,waku,Class,TIME,last3F,16,ave3F,48.7,46.3,0
エマージングロール,12,29.3,8,0.0,waku,Class,TIME,last3F,16,ave3F,50.9,51.8,0
ホウオウルバン,13,5.4,3,0.0,waku,Class,TIME,last3F,16,ave3F,46.7,47.6,0
ロードエクレール,14,15.9,5,0.0,waku,Class,TIME,last3F,16,ave3F,49.5,51.2,0
キョウヘイ,15,261.9,15,0.0,waku,Class,TIME,last3F,16,ave3F,52.6,51.7,0
ノーブルシルエット,16,17.4,6,0.0,waku,Class,TIME,last3F,16,ave3F,48.8,51.7,0
