﻿name,no,odds,pop_rank,power_index,place,distance,surface,pace_type,field_size,class,prev_place,prev_rank,is_chiho
キミコソシャチョウ,1,24.1,7,0.0,waku,Class,TIME,last3F,12,ave3F,44.5,45.9,0
タイスケフェイス,2,41.8,8,0.0,waku,Class,TIME,last3F,12,ave3F,48.5,45.9,0
プリモスペランツァ,3,4.2,3,0.0,waku,Class,TIME,last3F,12,ave3F,52.8,52.5,0
ブルレスカ,4,88,9,0.0,waku,Class,TIME,last3F,12,ave3F,50.3,46.4,0
キゾク,5,110.3,12,0.0,waku,Class,TIME,last3F,12,ave3F,55.1,58.3,0
アンクラウデッド,6,12,5,0.0,waku,Class,TIME,last3F,12,ave3F,48.7,50.1,0
スーパーチーフ,7,3.8,2,0.0,waku,Class,TIME,last3F,12,ave3F,46.3,48.6,0
アシタガアルサ,8,90.4,10,0.0,waku,Class,TIME,last3F,12,ave3F,46.6,42.4,0
セブンスレター,9,11.5,4,0.0,waku,Class,TIME,last3F,12,ave3F,45.9,48.2,0
オブジェダート,10,2.4,1,0.0,waku,Class,TIME,last3F,12,ave3F,51.9,51.9,0
イルミネーター,11,98.4,11,0.0,waku,Class,TIME,last3F,12,ave3F,52.8,50.0,0
アドマイヤベネラ,12,14.9,6,0.0,waku,Class,TIME,last3F,12,ave3F,40.8,48.2,0
