﻿name,no,odds,pop_rank,power_index,place,distance,surface,pace_type,field_size,class,prev_place,prev_rank,is_chiho
リズムオブザナイト,1,69.3,14,0.0,waku,Class,TIME,last3F,15,ave3F,44.4,50.5,0
スウェアー,2,131.8,15,0.0,waku,Class,TIME,last3F,15,ave3F,48,55.9,0
イエローウィン,3,29.8,11,0.0,waku,Class,TIME,last3F,15,ave3F,50.6,50.5,0
スピードソルジャー,4,21.9,8,0.0,waku,Class,TIME,last3F,15,ave3F,47.4,50.5,0
リアルシング,5,7.6,4,0.0,waku,Class,TIME,last3F,15,ave3F,47.2,46.2,0
サトノスライヴ,6,9.8,5,0.0,waku,Class,TIME,last3F,15,ave3F,53,50.9,0
ウインジョイフル,7,13.5,7,0.0,waku,Class,TIME,last3F,15,ave3F,50.9,49.2,0
レオカクテル,8,45,13,0.0,waku,Class,TIME,last3F,15,ave3F,42.3,45.6,0
デルマタモン,9,32.7,12,0.0,waku,Class,TIME,last3F,15,ave3F,47.7,45.1,0
クインズミモザ,10,13.3,6,0.0,waku,Class,TIME,last3F,15,ave3F,49.9,49.0,0
スイートフィル,11,23.2,10,0.0,waku,Class,TIME,last3F,15,ave3F,47.5,45.5,0
スノーグレース,12,4.4,2,0.0,waku,Class,TIME,last3F,15,ave3F,56.9,52.2,0
フリーフロー,13,22.2,9,0.0,waku,Class,TIME,last3F,15,ave3F,50.9,46.3,0
ヨンク,14,4.4,1,0.0,waku,Class,TIME,last3F,15,ave3F,52.4,50.3,0
アラゴナイト,15,5.6,3,0.0,waku,Class,TIME,last3F,15,ave3F,51.8,50.3,0
