﻿name,no,odds,pop_rank,power_index,place,distance,surface,pace_type,field_size,class,prev_place,prev_rank,is_chiho
サンライズロナウド,1,18.3,6,0.0,waku,Class,TIME,last3F,10,ave3F,32.6,39.6,0
クリオミニーズ,2,6.9,4,0.0,waku,Class,TIME,last3F,10,ave3F,----,99.0,0
ヒルノアントラ,3,7.9,5,0.0,waku,Class,TIME,last3F,10,ave3F,58.3,54.8,0
コスモミローディア,4,41.9,7,0.0,waku,Class,TIME,last3F,10,ave3F,47.7,49.3,0
タンジェリンムーン,5,3.8,2,0.0,waku,Class,TIME,last3F,10,ave3F,53.6,54.7,0
エボカシオン,6,59.4,8,0.0,waku,Class,TIME,last3F,10,ave3F,50.3,56.3,0
ヒナノコバン,7,167.4,10,0.0,waku,Class,TIME,last3F,10,ave3F,53.4,54.9,0
ゾロ,8,101,9,0.0,waku,Class,TIME,last3F,10,ave3F,59.6,46.3,0
セルケト,9,4.8,3,0.0,waku,Class,TIME,last3F,10,ave3F,57.5,55.3,0
ダノンジャッカル,10,2.4,1,0.0,waku,Class,TIME,last3F,10,ave3F,52.9,51.0,0
