﻿name,no,odds,pop_rank,power_index,place,distance,surface,pace_type,field_size,class,prev_place,prev_rank,is_chiho
スマートフォルス,1,5.8,2,0.0,waku,Class,TIME,last3F,16,ave3F,42.1,42.3,0
パラシュラーマ,2,9.2,3,0.0,waku,Class,TIME,last3F,16,ave3F,44.9,43.9,0
ハンベルジャイト,3,17.9,8,0.0,waku,Class,TIME,last3F,16,ave3F,54.7,51.7,0
モズアカボス,4,77.4,12,0.0,waku,Class,TIME,last3F,16,ave3F,44.2,42.9,0
クリダーム,5,43.4,10,0.0,waku,Class,TIME,last3F,16,ave3F,41.7,45.1,0
ユメハハテシナク,6,111.4,13,0.0,waku,Class,TIME,last3F,16,ave3F,44.8,49.1,0
キョウエイゲイル,7,9.9,4,0.0,waku,Class,TIME,last3F,16,ave3F,46.5,45.3,0
グレートサンドシー,8,2,1,0.0,waku,Class,TIME,last3F,16,ave3F,51.2,50.2,0
スナイチゴールド,9,254.4,16,0.0,waku,Class,TIME,last3F,16,ave3F,50.5,50.5,0
ラッキーストーリー,10,240.6,14,0.0,waku,Class,TIME,last3F,16,ave3F,----,99.0,0
ニシノカシミヤ,11,18.5,9,0.0,waku,Class,TIME,last3F,16,ave3F,42.7,42.3,0
マルカラピッド,12,14.4,6,0.0,waku,Class,TIME,last3F,16,ave3F,----,99.0,0
マニバドラ,13,14,5,0.0,waku,Class,TIME,last3F,16,ave3F,42.3,44.0,0
オバケノキンタ,14,251.8,15,0.0,waku,Class,TIME,last3F,16,ave3F,42.8,44.1,0
ミルトハンター,15,16.1,7,0.0,waku,Class,TIME,last3F,16,ave3F,52.3,51.2,0
エレガントムーン,16,44.9,11,0.0,waku,Class,TIME,last3F,16,ave3F,43.1,41.0,0
