﻿name,no,odds,pop_rank,power_index,place,distance,surface,pace_type,field_size,class,prev_place,prev_rank,is_chiho
セイイーグル,1,50.5,4,0.0,waku,Class,TIME,last3F,9,ave3F,46.2,46.3,0
ケルンキングダム,2,57.4,5,0.0,waku,Class,TIME,last3F,9,ave3F,53.2,53.5,0
ベルウッドブラボー,3,11.1,2,0.0,waku,Class,TIME,last3F,9,ave3F,52.9,48.9,0
ダノンティンパニー,4,1.1,1,0.0,waku,Class,TIME,last3F,9,ave3F,55.9,53.5,0
メイショウフォイル,5,165.1,8,0.0,waku,Class,TIME,last3F,9,ave3F,45,44.3,0
サウンドブライアン,6,146.8,7,0.0,waku,Class,TIME,last3F,9,ave3F,51.1,45.6,0
テリーヌ,7,78.9,6,0.0,waku,Class,TIME,last3F,9,ave3F,51.4,50.1,0
タマモダイジョッキ,8,11.7,3,0.0,waku,Class,TIME,last3F,9,ave3F,48.1,44.1,0
ドゥリトル,9,187.5,9,0.0,waku,Class,TIME,last3F,9,ave3F,54.1,56.5,0
