﻿name,no,odds,pop_rank,power_index,place,distance,surface,pace_type,field_size,class,prev_place,prev_rank,is_chiho
シュピカ,1,12.9,7,0.0,waku,Class,TIME,last3F,9,ave3F,48.7,50.0,0
マテンロウアイ,2,3.1,1,0.0,waku,Class,TIME,last3F,9,ave3F,48.9,40.9,0
エグモント,3,4.5,3,0.0,waku,Class,TIME,last3F,9,ave3F,51.4,50.7,0
スマートオリーブ,4,9.4,4,0.0,waku,Class,TIME,last3F,9,ave3F,40.9,38.9,0
ロイヤルソウル,5,12.6,6,0.0,waku,Class,TIME,last3F,9,ave3F,48.1,48.4,0
サウザンドスマイル,6,3.3,2,0.0,waku,Class,TIME,last3F,9,ave3F,52.6,49.0,0
セレッソフレイム,7,129.7,9,0.0,waku,Class,TIME,last3F,9,ave3F,45.7,43.9,0
エスグラシア,8,10.8,5,0.0,waku,Class,TIME,last3F,9,ave3F,----,99.0,0
トゥーレツリー,9,19.8,8,0.0,waku,Class,TIME,last3F,9,ave3F,50,47.9,0
