﻿name,no,odds,pop_rank,power_index,place,distance,surface,pace_type,field_size,class,prev_place,prev_rank,is_chiho
トーセンメラニー,1,50.7,8,0.0,waku,Class,TIME,last3F,16,ave3F,59.1,54.1,0
カルリーノ,2,449,15,0.0,waku,Class,TIME,last3F,16,ave3F,51,52.0,0
テーオーシリウス,3,60.2,9,0.0,waku,Class,TIME,last3F,16,ave3F,47.8,50.3,0
ヤマニンデンファレ,4,99.6,12,0.0,waku,Class,TIME,last3F,16,ave3F,58.1,57.2,0
エリオトローピオ,5,62.8,10,0.0,waku,Class,TIME,last3F,16,ave3F,58.1,56.9,0
ヴィクターバローズ,6,274.7,13,0.0,waku,Class,TIME,last3F,16,ave3F,39.6,44.8,0
フリーフリッカー,7,569.9,16,0.0,waku,Class,TIME,last3F,16,ave3F,----,99.0,0
ルドヴィクス,8,15.8,4,0.0,waku,Class,TIME,last3F,16,ave3F,55.9,54.6,0
クライミングリリー,9,33.6,7,0.0,waku,Class,TIME,last3F,16,ave3F,60.7,56.2,0
ローシャムパーク,10,1.4,1,0.0,waku,Class,TIME,last3F,16,ave3F,54.2,52.5,0
ダークエクリプス,11,17.4,6,0.0,waku,Class,TIME,last3F,16,ave3F,57.9,55.7,0
スパイラルノヴァ,12,10.3,3,0.0,waku,Class,TIME,last3F,16,ave3F,51.3,50.8,0
ノースザワールド,13,6.4,2,0.0,waku,Class,TIME,last3F,16,ave3F,49.1,46.6,0
シャチ,14,396.5,14,0.0,waku,Class,TIME,last3F,16,ave3F,52.7,52.2,0
ゴーゴーユタカ,15,16,5,0.0,waku,Class,TIME,last3F,16,ave3F,54.6,50.3,0
ファユエン,16,77.4,11,0.0,waku,Class,TIME,last3F,16,ave3F,60.7,55.9,0
