﻿name,no,odds,pop_rank,power_index,place,distance,surface,pace_type,field_size,class,prev_place,prev_rank,is_chiho
タイムオブフライト,1,5.5,4,0.0,waku,Class,TIME,last3F,18,ave3F,57.1,55.2,0
ホウオウエクレール,2,32.6,9,0.0,waku,Class,TIME,last3F,18,ave3F,45.7,49.8,0
マイネルミュトス,3,158.2,16,0.0,waku,Class,TIME,last3F,18,ave3F,56.4,49.3,0
リフレーミング,4,12.1,6,0.0,waku,Class,TIME,last3F,18,ave3F,58.4,53.1,0
モンテディオ,5,5.3,3,0.0,waku,Class,TIME,last3F,18,ave3F,62.5,62.8,0
タイセイシリウス,6,121.3,15,0.0,waku,Class,TIME,last3F,18,ave3F,51.2,51.3,0
ウォルフズハウル,7,62.1,12,0.0,waku,Class,TIME,last3F,18,ave3F,63.8,63.0,0
ワイドエンペラー,8,4.8,2,0.0,waku,Class,TIME,last3F,18,ave3F,59.1,59.8,0
アイブランコ,9,23.5,8,0.0,waku,Class,TIME,last3F,18,ave3F,59.1,56.3,0
タイセイモナーク,10,62.4,13,0.0,waku,Class,TIME,last3F,18,ave3F,50.5,51.3,0
レベランス,11,33.6,10,0.0,waku,Class,TIME,last3F,18,ave3F,59,58.2,0
プライムフェイズ,12,216.7,17,0.0,waku,Class,TIME,last3F,18,ave3F,52.5,53.1,0
ホウオウリアリティ,13,39.2,11,0.0,waku,Class,TIME,last3F,18,ave3F,56.5,56.5,0
シェルビーズアイ,14,8.7,5,0.0,waku,Class,TIME,last3F,18,ave3F,54.8,52.1,0
ナムラカミカゼ,15,65,14,0.0,waku,Class,TIME,last3F,18,ave3F,52.4,51.3,0
ゼッフィーロ,16,4.3,1,0.0,waku,Class,TIME,last3F,18,ave3F,56.3,56.9,0
ディナースタ,17,18.8,7,0.0,waku,Class,TIME,last3F,18,ave3F,47.5,50.4,0
ドンナセレーノ,18,362.1,18,0.0,waku,Class,TIME,last3F,18,ave3F,45.9,45.6,0
