﻿name,no,odds,pop_rank,power_index,place,distance,surface,pace_type,field_size,class,prev_place,prev_rank,is_chiho
ホウオウライジン,1,117.1,14,0.0,waku,Class,TIME,last3F,16,ave3F,50.1,49.7,0
フジマサインパクト,2,13.5,5,0.0,waku,Class,TIME,last3F,16,ave3F,51.7,50.2,0
タイセイスラッガー,3,40,9,0.0,waku,Class,TIME,last3F,16,ave3F,43.6,48.5,0
オンザライン,4,14.1,6,0.0,waku,Class,TIME,last3F,16,ave3F,50.4,51.1,0
サトノフウジン,5,86.8,12,0.0,waku,Class,TIME,last3F,16,ave3F,57.1,57.8,0
トラモント,6,11.7,4,0.0,waku,Class,TIME,last3F,16,ave3F,49.6,44.2,0
タヒチアンダンス,7,84.6,11,0.0,waku,Class,TIME,last3F,16,ave3F,46.7,44.2,0
ミッキーヌチバナ,8,7.5,3,0.0,waku,Class,TIME,last3F,16,ave3F,51.7,49.3,0
ベストリーガード,9,3.7,2,0.0,waku,Class,TIME,last3F,16,ave3F,50.5,50.5,0
コパノニコルソン,10,22.4,8,0.0,waku,Class,TIME,last3F,16,ave3F,55.4,53.4,0
ラグラスドシエル,11,128.4,16,0.0,waku,Class,TIME,last3F,16,ave3F,49.9,46.4,0
ガンダルフ,12,2.4,1,0.0,waku,Class,TIME,last3F,16,ave3F,52.1,49.4,0
ナリノモンターニュ,13,87.4,13,0.0,waku,Class,TIME,last3F,16,ave3F,47.9,44.2,0
カフェスペランツァ,14,121.2,15,0.0,waku,Class,TIME,last3F,16,ave3F,48.7,48.5,0
ソニックベガ,15,73.5,10,0.0,waku,Class,TIME,last3F,16,ave3F,53.3,53.4,0
コーラスケイト,16,15,7,0.0,waku,Class,TIME,last3F,16,ave3F,42.4,50.7,0
