﻿name,no,odds,pop_rank,power_index,place,distance,surface,pace_type,field_size,class,prev_place,prev_rank,is_chiho
マイアミュレット,1,199.5,14,0.0,waku,Class,TIME,last3F,16,ave3F,37.7,43.0,0
サンフィニティ,2,12.7,6,0.0,waku,Class,TIME,last3F,16,ave3F,42.3,40.7,0
サンダビューク,3,11.5,4,0.0,waku,Class,TIME,last3F,16,ave3F,40.3,45.4,0
スエトニウス,4,78.4,12,0.0,waku,Class,TIME,last3F,16,ave3F,40.7,48.3,0
ヴァンデリオン,5,4.5,3,0.0,waku,Class,TIME,last3F,16,ave3F,39.2,39.2,0
ヴィオマージュ,6,54.6,10,0.0,waku,Class,TIME,last3F,16,ave3F,46,46.4,0
トーセンニック,7,2.6,1,0.0,waku,Class,TIME,last3F,16,ave3F,41,41.2,0
ロジヴィクトリア,8,4.3,2,0.0,waku,Class,TIME,last3F,16,ave3F,45.6,39.2,0
ヒノデミッチー,9,23.5,8,0.0,waku,Class,TIME,last3F,16,ave3F,47.8,43.0,0
ヨシオドライヴ,10,110.7,13,0.0,waku,Class,TIME,last3F,16,ave3F,48.4,43.0,0
ホノノディーヴァ,11,54.5,9,0.0,waku,Class,TIME,last3F,16,ave3F,35.2,44.1,0
カリカ,12,12.5,5,0.0,waku,Class,TIME,last3F,16,ave3F,45.4,41.2,0
エコログロリアス,13,17.4,7,0.0,waku,Class,TIME,last3F,16,ave3F,48.6,50.5,0
ショウユアセルフ,14,306.1,16,0.0,waku,Class,TIME,last3F,16,ave3F,----,99.0,0
モール,15,69.3,11,0.0,waku,Class,TIME,last3F,16,ave3F,48.2,49.7,0
ダイイチターミナル,16,274.1,15,0.0,waku,Class,TIME,last3F,16,ave3F,49.3,47.4,0
