﻿name,no,odds,pop_rank,power_index,place,distance,surface,pace_type,field_size,class,prev_place,prev_rank,is_chiho
シュヴァリエローズ,1,23.5,9,0.0,waku,Class,TIME,last3F,15,ave3F,51.8,53.0,0
サヴァ,2,18.1,7,0.0,waku,Class,TIME,last3F,15,ave3F,50.2,48.7,0
セルバーグ,3,4.6,2,0.0,waku,Class,TIME,last3F,15,ave3F,53.9,53.5,0
ラインベック,4,5.7,3,0.0,waku,Class,TIME,last3F,15,ave3F,57.3,55.7,0
メイショウシンタケ,5,39.7,12,0.0,waku,Class,TIME,last3F,15,ave3F,57.2,54.4,0
グラティアス,6,3.9,1,0.0,waku,Class,TIME,last3F,15,ave3F,54.7,53.0,0
ヴィジュネル,7,29.8,11,0.0,waku,Class,TIME,last3F,15,ave3F,53.9,50.9,0
ニネンビーグミ,8,122.2,14,0.0,waku,Class,TIME,last3F,15,ave3F,----,99.0,0
ノルカソルカ,9,13.2,6,0.0,waku,Class,TIME,last3F,15,ave3F,48.7,53.0,0
トリプルエース,10,21,8,0.0,waku,Class,TIME,last3F,15,ave3F,46.2,44.4,0
ザイツィンガー,11,61.7,13,0.0,waku,Class,TIME,last3F,15,ave3F,56.8,48.3,0
アイラブテーラー,12,176.7,15,0.0,waku,Class,TIME,last3F,15,ave3F,45.9,48.0,0
グレイイングリーン,13,24.6,10,0.0,waku,Class,TIME,last3F,15,ave3F,54.8,47.4,0
オニャンコポン,14,7.9,4,0.0,waku,Class,TIME,last3F,15,ave3F,51.7,48.5,0
アドマイヤハダル,15,7.9,5,0.0,waku,Class,TIME,last3F,15,ave3F,54.5,52.1,0
