﻿name,no,odds,pop_rank,power_index,place,distance,surface,pace_type,field_size,class,prev_place,prev_rank,is_chiho
ムーンリットナイト,1,3.7,3,0.0,waku,Class,TIME,last3F,10,ave3F,67.8,52.7,0
ベルクレスタ,2,2.9,2,0.0,waku,Class,TIME,last3F,10,ave3F,62.8,62.2,0
アサケエース,3,48.3,8,0.0,waku,Class,TIME,last3F,10,ave3F,60.6,62.2,0
レアシャンパーニュ,4,29.2,5,0.0,waku,Class,TIME,last3F,10,ave3F,50.2,50.0,0
レベレンシア,5,6.7,4,0.0,waku,Class,TIME,last3F,10,ave3F,63.5,52.7,0
リメンバーメモリー,6,89.6,9,0.0,waku,Class,TIME,last3F,10,ave3F,53.1,50.6,0
ヤマニンプレシオサ,7,37.1,7,0.0,waku,Class,TIME,last3F,10,ave3F,50.8,52.7,0
トーカイキング,8,189.8,10,0.0,waku,Class,TIME,last3F,10,ave3F,48.2,45.7,0
テーオーアマゾン,9,34.2,6,0.0,waku,Class,TIME,last3F,10,ave3F,49.3,50.7,0
ディオ,10,2.7,1,0.0,waku,Class,TIME,last3F,10,ave3F,59,54.7,0
