﻿name,no,odds,pop_rank,power_index,place,distance,surface,pace_type,field_size,class,prev_place,prev_rank,is_chiho
アルムダウン,1,363,8,0.0,waku,Class,TIME,last3F,9,ave3F,36.7,40.4,0
ショウナンハクウン,2,7,4,0.0,waku,Class,TIME,last3F,9,ave3F,54.4,53.1,0
マイネルズーメン,3,33.6,6,0.0,waku,Class,TIME,last3F,9,ave3F,56.3,55.3,0
ロッククリーク,4,4.9,3,0.0,waku,Class,TIME,last3F,9,ave3F,49.9,48.8,0
テンカノギジン,5,40.7,7,0.0,waku,Class,TIME,last3F,9,ave3F,53.9,51.6,0
メタルスピード,6,2.3,1,0.0,waku,Class,TIME,last3F,9,ave3F,46.7,44.8,0
キョウエイブリッサ,7,3.4,2,0.0,waku,Class,TIME,last3F,9,ave3F,48.3,46.1,0
チャイボーグ,8,429.6,9,0.0,waku,Class,TIME,last3F,9,ave3F,55.9,55.5,0
ハーエクセレンシー,9,7.9,5,0.0,waku,Class,TIME,last3F,9,ave3F,61.9,59.8,0
