﻿name,no,odds,pop_rank,power_index,place,distance,surface,pace_type,field_size,class,prev_place,prev_rank,is_chiho
インテンスフレイム,1,1.8,1,0.0,waku,Class,TIME,last3F,8,ave3F,53.5,51.9,0
キングロコマイカイ,2,5.6,3,0.0,waku,Class,TIME,last3F,8,ave3F,51.2,49.4,0
スズカワールド,3,26.9,5,0.0,waku,Class,TIME,last3F,8,ave3F,43.7,48.0,0
バレストラ,4,12.8,4,0.0,waku,Class,TIME,last3F,8,ave3F,50.4,48.8,0
エスティメート,5,114.4,7,0.0,waku,Class,TIME,last3F,8,ave3F,----,99.0,0
アイリスクォーツ,6,60.1,6,0.0,waku,Class,TIME,last3F,8,ave3F,46,51.5,0
ナムラスワガー,7,144.6,8,0.0,waku,Class,TIME,last3F,8,ave3F,42.6,46.1,0
テーオーサンドニ,8,2.6,2,0.0,waku,Class,TIME,last3F,8,ave3F,48.1,48.6,0
