﻿name,no,odds,pop_rank,power_index,place,distance,surface,pace_type,field_size,class,prev_place,prev_rank,is_chiho
セリシア,1,28.1,8,0.0,waku,Class,TIME,last3F,16,ave3F,45.9,47.6,0
ランドオブリバティ,2,13.2,6,0.0,waku,Class,TIME,last3F,16,ave3F,57.5,57.8,0
ヴァーチャリティ,3,143,14,0.0,waku,Class,TIME,last3F,16,ave3F,46.9,42.1,0
ファイアダンサー,4,28.6,9,0.0,waku,Class,TIME,last3F,16,ave3F,51.8,49.4,0
アールクインダム,5,90.5,10,0.0,waku,Class,TIME,last3F,16,ave3F,49,52.2,0
フォイアーロート,6,126.4,13,0.0,waku,Class,TIME,last3F,16,ave3F,52.4,49.7,0
テーオーマルクス,7,261.2,16,0.0,waku,Class,TIME,last3F,16,ave3F,47.1,48.8,0
インフィナイト,8,9.1,4,0.0,waku,Class,TIME,last3F,16,ave3F,42.5,45.6,0
クリノマジン,9,11.1,5,0.0,waku,Class,TIME,last3F,16,ave3F,47.7,44.1,0
ヨシノイースター,10,1.8,1,0.0,waku,Class,TIME,last3F,16,ave3F,55.1,49.1,0
グッドマックス,11,126.1,12,0.0,waku,Class,TIME,last3F,16,ave3F,51.2,49.1,0
カバーガール,12,116.9,11,0.0,waku,Class,TIME,last3F,16,ave3F,44.8,47.6,0
ミスボニータ,13,14.2,7,0.0,waku,Class,TIME,last3F,16,ave3F,45.1,47.6,0
グレイトゲイナー,14,162.8,15,0.0,waku,Class,TIME,last3F,16,ave3F,48.6,49.7,0
ソウテン,15,7.8,2,0.0,waku,Class,TIME,last3F,16,ave3F,45.9,45.6,0
ジャカランダレーン,16,8.3,3,0.0,waku,Class,TIME,last3F,16,ave3F,55.4,49.4,0
