﻿name,no,odds,pop_rank,power_index,place,distance,surface,pace_type,field_size,class,prev_place,prev_rank,is_chiho
モメントグスタール,1,40.9,9,0.0,waku,Class,TIME,last3F,10,ave3F,58.2,58.0,0
ジルバーン,2,11.6,5,0.0,waku,Class,TIME,last3F,10,ave3F,49.7,48.6,0
スターザサンライズ,3,34.1,7,0.0,waku,Class,TIME,last3F,10,ave3F,45,45.1,0
ローズピリオド,4,6.4,4,0.0,waku,Class,TIME,last3F,10,ave3F,49.2,49.2,0
ファイティング,5,185.7,10,0.0,waku,Class,TIME,last3F,10,ave3F,51.1,43.0,0
キングロコマイカイ,6,4.2,3,0.0,waku,Class,TIME,last3F,10,ave3F,51.1,49.9,0
グーデンドラーク,7,4,2,0.0,waku,Class,TIME,last3F,10,ave3F,51.4,53.8,0
キボウノホシ,8,39.2,8,0.0,waku,Class,TIME,last3F,10,ave3F,49.3,50.5,0
ウインメイフラワー,9,12.7,6,0.0,waku,Class,TIME,last3F,10,ave3F,53.6,50.7,0
ディサイド,10,2.7,1,0.0,waku,Class,TIME,last3F,10,ave3F,51.6,50.4,0
