﻿name,no,odds,pop_rank,power_index,place,distance,surface,pace_type,field_size,class,prev_place,prev_rank,is_chiho
カフジエニアゴン,1,2,1,0.0,waku,Class,TIME,last3F,16,ave3F,42.2,44.2,0
タカラマドンナ,2,26.8,8,0.0,waku,Class,TIME,last3F,16,ave3F,48.1,48.6,0
エコロマンボ,3,78.9,14,0.0,waku,Class,TIME,last3F,16,ave3F,45.3,43.0,0
テキサスフィズ,4,20.4,6,0.0,waku,Class,TIME,last3F,16,ave3F,43.1,44.6,0
グラストンベリー,5,86.8,15,0.0,waku,Class,TIME,last3F,16,ave3F,43.2,43.2,0
メイショウミチノク,6,73.8,13,0.0,waku,Class,TIME,last3F,16,ave3F,48.5,43.5,0
テンクウフラワー,7,55.2,10,0.0,waku,Class,TIME,last3F,16,ave3F,31.1,41.6,0
オースミメッシーナ,8,20.1,5,0.0,waku,Class,TIME,last3F,16,ave3F,41.7,41.7,0
エクサープト,9,33.2,9,0.0,waku,Class,TIME,last3F,16,ave3F,35.7,36.1,0
デアリングウーマン,10,22.3,7,0.0,waku,Class,TIME,last3F,16,ave3F,48.4,42.2,0
キッショウ,11,62.6,12,0.0,waku,Class,TIME,last3F,16,ave3F,----,42.0,0
メルシー,12,4.9,2,0.0,waku,Class,TIME,last3F,16,ave3F,46.2,44.1,0
イプノーズ,13,61.4,11,0.0,waku,Class,TIME,last3F,16,ave3F,38.9,42.2,0
コウバコ,14,184.3,16,0.0,waku,Class,TIME,last3F,16,ave3F,45.7,44.8,0
ラフリッグフェル,15,16.7,4,0.0,waku,Class,TIME,last3F,16,ave3F,50.8,50.0,0
アランチャータ,16,5.4,3,0.0,waku,Class,TIME,last3F,16,ave3F,38.4,38.0,0
