﻿name,no,odds,pop_rank,power_index,place,distance,surface,pace_type,field_size,class,prev_place,prev_rank,is_chiho
レゾンドゥスリール,1,7.3,3,0.0,waku,Class,TIME,last3F,12,ave3F,49.1,47.1,0
スコールユニバンス,2,1.5,1,0.0,waku,Class,TIME,last3F,12,ave3F,53.1,51.5,0
エンジェルシリカ,3,13.5,4,0.0,waku,Class,TIME,last3F,12,ave3F,49.7,46.0,0
チャーミングアクト,4,22.3,6,0.0,waku,Class,TIME,last3F,12,ave3F,44.1,46.1,0
セイイーグル,5,42.9,9,0.0,waku,Class,TIME,last3F,12,ave3F,37.6,40.0,0
ココリホウオウ,6,5.3,2,0.0,waku,Class,TIME,last3F,12,ave3F,48.1,39.6,0
トーカイキング,7,18.3,5,0.0,waku,Class,TIME,last3F,12,ave3F,46.6,46.0,0
ミキノバスドラム,8,201.5,11,0.0,waku,Class,TIME,last3F,12,ave3F,37.6,42.5,0
サウンドキングダム,9,39.4,8,0.0,waku,Class,TIME,last3F,12,ave3F,38.1,41.3,0
ルフィアンキック,10,353.9,12,0.0,waku,Class,TIME,last3F,12,ave3F,56.8,57.8,0
ウインスピリタス,11,63.3,10,0.0,waku,Class,TIME,last3F,12,ave3F,44.4,44.1,0
ケルンキングダム,12,29.8,7,0.0,waku,Class,TIME,last3F,12,ave3F,50.4,46.3,0
