﻿name,no,odds,pop_rank,power_index,place,distance,surface,pace_type,field_size,class,prev_place,prev_rank,is_chiho
マルモリスペシャル,1,13.6,5,0.0,waku,Class,TIME,last3F,16,ave3F,45.8,47.6,0
ミラクル,2,23.3,7,0.0,waku,Class,TIME,last3F,16,ave3F,46.7,48.3,0
コウバコ,3,108.3,14,0.0,waku,Class,TIME,last3F,16,ave3F,46.5,42.0,0
デルマカンノン,4,62.8,12,0.0,waku,Class,TIME,last3F,16,ave3F,50.6,44.5,0
ロードミッドナイト,5,9.2,4,0.0,waku,Class,TIME,last3F,16,ave3F,39.4,39.4,0
デアリングウーマン,6,35.5,8,0.0,waku,Class,TIME,last3F,16,ave3F,49.3,44.1,0
ドンフクリン,7,46.2,10,0.0,waku,Class,TIME,last3F,16,ave3F,48.9,48.3,0
マイネルプロンプト,8,150.8,15,0.0,waku,Class,TIME,last3F,16,ave3F,45.9,39.5,0
カフジエニアゴン,9,4.5,3,0.0,waku,Class,TIME,last3F,16,ave3F,44.4,44.4,0
メイショウミツヤス,10,36.1,9,0.0,waku,Class,TIME,last3F,16,ave3F,38.9,41.3,0
ゲンパチマイティー,11,96.7,13,0.0,waku,Class,TIME,last3F,16,ave3F,43.8,45.4,0
サトノテンペスト,12,2.8,1,0.0,waku,Class,TIME,last3F,16,ave3F,42.9,43.0,0
オンリーワンスター,13,171,16,0.0,waku,Class,TIME,last3F,16,ave3F,44.3,42.4,0
ゴールドフィンガー,14,53.4,11,0.0,waku,Class,TIME,last3F,16,ave3F,45.1,42.2,0
ゼットノヴァ,15,3.8,2,0.0,waku,Class,TIME,last3F,16,ave3F,51.9,44.9,0
ヒルノショパン,16,22.9,6,0.0,waku,Class,TIME,last3F,16,ave3F,55.5,57.6,0
