﻿name,no,odds,pop_rank,power_index,place,distance,surface,pace_type,field_size,class,prev_place,prev_rank,is_chiho
ノックオンウッド,1,13.4,5,0.0,waku,Class,TIME,last3F,16,ave3F,46.8,50.1,0
ハクサンライラック,2,8.1,4,0.0,waku,Class,TIME,last3F,16,ave3F,50.6,44.6,0
エイシンヒビキ,3,266,14,0.0,waku,Class,TIME,last3F,16,ave3F,----,99.0,0
イルデレーヴ,4,5.6,3,0.0,waku,Class,TIME,last3F,16,ave3F,50,42.0,0
トウカイファクター,5,16.3,6,0.0,waku,Class,TIME,last3F,16,ave3F,36.1,36.1,0
ウェーブメジャー,6,33.8,11,0.0,waku,Class,TIME,last3F,16,ave3F,41.1,41.6,0
サクセスリボーン,7,155.6,13,0.0,waku,Class,TIME,last3F,16,ave3F,47,44.0,0
ティントリップ,8,3.9,2,0.0,waku,Class,TIME,last3F,16,ave3F,46.8,47.5,0
シンゼンブースター,9,268.5,15,0.0,waku,Class,TIME,last3F,16,ave3F,45.2,40.0,0
ファーストリッキー,10,412,16,0.0,waku,Class,TIME,last3F,16,ave3F,----,99.0,0
デルマカミカゼ,11,25.7,10,0.0,waku,Class,TIME,last3F,16,ave3F,43.7,39.8,0
スカイナイル,12,25.6,9,0.0,waku,Class,TIME,last3F,16,ave3F,41.7,41.7,0
ロングファイナリー,13,23.7,8,0.0,waku,Class,TIME,last3F,16,ave3F,53.6,51.2,0
メイショウヒヅクリ,14,17,7,0.0,waku,Class,TIME,last3F,16,ave3F,42.8,43.4,0
ウナギノボリ,15,3.1,1,0.0,waku,Class,TIME,last3F,16,ave3F,53.9,46.8,0
ボルタドマール,16,61.6,12,0.0,waku,Class,TIME,last3F,16,ave3F,40.7,40.2,0
