﻿name,no,odds,pop_rank,power_index,place,distance,surface,pace_type,field_size,class,prev_place,prev_rank,is_chiho
パワポケビー,1,97.2,13,0.0,waku,Class,TIME,last3F,16,ave3F,39,47.7,0
ピュアカラー,2,12.1,7,0.0,waku,Class,TIME,last3F,16,ave3F,47.3,43.0,0
サンマルカーラ,3,205.6,16,0.0,waku,Class,TIME,last3F,16,ave3F,----,99.0,0
レイワプリンセス,4,58.5,11,0.0,waku,Class,TIME,last3F,16,ave3F,42.5,44.9,0
ルージュシェノン,5,6.1,4,0.0,waku,Class,TIME,last3F,16,ave3F,41,39.3,0
メイショウヒメゴゼ,6,26,8,0.0,waku,Class,TIME,last3F,16,ave3F,50,47.5,0
ローラスノビリス,7,4,1,0.0,waku,Class,TIME,last3F,16,ave3F,39,44.7,0
クオーレドーロ,8,117.7,15,0.0,waku,Class,TIME,last3F,16,ave3F,28.2,45.0,0
アプサラー,9,64.8,12,0.0,waku,Class,TIME,last3F,16,ave3F,44.3,50.9,0
ステラフィオーレ,10,6.5,5,0.0,waku,Class,TIME,last3F,16,ave3F,----,99.0,0
ライズンシャイン,11,26.3,9,0.0,waku,Class,TIME,last3F,16,ave3F,42.1,38.6,0
オーエンズテソーロ,12,6,3,0.0,waku,Class,TIME,last3F,16,ave3F,54.1,52.7,0
アーレンダール,13,5.8,2,0.0,waku,Class,TIME,last3F,16,ave3F,43.7,48.2,0
グットフォーチュン,14,9,6,0.0,waku,Class,TIME,last3F,16,ave3F,----,99.0,0
レヴィーアクイーン,15,45.4,10,0.0,waku,Class,TIME,last3F,16,ave3F,47.4,47.8,0
ミッキーレタス,16,116.5,14,0.0,waku,Class,TIME,last3F,16,ave3F,33.8,46.4,0
