﻿name,no,odds,pop_rank,power_index,place,distance,surface,pace_type,field_size,class,prev_place,prev_rank,is_chiho
ベルウッドウズメ,1,30.1,9,0.0,waku,Class,TIME,last3F,16,ave3F,38.3,41.9,0
トラストドーベル,2,127.5,14,0.0,waku,Class,TIME,last3F,16,ave3F,53.2,51.5,0
スコラーリ,3,5.8,2,0.0,waku,Class,TIME,last3F,16,ave3F,55.9,53.2,0
ブルーデイジー,4,380.7,15,0.0,waku,Class,TIME,last3F,16,ave3F,----,99.0,0
ルチア,5,19.4,6,0.0,waku,Class,TIME,last3F,16,ave3F,44.4,45.6,0
エコロドラゴン,6,7.1,4,0.0,waku,Class,TIME,last3F,16,ave3F,44.9,46.4,0
メイショウムート,7,453.9,16,0.0,waku,Class,TIME,last3F,16,ave3F,45.5,48.6,0
エメラルアポロン,8,62.1,11,0.0,waku,Class,TIME,last3F,16,ave3F,----,99.0,0
キャロライナリーパ,9,2.4,1,0.0,waku,Class,TIME,last3F,16,ave3F,44.3,45.2,0
ベアグッジョブ,10,8.1,5,0.0,waku,Class,TIME,last3F,16,ave3F,43,43.0,0
ミューティー,11,22.5,8,0.0,waku,Class,TIME,last3F,16,ave3F,43.5,41.8,0
ノーブルハーバー,12,67.9,12,0.0,waku,Class,TIME,last3F,16,ave3F,----,99.0,0
イルザ,13,21.8,7,0.0,waku,Class,TIME,last3F,16,ave3F,44.9,40.9,0
フリージアテソーロ,14,73,13,0.0,waku,Class,TIME,last3F,16,ave3F,----,99.0,0
ハジメテノチュウ,15,34.8,10,0.0,waku,Class,TIME,last3F,16,ave3F,----,99.0,0
シュロス,16,7,3,0.0,waku,Class,TIME,last3F,16,ave3F,50,47.3,0
