﻿name,no,odds,pop_rank,power_index,place,distance,surface,pace_type,field_size,class,prev_place,prev_rank,is_chiho
クレスケンスルーナ,1,23.4,9,0.0,waku,Class,TIME,last3F,13,ave3F,45.6,45.8,0
ワイドアウェイク,2,22.1,8,0.0,waku,Class,TIME,last3F,13,ave3F,51.2,53.2,0
ルショコラ,3,14.1,5,0.0,waku,Class,TIME,last3F,13,ave3F,37.5,38.9,0
スマートオリーブ,4,30.1,10,0.0,waku,Class,TIME,last3F,13,ave3F,40,39.7,0
リーベサンライズ,5,6.5,3,0.0,waku,Class,TIME,last3F,13,ave3F,44.8,41.7,0
ルパルテール,6,87,13,0.0,waku,Class,TIME,last3F,13,ave3F,----,99.0,0
オースミリン,7,3.1,1,0.0,waku,Class,TIME,last3F,13,ave3F,45,40.9,0
カンパニョーラ,8,30.7,11,0.0,waku,Class,TIME,last3F,13,ave3F,45.9,41.2,0
ラッピングカラーズ,9,17,6,0.0,waku,Class,TIME,last3F,13,ave3F,47,46.3,0
エトワールジェンヌ,10,3.7,2,0.0,waku,Class,TIME,last3F,13,ave3F,45.3,44.5,0
ミュアウッズ,11,6.5,4,0.0,waku,Class,TIME,last3F,13,ave3F,----,99.0,0
バンボーレ,12,20.1,7,0.0,waku,Class,TIME,last3F,13,ave3F,----,99.0,0
ヤマカツパトリシア,13,43.9,12,0.0,waku,Class,TIME,last3F,13,ave3F,45.2,48.2,0
