﻿name,no,odds,pop_rank,power_index,place,distance,surface,pace_type,field_size,class,prev_place,prev_rank,is_chiho
アオイクレアトール,1,12.9,4,0.0,waku,Class,TIME,last3F,11,ave3F,51.9,51.8,0
ビターエンダー,2,48.2,8,0.0,waku,Class,TIME,last3F,11,ave3F,48.6,55.3,0
ココロノトウダイ,3,8.9,3,0.0,waku,Class,TIME,last3F,11,ave3F,52.1,53.0,0
ラインベック,4,18.4,5,0.0,waku,Class,TIME,last3F,11,ave3F,52.3,50.9,0
ゾンニッヒ,5,2.2,1,0.0,waku,Class,TIME,last3F,11,ave3F,54.6,51.9,0
ノルカソルカ,6,22.5,6,0.0,waku,Class,TIME,last3F,11,ave3F,41.6,44.5,0
インテンスライト,7,59.7,9,0.0,waku,Class,TIME,last3F,11,ave3F,52.6,53.0,0
カイザーバローズ,8,35.1,7,0.0,waku,Class,TIME,last3F,11,ave3F,50.5,57.9,0
アルピニズム,9,159.7,10,0.0,waku,Class,TIME,last3F,11,ave3F,54.7,51.8,0
エピファニー,10,2.2,2,0.0,waku,Class,TIME,last3F,11,ave3F,58.3,57.8,0
ソロフレーズ,11,419.9,11,0.0,waku,Class,TIME,last3F,11,ave3F,----,99.0,0
