﻿name,no,odds,pop_rank,power_index,place,distance,surface,pace_type,field_size,class,prev_place,prev_rank,is_chiho
ジェラペッシュ,1,260.1,15,0.0,waku,Class,TIME,last3F,15,ave3F,45.6,51.1,0
アポロリヤム,2,2.9,1,0.0,waku,Class,TIME,last3F,15,ave3F,53.3,50.6,0
ドラゴンゴクウ,3,72.2,10,0.0,waku,Class,TIME,last3F,15,ave3F,50.3,47.1,0
ミッキーエイト,4,206.3,14,0.0,waku,Class,TIME,last3F,15,ave3F,43,40.2,0
カフェベラノッテ,5,13.2,5,0.0,waku,Class,TIME,last3F,15,ave3F,41.8,40.7,0
ムーヴ,6,4.4,3,0.0,waku,Class,TIME,last3F,15,ave3F,53.9,49.0,0
オリエンタルキング,7,149.5,13,0.0,waku,Class,TIME,last3F,15,ave3F,48.6,48.0,0
ライヴクラッカー,8,21,7,0.0,waku,Class,TIME,last3F,15,ave3F,44.4,45.2,0
アメトリーチェ,9,31.8,9,0.0,waku,Class,TIME,last3F,15,ave3F,48,48.6,0
ヒロノゴウカイ,10,7.1,4,0.0,waku,Class,TIME,last3F,15,ave3F,44.9,43.6,0
ソニックムーヴ,11,17.7,6,0.0,waku,Class,TIME,last3F,15,ave3F,41.2,43.6,0
ハンデンキング,12,131.3,12,0.0,waku,Class,TIME,last3F,15,ave3F,42.3,46.1,0
メイショウムート,13,98.1,11,0.0,waku,Class,TIME,last3F,15,ave3F,43.9,47.2,0
シルバーキングダム,14,3.8,2,0.0,waku,Class,TIME,last3F,15,ave3F,40.8,39.2,0
グランドライズ,15,30.8,8,0.0,waku,Class,TIME,last3F,15,ave3F,46.2,45.9,0
