﻿name,no,odds,pop_rank,power_index,place,distance,surface,pace_type,field_size,class,prev_place,prev_rank,is_chiho
ゴダイリキ,1,25.6,8,0.0,waku,Class,TIME,last3F,16,ave3F,48.1,47.8,0
ケイアイロベージ,2,6.6,4,0.0,waku,Class,TIME,last3F,16,ave3F,43.5,44.2,0
メイショウヒューマ,3,34.7,10,0.0,waku,Class,TIME,last3F,16,ave3F,43.7,45.7,0
テイエムマグマ,4,23.1,6,0.0,waku,Class,TIME,last3F,16,ave3F,49.6,49.7,0
レオノーレ,5,3.1,1,0.0,waku,Class,TIME,last3F,16,ave3F,46.4,45.1,0
ウォームライト,6,41.6,13,0.0,waku,Class,TIME,last3F,16,ave3F,46.7,44.0,0
モズリッキー,7,5.7,3,0.0,waku,Class,TIME,last3F,16,ave3F,46.5,45.7,0
メタルゴッド,8,30.2,9,0.0,waku,Class,TIME,last3F,16,ave3F,47.8,47.8,0
タイミングナウ,9,37.9,11,0.0,waku,Class,TIME,last3F,16,ave3F,39.3,40.0,0
スプラウティング,10,16.8,5,0.0,waku,Class,TIME,last3F,16,ave3F,49.3,49.4,0
イフティファール,11,3.6,2,0.0,waku,Class,TIME,last3F,16,ave3F,45.7,43.0,0
エターナリー,12,110.2,14,0.0,waku,Class,TIME,last3F,16,ave3F,42.7,44.8,0
クリノビッグサージ,13,366.9,16,0.0,waku,Class,TIME,last3F,16,ave3F,----,99.0,0
タガノクリステル,14,23.4,7,0.0,waku,Class,TIME,last3F,16,ave3F,49.6,45.7,0
タマモパッション,15,357.1,15,0.0,waku,Class,TIME,last3F,16,ave3F,44.5,49.4,0
ブッチーニ,16,38.8,12,0.0,waku,Class,TIME,last3F,16,ave3F,46.5,39.6,0
