﻿name,no,odds,pop_rank,power_index,place,distance,surface,pace_type,field_size,class,prev_place,prev_rank,is_chiho
トーアライデン,1,9,4,0.0,waku,Class,TIME,last3F,7,ave3F,45.5,45.8,0
イエルバブエナ,2,63.9,7,0.0,waku,Class,TIME,last3F,7,ave3F,43.7,46.3,0
ジュンツバメガエシ,3,2.5,2,0.0,waku,Class,TIME,last3F,7,ave3F,57.8,56.0,0
フライヤートゥルー,4,15.9,5,0.0,waku,Class,TIME,last3F,7,ave3F,53.3,57.0,0
ドットクルー,5,4.5,3,0.0,waku,Class,TIME,last3F,7,ave3F,53.2,50.8,0
ローレルキャニオン,6,16.1,6,0.0,waku,Class,TIME,last3F,7,ave3F,44,47.3,0
シュタールヴィント,7,2.5,1,0.0,waku,Class,TIME,last3F,7,ave3F,51.4,51.8,0
