﻿name,no,odds,pop_rank,power_index,place,distance,surface,pace_type,field_size,class,prev_place,prev_rank,is_chiho
レディオマジック,1,175,16,0.0,waku,Class,TIME,last3F,16,ave3F,45,37.7,0
デュアリスト,2,15,6,0.0,waku,Class,TIME,last3F,16,ave3F,47.7,45.5,0
ジレトール,3,13.2,5,0.0,waku,Class,TIME,last3F,16,ave3F,45.3,45.7,0
スリーグランド,4,147.4,15,0.0,waku,Class,TIME,last3F,16,ave3F,42.2,42.7,0
オーヴァーネクサス,5,9.4,4,0.0,waku,Class,TIME,last3F,16,ave3F,45.2,37.7,0
コンバスチョン,6,29.8,9,0.0,waku,Class,TIME,last3F,16,ave3F,----,99.0,0
ドンフランキー,7,2.3,1,0.0,waku,Class,TIME,last3F,16,ave3F,49.8,49.8,0
オメガレインボー,8,8.2,3,0.0,waku,Class,TIME,last3F,16,ave3F,46.9,43.0,0
タガノビューティー,9,4.5,2,0.0,waku,Class,TIME,last3F,16,ave3F,53.1,51.6,0
レディバグ,10,39.3,11,0.0,waku,Class,TIME,last3F,16,ave3F,51.1,48.7,0
メイショウテンスイ,11,37.7,10,0.0,waku,Class,TIME,last3F,16,ave3F,49.9,51.0,0
ブルベアイリーデ,12,24.4,8,0.0,waku,Class,TIME,last3F,16,ave3F,48.9,53.0,0
エイシンギアアップ,13,18.2,7,0.0,waku,Class,TIME,last3F,16,ave3F,49.1,48.7,0
ミッキーブリランテ,14,76.7,13,0.0,waku,Class,TIME,last3F,16,ave3F,52,48.5,0
ピンシャン,15,97.5,14,0.0,waku,Class,TIME,last3F,16,ave3F,45.1,48.7,0
ベルダーイメル,16,45.9,12,0.0,waku,Class,TIME,last3F,16,ave3F,49.1,48.1,0
