﻿name,no,odds,pop_rank,power_index,place,distance,surface,pace_type,field_size,class,prev_place,prev_rank,is_chiho
タガノシャーンス,1,2.5,1,0.0,waku,Class,TIME,last3F,10,ave3F,----,99.0,0
ユメハハテシナク,2,30.2,8,0.0,waku,Class,TIME,last3F,10,ave3F,47.2,46.8,0
サザーランド,3,7.4,4,0.0,waku,Class,TIME,last3F,10,ave3F,50.5,50.5,0
ハウピア,4,78.8,10,0.0,waku,Class,TIME,last3F,10,ave3F,48.6,45.7,0
ヴェンチュラムーン,5,5,2,0.0,waku,Class,TIME,last3F,10,ave3F,54.3,52.9,0
ゴルトリッチ,6,10,5,0.0,waku,Class,TIME,last3F,10,ave3F,50.3,45.8,0
マルクパージュ,7,15.3,7,0.0,waku,Class,TIME,last3F,10,ave3F,51.4,45.6,0
ロードスパイラル,8,11.3,6,0.0,waku,Class,TIME,last3F,10,ave3F,55.8,57.4,0
ミシェラドラータ,9,33.8,9,0.0,waku,Class,TIME,last3F,10,ave3F,48.6,43.6,0
ベルタソ,10,5.1,3,0.0,waku,Class,TIME,last3F,10,ave3F,----,99.0,0
