﻿name,no,odds,pop_rank,power_index,place,distance,surface,pace_type,field_size,class,prev_place,prev_rank,is_chiho
ダノンマイソウル,1,3.4,2,0.0,waku,Class,TIME,last3F,9,ave3F,51.4,51.9,0
レイメイ,2,65.3,8,0.0,waku,Class,TIME,last3F,9,ave3F,50.5,48.4,0
ハギノロックオン,3,1.9,1,0.0,waku,Class,TIME,last3F,9,ave3F,46.8,46.0,0
タマモモンレーブ,4,26.6,7,0.0,waku,Class,TIME,last3F,9,ave3F,49.8,51.6,0
ウインヴェルデ,5,9.2,4,0.0,waku,Class,TIME,last3F,9,ave3F,----,99.0,0
リュウセイグン,6,146.9,9,0.0,waku,Class,TIME,last3F,9,ave3F,51.6,52.0,0
ロードマゼラン,7,6.4,3,0.0,waku,Class,TIME,last3F,9,ave3F,49.7,50.3,0
エメヴィベール,8,13.9,5,0.0,waku,Class,TIME,last3F,9,ave3F,46.7,48.4,0
ダンツエスプリ,9,18.3,6,0.0,waku,Class,TIME,last3F,9,ave3F,51.7,48.8,0
