﻿name,no,odds,pop_rank,power_index,place,distance,surface,pace_type,field_size,class,prev_place,prev_rank,is_chiho
リヤンドメテオール,1,13.7,5,0.0,waku,Class,TIME,last3F,12,ave3F,49.9,49.8,0
タガノエヴリン,2,35.5,6,0.0,waku,Class,TIME,last3F,12,ave3F,52.3,53.7,0
シャウラ,3,51.6,7,0.0,waku,Class,TIME,last3F,12,ave3F,49.1,50.8,0
ダノンセシボン,4,7.3,4,0.0,waku,Class,TIME,last3F,12,ave3F,----,99.0,0
エメラダ,5,140.2,11,0.0,waku,Class,TIME,last3F,12,ave3F,41.9,42.3,0
ディクレアブルーム,6,4.8,2,0.0,waku,Class,TIME,last3F,12,ave3F,49.4,46.7,0
スクルプトーリス,7,95.5,9,0.0,waku,Class,TIME,last3F,12,ave3F,----,99.0,0
エーティースピカ,8,105.1,10,0.0,waku,Class,TIME,last3F,12,ave3F,35.8,40.3,0
ミラクルティアラ,9,1.7,1,0.0,waku,Class,TIME,last3F,12,ave3F,53.9,48.3,0
フィンガークリック,10,5.4,3,0.0,waku,Class,TIME,last3F,12,ave3F,48.9,47.9,0
ワンオアエイト,11,508.4,12,0.0,waku,Class,TIME,last3F,12,ave3F,----,99.0,0
エイトスターズ,12,78.3,8,0.0,waku,Class,TIME,last3F,12,ave3F,58.5,51.7,0
