﻿name,no,odds,pop_rank,power_index,place,distance,surface,pace_type,field_size,class,prev_place,prev_rank,is_chiho
クリノキングボス,1,268.1,11,0.0,waku,Class,TIME,last3F,11,ave3F,55.5,61.4,0
シャインユニバンス,2,12.3,5,0.0,waku,Class,TIME,last3F,11,ave3F,49.8,45.4,0
サンセットクラウド,3,2.5,1,0.0,waku,Class,TIME,last3F,11,ave3F,53.4,55.2,0
エンドロール,4,17.1,6,0.0,waku,Class,TIME,last3F,11,ave3F,56.6,59.6,0
セツメンノトビウオ,5,50,8,0.0,waku,Class,TIME,last3F,11,ave3F,58.4,59.9,0
シュブリーム,6,55.2,9,0.0,waku,Class,TIME,last3F,11,ave3F,50.9,55.9,0
ウインチェレステ,7,41.8,7,0.0,waku,Class,TIME,last3F,11,ave3F,49.4,53.9,0
ナックイルシーブ,8,161.5,10,0.0,waku,Class,TIME,last3F,11,ave3F,65.5,61.5,0
ポレンティア,9,4.2,2,0.0,waku,Class,TIME,last3F,11,ave3F,44.8,51.5,0
ブローザホーン,10,4.7,3,0.0,waku,Class,TIME,last3F,11,ave3F,60.3,59.9,0
ワープスピード,11,4.9,4,0.0,waku,Class,TIME,last3F,11,ave3F,49.2,50.5,0
