﻿name,no,odds,pop_rank,power_index,place,distance,surface,pace_type,field_size,class,prev_place,prev_rank,is_chiho
ハーツオブシャカ,1,48.6,7,0.0,waku,Class,TIME,last3F,12,ave3F,54.6,56.2,0
リンフレスカンテ,2,31.4,6,0.0,waku,Class,TIME,last3F,12,ave3F,56.6,56.1,0
クリノキングボス,3,434.5,12,0.0,waku,Class,TIME,last3F,12,ave3F,49,51.1,0
エンドウノハナ,4,1.6,1,0.0,waku,Class,TIME,last3F,12,ave3F,56.5,54.9,0
メイショウコジョウ,5,65.3,8,0.0,waku,Class,TIME,last3F,12,ave3F,47.2,48.6,0
ジェンヌ,6,5.7,3,0.0,waku,Class,TIME,last3F,12,ave3F,51.7,48.7,0
レッドエンヴィー,7,172.6,11,0.0,waku,Class,TIME,last3F,12,ave3F,47.4,45.6,0
リアド,8,5.1,2,0.0,waku,Class,TIME,last3F,12,ave3F,52.5,51.7,0
ダノンターキッシュ,9,19.7,5,0.0,waku,Class,TIME,last3F,12,ave3F,54.7,56.1,0
ブラックラテ,10,127.7,10,0.0,waku,Class,TIME,last3F,12,ave3F,56.9,56.1,0
テーオーソロス,11,78.3,9,0.0,waku,Class,TIME,last3F,12,ave3F,50.6,48.3,0
サンセットクラウド,12,7.1,4,0.0,waku,Class,TIME,last3F,12,ave3F,51,51.1,0
