﻿name,no,odds,pop_rank,power_index,place,distance,surface,pace_type,field_size,class,prev_place,prev_rank,is_chiho
リカンカブール,1,4.4,2,0.0,waku,Class,TIME,last3F,11,ave3F,51.5,54.2,0
ネオストーリー,2,311.7,11,0.0,waku,Class,TIME,last3F,11,ave3F,52.9,55.1,0
ストップザタイム,3,7.3,4,0.0,waku,Class,TIME,last3F,11,ave3F,59,58.2,0
カイザー,4,14.4,6,0.0,waku,Class,TIME,last3F,11,ave3F,59.7,58.3,0
グランドライン,5,8.2,5,0.0,waku,Class,TIME,last3F,11,ave3F,53.5,52.5,0
アイアゲート,6,39.5,8,0.0,waku,Class,TIME,last3F,11,ave3F,51.3,49.2,0
ジュンブロッサム,7,2.3,1,0.0,waku,Class,TIME,last3F,11,ave3F,53.1,52.1,0
リリーブライト,8,149.7,9,0.0,waku,Class,TIME,last3F,11,ave3F,45.1,50.5,0
レイトカンセイオー,9,5.2,3,0.0,waku,Class,TIME,last3F,11,ave3F,58.6,55.6,0
スカイテラス,10,187.4,10,0.0,waku,Class,TIME,last3F,11,ave3F,55.7,56.2,0
キントリヒ,11,26,7,0.0,waku,Class,TIME,last3F,11,ave3F,56.7,59.1,0
