﻿name,no,odds,pop_rank,power_index,place,distance,surface,pace_type,field_size,class,prev_place,prev_rank,is_chiho
タイミングハート,1,3.8,2,0.0,waku,Class,TIME,last3F,7,ave3F,52.4,51.5,0
ブリングトゥライフ,2,8.1,4,0.0,waku,Class,TIME,last3F,7,ave3F,55.2,53.6,0
ケンハービンジャー,3,1.8,1,0.0,waku,Class,TIME,last3F,7,ave3F,59.1,57.7,0
コスモブライヤー,4,45.3,6,0.0,waku,Class,TIME,last3F,7,ave3F,----,99.0,0
タガノバルコス,5,10.6,5,0.0,waku,Class,TIME,last3F,7,ave3F,51.7,52.1,0
ナミブ,6,101.1,7,0.0,waku,Class,TIME,last3F,7,ave3F,55,59.9,0
バリコノユメ,7,5.3,3,0.0,waku,Class,TIME,last3F,7,ave3F,54.3,54.8,0
