﻿name,no,odds,pop_rank,power_index,place,distance,surface,pace_type,field_size,class,prev_place,prev_rank,is_chiho
マインインパクト,1,494.9,10,0.0,waku,Class,TIME,last3F,10,ave3F,53.7,56.1,0
ミシェラドラータ,2,73.3,8,0.0,waku,Class,TIME,last3F,10,ave3F,46.1,46.1,0
ニシノベストワン,3,15,6,0.0,waku,Class,TIME,last3F,10,ave3F,50.8,46.1,0
トゥーテイルズ,4,17.1,7,0.0,waku,Class,TIME,last3F,10,ave3F,55.7,56.0,0
モズスナイパー,5,308.8,9,0.0,waku,Class,TIME,last3F,10,ave3F,49.2,49.6,0
メモリーズオブユー,6,10.8,5,0.0,waku,Class,TIME,last3F,10,ave3F,52.8,52.4,0
テンノメッセージ,7,5.2,2,0.0,waku,Class,TIME,last3F,10,ave3F,49.6,49.6,0
ポルカリズム,8,6.3,4,0.0,waku,Class,TIME,last3F,10,ave3F,----,99.0,0
プッシュオン,9,5.9,3,0.0,waku,Class,TIME,last3F,10,ave3F,55.4,54.1,0
ショーモン,10,2,1,0.0,waku,Class,TIME,last3F,10,ave3F,47.4,47.0,0
