﻿name,no,odds,pop_rank,power_index,place,distance,surface,pace_type,field_size,class,prev_place,prev_rank,is_chiho
レヴォルタード,1,7.1,4,0.0,waku,Class,TIME,last3F,10,ave3F,57,56.0,0
ワンダイレクト,2,4.2,2,0.0,waku,Class,TIME,last3F,10,ave3F,61.1,58.9,0
アームブランシュ,3,91.2,9,0.0,waku,Class,TIME,last3F,10,ave3F,61.5,57.9,0
トップナイフ,4,2.9,1,0.0,waku,Class,TIME,last3F,10,ave3F,53.4,51.8,0
フォトンブルー,5,126.5,10,0.0,waku,Class,TIME,last3F,10,ave3F,56.8,57.0,0
タスティエーラ,6,4.2,3,0.0,waku,Class,TIME,last3F,10,ave3F,60,60.0,0
ゴッドファーザー,7,9.2,5,0.0,waku,Class,TIME,last3F,10,ave3F,58.6,60.2,0
セッション,8,17.2,7,0.0,waku,Class,TIME,last3F,10,ave3F,54.6,54.6,0
ヨリマル,9,52,8,0.0,waku,Class,TIME,last3F,10,ave3F,52.9,52.8,0
グリューネグリーン,10,10,6,0.0,waku,Class,TIME,last3F,10,ave3F,51.8,51.8,0
