﻿name,no,odds,pop_rank,power_index,place,distance,surface,pace_type,field_size,class,prev_place,prev_rank,is_chiho
ボルザコフスキー,1,5.5,3,0.0,waku,Class,TIME,last3F,10,ave3F,50.3,46.3,0
テイエムイダテン,2,88,9,0.0,waku,Class,TIME,last3F,10,ave3F,48.9,48.8,0
タイニーロマンス,3,14.4,6,0.0,waku,Class,TIME,last3F,10,ave3F,45.2,46.6,0
メイショウシンタケ,4,12,5,0.0,waku,Class,TIME,last3F,10,ave3F,48.6,46.6,0
ブルーシンフォニー,5,15.3,7,0.0,waku,Class,TIME,last3F,10,ave3F,47.3,46.6,0
サウンドカナロア,6,157.9,10,0.0,waku,Class,TIME,last3F,10,ave3F,38.9,42.2,0
シュヴェルトライテ,7,6.2,4,0.0,waku,Class,TIME,last3F,10,ave3F,55.7,52.6,0
アルトシュタット,8,3.5,2,0.0,waku,Class,TIME,last3F,10,ave3F,45.6,44.1,0
ドロップオブライト,9,18.2,8,0.0,waku,Class,TIME,last3F,10,ave3F,47.4,47.1,0
ケデシュ,10,2.9,1,0.0,waku,Class,TIME,last3F,10,ave3F,47.3,45.8,0
