﻿name,no,odds,pop_rank,power_index,place,distance,surface,pace_type,field_size,class,prev_place,prev_rank,is_chiho
クリノヴィンセント,1,249.6,15,0.0,waku,Class,TIME,last3F,16,ave3F,45.2,51.9,0
ラッキークローバー,2,23,7,0.0,waku,Class,TIME,last3F,16,ave3F,46.8,47.8,0
アポロルタ,3,31.4,8,0.0,waku,Class,TIME,last3F,16,ave3F,43.8,45.5,0
サカエショウ,4,15.2,5,0.0,waku,Class,TIME,last3F,16,ave3F,53,48.1,0
ディープグラビティ,5,6.5,3,0.0,waku,Class,TIME,last3F,16,ave3F,42.7,45.8,0
アルバリーニョ,6,69.5,12,0.0,waku,Class,TIME,last3F,16,ave3F,43.9,46.1,0
ビップソリオ,7,3.6,2,0.0,waku,Class,TIME,last3F,16,ave3F,55.2,50.5,0
フリークボンバー,8,15.6,6,0.0,waku,Class,TIME,last3F,16,ave3F,51.6,46.4,0
レッドレジェーラ,9,169.2,14,0.0,waku,Class,TIME,last3F,16,ave3F,44.4,41.7,0
ケイツーマルカ,10,32.3,9,0.0,waku,Class,TIME,last3F,16,ave3F,47.1,43.6,0
チョコレートミルク,11,399.8,16,0.0,waku,Class,TIME,last3F,16,ave3F,34.8,44.1,0
バンドールロゼ,12,38.5,10,0.0,waku,Class,TIME,last3F,16,ave3F,38.2,43.0,0
コンクエスト,13,2.3,1,0.0,waku,Class,TIME,last3F,16,ave3F,51.9,50.6,0
カズラポニアン,14,12,4,0.0,waku,Class,TIME,last3F,16,ave3F,44,45.0,0
グットフォーチュン,15,60.3,11,0.0,waku,Class,TIME,last3F,16,ave3F,46.2,45.2,0
ヴァレッタカズマ,16,150.7,13,0.0,waku,Class,TIME,last3F,16,ave3F,----,99.0,0
