﻿name,no,odds,pop_rank,power_index,place,distance,surface,pace_type,field_size,class,prev_place,prev_rank,is_chiho
スズノハマヤ,1,33.6,9,0.0,waku,Class,TIME,last3F,15,ave3F,50,49.6,0
スタボーンイメル,2,79.3,13,0.0,waku,Class,TIME,last3F,15,ave3F,51.3,51.5,0
プメハナ,3,176.7,15,0.0,waku,Class,TIME,last3F,15,ave3F,51.1,51.1,0
タガノアレハンドラ,4,34.2,11,0.0,waku,Class,TIME,last3F,15,ave3F,46.1,45.8,0
シュニー,5,27.9,7,0.0,waku,Class,TIME,last3F,15,ave3F,45.4,46.3,0
テーオーリカード,6,4.3,3,0.0,waku,Class,TIME,last3F,15,ave3F,45.9,47.3,0
ウェザーコック,7,33.8,10,0.0,waku,Class,TIME,last3F,15,ave3F,48.4,48.0,0
バリアントバイオ,8,7.2,4,0.0,waku,Class,TIME,last3F,15,ave3F,54.4,52.9,0
メイショウコボケ,9,14.3,5,0.0,waku,Class,TIME,last3F,15,ave3F,46.2,46.2,0
キリンジ,10,23.4,6,0.0,waku,Class,TIME,last3F,15,ave3F,52.7,47.6,0
ナスノカンゲツ,11,28.4,8,0.0,waku,Class,TIME,last3F,15,ave3F,50.8,50.4,0
ナチュラルリバー,12,47.7,12,0.0,waku,Class,TIME,last3F,15,ave3F,----,99.0,0
メイクザビート,13,4.2,2,0.0,waku,Class,TIME,last3F,15,ave3F,50.5,51.5,0
メイショウコガシラ,14,3,1,0.0,waku,Class,TIME,last3F,15,ave3F,52.5,53.1,0
サンマルパトロール,15,91.6,14,0.0,waku,Class,TIME,last3F,15,ave3F,51.4,47.8,0
