﻿name,no,odds,pop_rank,power_index,place,distance,surface,pace_type,field_size,class,prev_place,prev_rank,is_chiho
ヘネラルカレーラ,1,2.8,1,0.0,waku,Class,TIME,last3F,9,ave3F,47.6,50.1,0
シンシアリダーリン,2,9,4,0.0,waku,Class,TIME,last3F,9,ave3F,56.8,51.8,0
サマービート,3,23.1,7,0.0,waku,Class,TIME,last3F,9,ave3F,65.9,66.6,0
エスコバル,4,3.2,2,0.0,waku,Class,TIME,last3F,9,ave3F,54.6,52.8,0
ヴェールランス,5,4.5,3,0.0,waku,Class,TIME,last3F,9,ave3F,55.8,56.5,0
エコルフリューゲル,6,19.4,6,0.0,waku,Class,TIME,last3F,9,ave3F,56.7,46.3,0
タイセイドリーマー,7,23.6,8,0.0,waku,Class,TIME,last3F,9,ave3F,54.4,53.9,0
マッハモンルード,8,9.6,5,0.0,waku,Class,TIME,last3F,9,ave3F,56.8,55.6,0
アトミックフレア,9,110.2,9,0.0,waku,Class,TIME,last3F,9,ave3F,56.2,56.3,0
