﻿name,no,odds,pop_rank,power_index,place,distance,surface,pace_type,field_size,class,prev_place,prev_rank,is_chiho
タツオウカケンラン,1,160,14,0.0,waku,Class,TIME,last3F,17,ave3F,46.6,45.5,0
ビップランバン,2,25.3,9,0.0,waku,Class,TIME,last3F,17,ave3F,54.9,55.6,0
スペシャルトーク,3,126.1,12,0.0,waku,Class,TIME,last3F,17,ave3F,42.7,48.5,0
オーダーナチュラル,4,12.3,5,0.0,waku,Class,TIME,last3F,17,ave3F,54.2,50.8,0
ハルカナネガイ,5,144.4,13,0.0,waku,Class,TIME,last3F,17,ave3F,----,99.0,0
サトノスカイターフ,6,4.9,2,0.0,waku,Class,TIME,last3F,17,ave3F,56.3,50.6,0
エイシンピクセル,7,9.2,4,0.0,waku,Class,TIME,last3F,17,ave3F,40.7,38.0,0
ロゼクラン,8,15.3,7,0.0,waku,Class,TIME,last3F,17,ave3F,48.9,49.4,0
バレル,9,13.5,6,0.0,waku,Class,TIME,last3F,17,ave3F,----,99.0,0
グリュレーヴ,10,160.4,15,0.0,waku,Class,TIME,last3F,17,ave3F,50.9,50.6,0
アドマイヤグリーゼ,11,32.6,11,0.0,waku,Class,TIME,last3F,17,ave3F,50,48.4,0
ビジューブリランテ,12,19.8,8,0.0,waku,Class,TIME,last3F,17,ave3F,----,50.9,0
クワイエット,13,321,17,0.0,waku,Class,TIME,last3F,17,ave3F,50.8,54.7,0
ポーカー,14,2.7,1,0.0,waku,Class,TIME,last3F,17,ave3F,63.7,52.7,0
オラヴェリタス,15,31.7,10,0.0,waku,Class,TIME,last3F,17,ave3F,49.7,47.7,0
ムーンリットナイト,16,5.9,3,0.0,waku,Class,TIME,last3F,17,ave3F,53.6,49.8,0
ウォーターブレイク,17,315.4,16,0.0,waku,Class,TIME,last3F,17,ave3F,51,49.8,0
