﻿name,no,odds,pop_rank,power_index,place,distance,surface,pace_type,field_size,class,prev_place,prev_rank,is_chiho
ハイインザスカイ,1,32.1,8,0.0,waku,Class,TIME,last3F,16,ave3F,44.5,43.9,0
サザンレイク,2,255.3,16,0.0,waku,Class,TIME,last3F,16,ave3F,----,99.0,0
サノノウォーリア,3,215.2,15,0.0,waku,Class,TIME,last3F,16,ave3F,44.8,42.5,0
エミサキホコル,4,4.9,2,0.0,waku,Class,TIME,last3F,16,ave3F,44.8,45.3,0
ジャーニーメモリー,5,69,13,0.0,waku,Class,TIME,last3F,16,ave3F,46.7,46.7,0
タリエシン,6,18.1,5,0.0,waku,Class,TIME,last3F,16,ave3F,41.6,38.1,0
トロピカルヒーロー,7,104.4,14,0.0,waku,Class,TIME,last3F,16,ave3F,53.4,51.2,0
アントニオヒロキ,8,64.5,12,0.0,waku,Class,TIME,last3F,16,ave3F,46.3,42.1,0
サニーサフラン,9,20.8,7,0.0,waku,Class,TIME,last3F,16,ave3F,55.4,51.2,0
ダンスインザリング,10,39.4,9,0.0,waku,Class,TIME,last3F,16,ave3F,42.8,40.6,0
ネバレチュゴー,11,2.1,1,0.0,waku,Class,TIME,last3F,16,ave3F,41.7,40.6,0
カマラードマリー,12,51,11,0.0,waku,Class,TIME,last3F,16,ave3F,42.9,42.8,0
サルモン,13,7.4,4,0.0,waku,Class,TIME,last3F,16,ave3F,45.3,49.4,0
グラスシフォン,14,46.3,10,0.0,waku,Class,TIME,last3F,16,ave3F,43.3,40.6,0
ユイノマチブセ,15,19.9,6,0.0,waku,Class,TIME,last3F,16,ave3F,48.1,48.3,0
マヴォロンテ,16,6.2,3,0.0,waku,Class,TIME,last3F,16,ave3F,37.8,39.6,0
