﻿name,no,odds,pop_rank,power_index,place,distance,surface,pace_type,field_size,class,prev_place,prev_rank,is_chiho
メイショウポペット,1,4.9,4,0.0,waku,Class,TIME,last3F,13,ave3F,44.6,44.1,0
ノイジーアプローチ,2,72,11,0.0,waku,Class,TIME,last3F,13,ave3F,56.6,57.4,0
アルムエアフォルク,3,13.5,6,0.0,waku,Class,TIME,last3F,13,ave3F,53.2,50.1,0
インザビギニング,4,4.2,2,0.0,waku,Class,TIME,last3F,13,ave3F,49.4,49.7,0
ボールドゾーン,5,4.1,1,0.0,waku,Class,TIME,last3F,13,ave3F,----,99.0,0
ソッコータルマカ,6,4.4,3,0.0,waku,Class,TIME,last3F,13,ave3F,53.8,53.4,0
マテンロウガイ,7,9.4,5,0.0,waku,Class,TIME,last3F,13,ave3F,55.1,56.7,0
サンデーヒーロー,8,22.2,7,0.0,waku,Class,TIME,last3F,13,ave3F,45.3,45.2,0
ペイシャハヤブサ,9,101.4,12,0.0,waku,Class,TIME,last3F,13,ave3F,52,52.8,0
スペンサーバローズ,10,30.5,8,0.0,waku,Class,TIME,last3F,13,ave3F,46.8,45.5,0
ユアフラッシュ,11,179.9,13,0.0,waku,Class,TIME,last3F,13,ave3F,44.7,42.5,0
マコトヴィクラント,12,33.1,9,0.0,waku,Class,TIME,last3F,13,ave3F,47.2,48.1,0
メイトースイ,13,35.9,10,0.0,waku,Class,TIME,last3F,13,ave3F,48.9,46.6,0
