﻿name,no,odds,pop_rank,power_index,place,distance,surface,pace_type,field_size,class,prev_place,prev_rank,is_chiho
ワープスピード,1,6,2,0.0,waku,Class,TIME,last3F,13,ave3F,54.1,52.9,0
エルディアブロ,2,11.8,5,0.0,waku,Class,TIME,last3F,13,ave3F,56.3,55.7,0
イヤサカ,3,15.6,7,0.0,waku,Class,TIME,last3F,13,ave3F,56.8,59.6,0
ブルーゲート,4,22.7,8,0.0,waku,Class,TIME,last3F,13,ave3F,56.5,54.0,0
ダディーズトリップ,5,41.5,10,0.0,waku,Class,TIME,last3F,13,ave3F,56.3,51.8,0
ヘネラルカレーラ,6,6.2,3,0.0,waku,Class,TIME,last3F,13,ave3F,56.3,56.3,0
タイセイドリーマー,7,44.9,11,0.0,waku,Class,TIME,last3F,13,ave3F,55,50.2,0
レッドバリエンテ,8,2.1,1,0.0,waku,Class,TIME,last3F,13,ave3F,49.9,50.5,0
アルバーシャ,9,13.6,6,0.0,waku,Class,TIME,last3F,13,ave3F,59.3,56.2,0
シーリアスラブ,10,243.8,13,0.0,waku,Class,TIME,last3F,13,ave3F,58.9,58.2,0
シテフローラル,11,9.9,4,0.0,waku,Class,TIME,last3F,13,ave3F,58.6,57.9,0
タイセイコマンド,12,33,9,0.0,waku,Class,TIME,last3F,13,ave3F,50.7,51.8,0
エコルフリューゲル,13,99.6,12,0.0,waku,Class,TIME,last3F,13,ave3F,59,60.0,0
