﻿name,no,odds,pop_rank,power_index,place,distance,surface,pace_type,field_size,class,prev_place,prev_rank,is_chiho
ブレットフライ,1,66.9,10,0.0,waku,Class,TIME,last3F,15,ave3F,45.3,44.1,0
ララモンドール,2,38.9,8,0.0,waku,Class,TIME,last3F,15,ave3F,50.9,47.7,0
セイシェルノユウヒ,3,41.1,9,0.0,waku,Class,TIME,last3F,15,ave3F,48.5,47.2,0
トリグラフ,4,17.9,6,0.0,waku,Class,TIME,last3F,15,ave3F,46.3,45.8,0
サイモンルグラン,5,82.6,11,0.0,waku,Class,TIME,last3F,15,ave3F,49.9,48.0,0
ロイヤルダンス,6,4.8,3,0.0,waku,Class,TIME,last3F,15,ave3F,45.2,49.1,0
ヨドノドリーム,7,199.9,12,0.0,waku,Class,TIME,last3F,15,ave3F,54.9,52.9,0
サプライズビュー,8,8.7,5,0.0,waku,Class,TIME,last3F,15,ave3F,49.2,45.1,0
セイウンオードリー,9,19.3,7,0.0,waku,Class,TIME,last3F,15,ave3F,51.8,50.6,0
キタサンドーシン,10,3,1,0.0,waku,Class,TIME,last3F,15,ave3F,46.9,50.5,0
モネータドーロ,11,5.2,4,0.0,waku,Class,TIME,last3F,15,ave3F,58.4,59.9,0
テイエムダイアタリ,12,278.8,13,0.0,waku,Class,TIME,last3F,15,ave3F,46.3,43.1,0
ロードレアル,13,取消し,,0.0,waku,Class,TIME,last3F,15,ave3F,42.2,48.3,0
ダフニス,14,取消し,,0.0,waku,Class,TIME,last3F,15,ave3F,----,99.0,0
フォーワンセルフ,15,4.5,2,0.0,waku,Class,TIME,last3F,15,ave3F,49.5,48.2,0
