﻿name,no,odds,pop_rank,power_index,place,distance,surface,pace_type,field_size,class,prev_place,prev_rank,is_chiho
タイセイジャスパー,1,26.5,8,0.0,waku,Class,TIME,last3F,16,ave3F,46.8,44.9,0
クローリスノキセキ,2,38.2,11,0.0,waku,Class,TIME,last3F,16,ave3F,47,46.1,0
ブルーダイヤカフェ,3,24.9,7,0.0,waku,Class,TIME,last3F,16,ave3F,48.6,42.4,0
ブーケオブアイリス,4,174.8,16,0.0,waku,Class,TIME,last3F,16,ave3F,47,43.8,0
クリスタルウエイ,5,68.3,13,0.0,waku,Class,TIME,last3F,16,ave3F,47.9,48.2,0
アポロプラネット,6,13.6,5,0.0,waku,Class,TIME,last3F,16,ave3F,43.8,39.2,0
セイカフォルゴーレ,7,7,3,0.0,waku,Class,TIME,last3F,16,ave3F,36.9,40.0,0
ダイチヴィヴァン,8,64.8,12,0.0,waku,Class,TIME,last3F,16,ave3F,41.9,41.9,0
アウトパフォーム,9,32.2,9,0.0,waku,Class,TIME,last3F,16,ave3F,39.1,36.1,0
コーリングローリー,10,121.1,14,0.0,waku,Class,TIME,last3F,16,ave3F,47.8,41.6,0
ゼンカイテン,11,33.2,10,0.0,waku,Class,TIME,last3F,16,ave3F,39,40.6,0
ドリームビリーバー,12,1.9,1,0.0,waku,Class,TIME,last3F,16,ave3F,42.7,42.7,0
ウィンダミア,13,6.7,2,0.0,waku,Class,TIME,last3F,16,ave3F,49.6,48.4,0
ニルカンタテソーロ,14,8.7,4,0.0,waku,Class,TIME,last3F,16,ave3F,40.1,37.8,0
サトノワールド,15,123.4,15,0.0,waku,Class,TIME,last3F,16,ave3F,49.3,48.2,0
ネイチャーカレン,16,21.5,6,0.0,waku,Class,TIME,last3F,16,ave3F,43.5,37.8,0
