﻿name,no,odds,pop_rank,power_index,place,distance,surface,pace_type,field_size,class,prev_place,prev_rank,is_chiho
ジャスティンエース,1,4.6,3,0.0,waku,Class,TIME,last3F,15,ave3F,53.4,52.1,0
コミカライズ,2,4.4,2,0.0,waku,Class,TIME,last3F,15,ave3F,55.8,39.6,0
ワザモノ,3,14.5,7,0.0,waku,Class,TIME,last3F,15,ave3F,55.9,53.5,0
ラキャラントシス,4,143.3,13,0.0,waku,Class,TIME,last3F,15,ave3F,56.2,39.6,0
ニシノスーベニア,5,3.6,1,0.0,waku,Class,TIME,last3F,15,ave3F,56.1,54.1,0
エールトゥヘヴン,6,10.7,5,0.0,waku,Class,TIME,last3F,15,ave3F,56.6,54.0,0
ノーダブルディップ,7,12.2,6,0.0,waku,Class,TIME,last3F,15,ave3F,51.2,53.9,0
アンクロワ,8,7.1,4,0.0,waku,Class,TIME,last3F,15,ave3F,47.8,46.0,0
タケルジャック,9,261.1,15,0.0,waku,Class,TIME,last3F,15,ave3F,64.5,61.5,0
ジャングルキング,10,16.3,8,0.0,waku,Class,TIME,last3F,15,ave3F,57,56.6,0
エンギダルマ,11,68.3,11,0.0,waku,Class,TIME,last3F,15,ave3F,47.6,49.1,0
セナリスト,12,38.5,9,0.0,waku,Class,TIME,last3F,15,ave3F,48,49.2,0
オブデュモンド,13,42.4,10,0.0,waku,Class,TIME,last3F,15,ave3F,49.9,46.4,0
ニシノオイカゼ,14,224.2,14,0.0,waku,Class,TIME,last3F,15,ave3F,51,45.6,0
ジッピーレーサー,15,94.1,12,0.0,waku,Class,TIME,last3F,15,ave3F,58.4,54.3,0
