﻿name,no,odds,pop_rank,power_index,place,distance,surface,pace_type,field_size,class,prev_place,prev_rank,is_chiho
テラステラ,1,7.3,4,0.0,waku,Class,TIME,last3F,14,ave3F,50.3,46.9,0
カルロヴェローチェ,2,2.9,1,0.0,waku,Class,TIME,last3F,14,ave3F,51.7,59.6,0
ウメムスビ,3,69.4,10,0.0,waku,Class,TIME,last3F,14,ave3F,43.2,46.1,0
サウザンサニー,4,157.1,14,0.0,waku,Class,TIME,last3F,14,ave3F,38.6,43.2,0
バグラダス,5,5.2,3,0.0,waku,Class,TIME,last3F,14,ave3F,55.4,49.6,0
タマモブラックタイ,6,27.2,8,0.0,waku,Class,TIME,last3F,14,ave3F,46.6,44.6,0
スーパーアグリ,7,14.7,5,0.0,waku,Class,TIME,last3F,14,ave3F,51.5,50.0,0
ペースセッティング,8,3.1,2,0.0,waku,Class,TIME,last3F,14,ave3F,53.6,52.1,0
アームズレイン,9,87.3,12,0.0,waku,Class,TIME,last3F,14,ave3F,48.3,48.3,0
ミルトクレイモー,10,25.2,7,0.0,waku,Class,TIME,last3F,14,ave3F,53.9,51.2,0
メリオルヴィータ,11,133.1,13,0.0,waku,Class,TIME,last3F,14,ave3F,51.6,52.3,0
サトノグレイト,12,82.9,11,0.0,waku,Class,TIME,last3F,14,ave3F,48.9,44.1,0
スプレモフレイバー,13,17.5,6,0.0,waku,Class,TIME,last3F,14,ave3F,52.9,48.8,0
ハチメンロッピ,14,50.2,9,0.0,waku,Class,TIME,last3F,14,ave3F,42.7,42.3,0
