﻿name,no,odds,pop_rank,power_index,place,distance,surface,pace_type,field_size,class,prev_place,prev_rank,is_chiho
キトゥンズワルツ,1,115.4,14,0.0,waku,Class,TIME,last3F,16,ave3F,48.1,50.9,0
ベルカノア,2,11.4,5,0.0,waku,Class,TIME,last3F,16,ave3F,45.6,47.8,0
サーストンシカゴ,3,222.1,15,0.0,waku,Class,TIME,last3F,16,ave3F,----,99.0,0
ダンディジャック,4,14.7,7,0.0,waku,Class,TIME,last3F,16,ave3F,57,59.3,0
フロスティクォーツ,5,56.3,11,0.0,waku,Class,TIME,last3F,16,ave3F,50.7,42.7,0
メリーセンス,6,62.6,12,0.0,waku,Class,TIME,last3F,16,ave3F,38.8,43.2,0
キュールエライジン,7,83.9,13,0.0,waku,Class,TIME,last3F,16,ave3F,44.6,49.3,0
ビートエモーション,8,25,8,0.0,waku,Class,TIME,last3F,16,ave3F,43.1,43.0,0
サンライズジョワ,9,27.7,9,0.0,waku,Class,TIME,last3F,16,ave3F,----,99.0,0
ボブズヤアンクル,10,2.1,1,0.0,waku,Class,TIME,last3F,16,ave3F,43.9,40.9,0
キングクー,11,8.8,3,0.0,waku,Class,TIME,last3F,16,ave3F,----,99.0,0
キーフェイス,12,361.4,16,0.0,waku,Class,TIME,last3F,16,ave3F,44.3,47.8,0
カールスモーキー,13,5.3,2,0.0,waku,Class,TIME,last3F,16,ave3F,46.6,48.3,0
ニシノフウジン,14,43.3,10,0.0,waku,Class,TIME,last3F,16,ave3F,52.2,44.3,0
オリ,15,13.4,6,0.0,waku,Class,TIME,last3F,16,ave3F,44.4,45.9,0
イスラグランデ,16,10.2,4,0.0,waku,Class,TIME,last3F,16,ave3F,41.8,49.8,0
