﻿name,no,odds,pop_rank,power_index,place,distance,surface,pace_type,field_size,class,prev_place,prev_rank,is_chiho
ベルウッドウズメ,1,83.8,11,0.0,waku,Class,TIME,last3F,16,ave3F,45.1,45.4,0
リングストゥワイス,2,14.3,6,0.0,waku,Class,TIME,last3F,16,ave3F,45.4,44.0,0
ストロングカレント,3,159.2,14,0.0,waku,Class,TIME,last3F,16,ave3F,50.1,55.9,0
マサカウマザンマイ,4,50.9,10,0.0,waku,Class,TIME,last3F,16,ave3F,44.3,38.6,0
ディープグラビティ,5,2.6,1,0.0,waku,Class,TIME,last3F,16,ave3F,43.9,44.1,0
アイファーファイト,6,24.6,9,0.0,waku,Class,TIME,last3F,16,ave3F,----,99.0,0
ビップソリオ,7,7.6,3,0.0,waku,Class,TIME,last3F,16,ave3F,49.9,46.4,0
ヒメカミノイタダキ,8,92.8,12,0.0,waku,Class,TIME,last3F,16,ave3F,39.8,40.7,0
アニージョ,9,17.9,8,0.0,waku,Class,TIME,last3F,16,ave3F,49.7,45.3,0
フリークボンバー,10,12.2,4,0.0,waku,Class,TIME,last3F,16,ave3F,46,46.8,0
レッドアウレア,11,123.4,13,0.0,waku,Class,TIME,last3F,16,ave3F,43.7,46.1,0
バンドールロゼ,12,13.9,5,0.0,waku,Class,TIME,last3F,16,ave3F,43.5,46.1,0
ハンデンキング,13,387.1,16,0.0,waku,Class,TIME,last3F,16,ave3F,42.4,41.2,0
マイレッドスター,14,3.3,2,0.0,waku,Class,TIME,last3F,16,ave3F,52,52.2,0
ネイト,15,14.9,7,0.0,waku,Class,TIME,last3F,16,ave3F,48.6,47.7,0
エイシンディアデム,16,334,15,0.0,waku,Class,TIME,last3F,16,ave3F,40.2,42.3,0
