﻿name,no,odds,pop_rank,power_index,place,distance,surface,pace_type,field_size,class,prev_place,prev_rank,is_chiho
サトノミスチーフ,1,24.9,7,0.0,waku,Class,TIME,last3F,10,ave3F,53.5,52.9,0
ベンダバリラビア,2,3.1,1,0.0,waku,Class,TIME,last3F,10,ave3F,58,54.6,0
メイショウモズ,3,35.5,9,0.0,waku,Class,TIME,last3F,10,ave3F,48.5,48.1,0
バールデュヴァン,4,28.6,8,0.0,waku,Class,TIME,last3F,10,ave3F,46,41.2,0
ヨリノサファイヤ,5,3.3,2,0.0,waku,Class,TIME,last3F,10,ave3F,56.8,56.7,0
ゴッドブルービー,6,4.9,4,0.0,waku,Class,TIME,last3F,10,ave3F,45.3,45.3,0
マサハヤウォルズ,7,74.9,10,0.0,waku,Class,TIME,last3F,10,ave3F,48.1,47.5,0
ナチュラルリバー,8,15.7,5,0.0,waku,Class,TIME,last3F,10,ave3F,45.5,42.8,0
ハギノサステナブル,9,4.9,3,0.0,waku,Class,TIME,last3F,10,ave3F,56.4,56.0,0
ツークフォーゲル,10,18.5,6,0.0,waku,Class,TIME,last3F,10,ave3F,49.3,42.6,0
