﻿name,no,odds,pop_rank,power_index,place,distance,surface,pace_type,field_size,class,prev_place,prev_rank,is_chiho
アラタ,1,13,6,0.0,waku,Class,TIME,last3F,12,ave3F,52.7,49.4,0
マリアエレーナ,2,3.1,2,0.0,waku,Class,TIME,last3F,12,ave3F,58.4,44.4,0
ハヤヤッコ,3,41.9,8,0.0,waku,Class,TIME,last3F,12,ave3F,56.5,52.9,0
ディープモンスター,4,11.7,5,0.0,waku,Class,TIME,last3F,12,ave3F,53.9,52.0,0
ワンダフルタウン,5,120.1,11,0.0,waku,Class,TIME,last3F,12,ave3F,54.3,52.9,0
ルビーカサブランカ,6,47.2,9,0.0,waku,Class,TIME,last3F,12,ave3F,50.6,47.0,0
グランオフィシエ,7,73.9,10,0.0,waku,Class,TIME,last3F,12,ave3F,56.2,53.1,0
バイオスパーク,8,414.6,12,0.0,waku,Class,TIME,last3F,12,ave3F,54.7,50.9,0
ポタジェ,9,24.6,7,0.0,waku,Class,TIME,last3F,12,ave3F,59.1,44.4,0
フェーングロッテン,10,7.6,3,0.0,waku,Class,TIME,last3F,12,ave3F,41.1,48.2,0
ヤマニンサルバム,11,7.8,4,0.0,waku,Class,TIME,last3F,12,ave3F,58.2,56.9,0
プログノーシス,12,2.5,1,0.0,waku,Class,TIME,last3F,12,ave3F,60.4,57.9,0
