﻿name,no,odds,pop_rank,power_index,place,distance,surface,pace_type,field_size,class,prev_place,prev_rank,is_chiho
キミワテル,1,19.3,8,0.0,waku,Class,TIME,last3F,16,ave3F,43.4,42.1,0
アメリカンファクト,2,92.2,12,0.0,waku,Class,TIME,last3F,16,ave3F,51.5,49.3,0
アイヴォリードレス,3,13.3,7,0.0,waku,Class,TIME,last3F,16,ave3F,44.8,37.8,0
フルム,4,13.2,6,0.0,waku,Class,TIME,last3F,16,ave3F,50.8,43.0,0
ヴァガボンド,5,25.7,10,0.0,waku,Class,TIME,last3F,16,ave3F,41.1,44.0,0
タイセイグラシア,6,156.1,14,0.0,waku,Class,TIME,last3F,16,ave3F,44.6,42.0,0
ヴァリアント,7,10.3,4,0.0,waku,Class,TIME,last3F,16,ave3F,45,42.1,0
シゲルヒラトリ,8,118.9,13,0.0,waku,Class,TIME,last3F,16,ave3F,46.4,42.6,0
ワイドソロモン,9,22.6,9,0.0,waku,Class,TIME,last3F,16,ave3F,46.8,46.3,0
ジゲン,10,2.5,1,0.0,waku,Class,TIME,last3F,16,ave3F,41.3,38.7,0
ヒロノトウリョウ,11,170.1,15,0.0,waku,Class,TIME,last3F,16,ave3F,57.2,48.8,0
ウラカワノキセキ,12,5.9,2,0.0,waku,Class,TIME,last3F,16,ave3F,45.6,48.0,0
レッドランサー,13,212.8,16,0.0,waku,Class,TIME,last3F,16,ave3F,43,38.7,0
マイヨアポア,14,12.2,5,0.0,waku,Class,TIME,last3F,16,ave3F,37.7,41.3,0
セイカフォルゴーレ,15,6,3,0.0,waku,Class,TIME,last3F,16,ave3F,43.5,44.5,0
グルアーブ,16,41.4,11,0.0,waku,Class,TIME,last3F,16,ave3F,47.7,49.3,0
