﻿name,no,odds,pop_rank,power_index,place,distance,surface,pace_type,field_size,class,prev_place,prev_rank,is_chiho
サマートゥリスト,1,2.9,1,0.0,waku,Class,TIME,last3F,12,ave3F,46.3,47.6,0
ドロップオブライト,2,24.3,8,0.0,waku,Class,TIME,last3F,12,ave3F,48.5,46.8,0
シュアーヴアリア,3,69,11,0.0,waku,Class,TIME,last3F,12,ave3F,51.7,47.7,0
メイショウホシアイ,4,7.8,4,0.0,waku,Class,TIME,last3F,12,ave3F,47.1,47.6,0
パーソナルハイ,5,9.4,5,0.0,waku,Class,TIME,last3F,12,ave3F,60.1,57.6,0
クロスマジェスティ,6,72.5,12,0.0,waku,Class,TIME,last3F,12,ave3F,50.1,44.9,0
ブライトオンベイス,7,35.7,10,0.0,waku,Class,TIME,last3F,12,ave3F,43.4,46.6,0
シャンブル,8,29.3,9,0.0,waku,Class,TIME,last3F,12,ave3F,47.4,49.0,0
アルーリングウェイ,9,18.1,7,0.0,waku,Class,TIME,last3F,12,ave3F,46.4,46.6,0
アヴェラーレ,10,4.9,2,0.0,waku,Class,TIME,last3F,12,ave3F,55.8,51.9,0
タガノパッション,11,4.9,3,0.0,waku,Class,TIME,last3F,12,ave3F,52.3,49.0,0
ノワールドゥジェ,12,11.1,6,0.0,waku,Class,TIME,last3F,12,ave3F,57.6,56.2,0
