﻿name,no,odds,pop_rank,power_index,place,distance,surface,pace_type,field_size,class,prev_place,prev_rank,is_chiho
ファミリークレスト,1,5.3,2,0.0,waku,Class,TIME,last3F,14,ave3F,46.2,46.1,0
イシュタル,2,6.9,4,0.0,waku,Class,TIME,last3F,14,ave3F,49.7,49.1,0
ミツカネヴィーナス,3,10.1,6,0.0,waku,Class,TIME,last3F,14,ave3F,49.7,49.1,0
ルージュフェリーク,4,65.5,13,0.0,waku,Class,TIME,last3F,14,ave3F,43.2,42.4,0
エレボアブランシュ,5,7.3,5,0.0,waku,Class,TIME,last3F,14,ave3F,45,43.9,0
スズノテレサ,6,5.8,3,0.0,waku,Class,TIME,last3F,14,ave3F,49,49.9,0
ウィズザワールド,7,5.2,1,0.0,waku,Class,TIME,last3F,14,ave3F,47.7,47.7,0
トゥザヒロイン,8,27.1,10,0.0,waku,Class,TIME,last3F,14,ave3F,45.2,45.8,0
チャーチャンテン,9,191.3,14,0.0,waku,Class,TIME,last3F,14,ave3F,40.9,40.5,0
オーロラアーク,10,18.6,9,0.0,waku,Class,TIME,last3F,14,ave3F,51.3,47.7,0
ビーマイセルフ,11,13.2,8,0.0,waku,Class,TIME,last3F,14,ave3F,45.2,48.0,0
シンボリックレルム,12,29.4,11,0.0,waku,Class,TIME,last3F,14,ave3F,40.9,45.1,0
クインズジョイフル,13,13.1,7,0.0,waku,Class,TIME,last3F,14,ave3F,51.5,48.6,0
ハローサブリナ,14,34.8,12,0.0,waku,Class,TIME,last3F,14,ave3F,49.7,50.5,0
