﻿name,no,odds,pop_rank,power_index,place,distance,surface,pace_type,field_size,class,prev_place,prev_rank,is_chiho
マイネルフォルツァ,1,8.4,4,0.0,waku,Class,TIME,last3F,12,ave3F,55.7,50.6,0
マルチャン,2,5.7,3,0.0,waku,Class,TIME,last3F,12,ave3F,56.2,51.1,0
ノーブルミステリー,3,307.8,9,0.0,waku,Class,TIME,last3F,12,ave3F,42.3,46.3,0
フォーカルフラワー,4,13.5,5,0.0,waku,Class,TIME,last3F,12,ave3F,61.5,59.9,0
ロードディフィート,5,24.5,7,0.0,waku,Class,TIME,last3F,12,ave3F,59.3,55.0,0
スマラグドス,6,5.3,2,0.0,waku,Class,TIME,last3F,12,ave3F,50,51.8,0
ダンシングハピリー,7,632,12,0.0,waku,Class,TIME,last3F,12,ave3F,47.3,50.9,0
チャイボーグ,8,492.6,10,0.0,waku,Class,TIME,last3F,12,ave3F,48.4,46.5,0
トラマンダーレ,9,1.6,1,0.0,waku,Class,TIME,last3F,12,ave3F,62,62.0,0
セセラギ,10,618.1,11,0.0,waku,Class,TIME,last3F,12,ave3F,55.1,55.9,0
ゴキゲンサン,11,21.5,6,0.0,waku,Class,TIME,last3F,12,ave3F,44.6,42.5,0
コンチトーホク,12,99.3,8,0.0,waku,Class,TIME,last3F,12,ave3F,51.9,52.3,0
