﻿name,no,odds,pop_rank,power_index,place,distance,surface,pace_type,field_size,class,prev_place,prev_rank,is_chiho
ヒーローコール,1,7.4,4,0.0,waku,Class,TIME,last3F,14,ave3F,----,99.0,0
モックモック,2,8.5,5,0.0,waku,Class,TIME,last3F,14,ave3F,46.3,46.3,0
フジラプンツェル,3,346.9,14,0.0,waku,Class,TIME,last3F,14,ave3F,49.6,46.8,0
モンドプリューム,4,15.1,7,0.0,waku,Class,TIME,last3F,14,ave3F,57.8,55.9,0
ティルドーン,5,113.1,13,0.0,waku,Class,TIME,last3F,14,ave3F,----,99.0,0
カレンアルカンタラ,6,6.7,2,0.0,waku,Class,TIME,last3F,14,ave3F,53.5,51.4,0
ミトノオー,7,2.5,1,0.0,waku,Class,TIME,last3F,14,ave3F,44.6,42.5,0
マオノアラシ,8,66.3,11,0.0,waku,Class,TIME,last3F,14,ave3F,59.7,58.9,0
アイファーテイオー,9,37.6,10,0.0,waku,Class,TIME,last3F,14,ave3F,49.6,46.8,0
ベンダバリラビア,10,7.1,3,0.0,waku,Class,TIME,last3F,14,ave3F,55.7,54.6,0
ゴールドバランサー,11,9.3,6,0.0,waku,Class,TIME,last3F,14,ave3F,49.8,50.4,0
オーロイプラータ,12,20.3,8,0.0,waku,Class,TIME,last3F,14,ave3F,52.8,54.6,0
ダスク,13,85.6,12,0.0,waku,Class,TIME,last3F,14,ave3F,43.1,51.4,0
ルクスフロンティア,14,31.9,9,0.0,waku,Class,TIME,last3F,14,ave3F,53.2,52.8,0
