﻿name,no,odds,pop_rank,power_index,place,distance,surface,pace_type,field_size,class,prev_place,prev_rank,is_chiho
マイネルエンペラー,1,8.4,3,0.0,waku,Class,TIME,last3F,8,ave3F,53.3,52.4,0
ハーツコンチェルト,2,2,1,0.0,waku,Class,TIME,last3F,8,ave3F,56.8,51.6,0
ラスハンメル,3,20,5,0.0,waku,Class,TIME,last3F,8,ave3F,56,54.8,0
ティムール,4,81.8,8,0.0,waku,Class,TIME,last3F,8,ave3F,53.9,51.8,0
クールミラボー,5,13.9,4,0.0,waku,Class,TIME,last3F,8,ave3F,48.1,45.5,0
ミントマーク,6,24.4,6,0.0,waku,Class,TIME,last3F,8,ave3F,56.8,54.1,0
ロゼル,7,36.5,7,0.0,waku,Class,TIME,last3F,8,ave3F,54.6,52.3,0
ショウナンバシット,8,2.2,2,0.0,waku,Class,TIME,last3F,8,ave3F,58.1,57.3,0
