﻿name,no,odds,pop_rank,power_index,place,distance,surface,pace_type,field_size,class,prev_place,prev_rank,is_chiho
フミロア,1,158.5,15,0.0,waku,Class,TIME,last3F,16,ave3F,52.3,47.1,0
ゼログラヴィティ,2,9.9,5,0.0,waku,Class,TIME,last3F,16,ave3F,51.8,49.4,0
コスモカルナック,3,17.8,7,0.0,waku,Class,TIME,last3F,16,ave3F,----,99.0,0
メイショウゲンセン,4,21.8,9,0.0,waku,Class,TIME,last3F,16,ave3F,48.8,49.1,0
ホウオウノーサイド,5,7.3,2,0.0,waku,Class,TIME,last3F,16,ave3F,50.6,44.9,0
レディバランタイン,6,42.6,13,0.0,waku,Class,TIME,last3F,16,ave3F,51.8,49.6,0
グランアリエル,7,38.9,12,0.0,waku,Class,TIME,last3F,16,ave3F,42.8,48.8,0
ミッキーハーモニー,8,2.5,1,0.0,waku,Class,TIME,last3F,16,ave3F,53.9,53.9,0
スリーパーダ,9,19.8,8,0.0,waku,Class,TIME,last3F,16,ave3F,54.5,52.1,0
アビエルト,10,30,10,0.0,waku,Class,TIME,last3F,16,ave3F,46.8,44.1,0
オシリスブレイン,11,37.3,11,0.0,waku,Class,TIME,last3F,16,ave3F,53,49.4,0
イルクオーレ,12,11.9,6,0.0,waku,Class,TIME,last3F,16,ave3F,50.6,49.4,0
ショウナンラスボス,13,7.8,4,0.0,waku,Class,TIME,last3F,16,ave3F,50.9,49.4,0
ジョニーズララバイ,14,175.8,16,0.0,waku,Class,TIME,last3F,16,ave3F,53.8,52.1,0
ブルースピリット,15,7.4,3,0.0,waku,Class,TIME,last3F,16,ave3F,45.5,43.1,0
ユキノファラオ,16,144,14,0.0,waku,Class,TIME,last3F,16,ave3F,52.6,49.6,0
