﻿name,no,odds,pop_rank,power_index,place,distance,surface,pace_type,field_size,class,prev_place,prev_rank,is_chiho
ブラックボイス,1,4.4,1,0.0,waku,Class,TIME,last3F,12,ave3F,50.4,50.0,0
グッドリドゥンス,2,332.9,12,0.0,waku,Class,TIME,last3F,12,ave3F,50.8,50.6,0
ヴォルゴグラード,3,5.8,4,0.0,waku,Class,TIME,last3F,12,ave3F,46.9,50.1,0
ニホンピロオーセン,4,165.4,11,0.0,waku,Class,TIME,last3F,12,ave3F,44.4,43.6,0
テーオードレフォン,5,7.7,5,0.0,waku,Class,TIME,last3F,12,ave3F,49.9,50.0,0
トゥルブレンシア,6,11,7,0.0,waku,Class,TIME,last3F,12,ave3F,49.2,40.0,0
ルイナールカズマ,7,12.2,8,0.0,waku,Class,TIME,last3F,12,ave3F,46.8,48.5,0
マリオロード,8,60.7,9,0.0,waku,Class,TIME,last3F,12,ave3F,45.9,48.6,0
サンライズジャスト,9,4.9,2,0.0,waku,Class,TIME,last3F,12,ave3F,48.8,46.8,0
パトリオットラン,10,8.8,6,0.0,waku,Class,TIME,last3F,12,ave3F,51.7,51.9,0
エクセスリターン,11,4.9,3,0.0,waku,Class,TIME,last3F,12,ave3F,54.4,50.3,0
ダンツチョイス,12,131,10,0.0,waku,Class,TIME,last3F,12,ave3F,52.8,52.9,0
