﻿name,no,odds,pop_rank,power_index,place,distance,surface,pace_type,field_size,class,prev_place,prev_rank,is_chiho
ハリウッドヒルズ,1,15.3,6,0.0,waku,Class,TIME,last3F,16,ave3F,57.6,57.1,0
アリシアン,2,33.9,9,0.0,waku,Class,TIME,last3F,16,ave3F,45.8,46.1,0
ビジュノワール,3,11.8,4,0.0,waku,Class,TIME,last3F,16,ave3F,49.5,52.4,0
マブセレナード,4,341.1,12,0.0,waku,Class,TIME,last3F,16,ave3F,55.7,48.8,0
ユヌエトワール,5,22.3,7,0.0,waku,Class,TIME,last3F,16,ave3F,49.1,47.2,0
モメントグスタール,6,106.6,11,0.0,waku,Class,TIME,last3F,16,ave3F,56.4,52.4,0
セキテイオー,7,11.6,3,0.0,waku,Class,TIME,last3F,16,ave3F,52.9,52.9,0
モンタナアゲート,8,4.1,2,0.0,waku,Class,TIME,last3F,16,ave3F,53.2,51.5,0
ホウオウプレミア,9,1.8,1,0.0,waku,Class,TIME,last3F,16,ave3F,54.5,52.9,0
マンドローネ,10,12,5,0.0,waku,Class,TIME,last3F,16,ave3F,53.8,52.9,0
テールデトワール,11,27.4,8,0.0,waku,Class,TIME,last3F,16,ave3F,----,99.0,0
ツキニホエル,12,559.7,16,0.0,waku,Class,TIME,last3F,16,ave3F,----,99.0,0
ホウオウジュレップ,13,393.7,15,0.0,waku,Class,TIME,last3F,16,ave3F,49.4,45.2,0
アルファウェーブ,14,51.6,10,0.0,waku,Class,TIME,last3F,16,ave3F,54.7,52.9,0
マコトチガネマル,15,379.9,14,0.0,waku,Class,TIME,last3F,16,ave3F,----,99.0,0
ロジローズ,16,353.8,13,0.0,waku,Class,TIME,last3F,16,ave3F,43.9,42.3,0
