﻿name,no,odds,pop_rank,power_index,place,distance,surface,pace_type,field_size,class,prev_place,prev_rank,is_chiho
タガノチュール,1,208.7,14,0.0,waku,Class,TIME,last3F,16,ave3F,41,45.6,0
キタノセレナード,2,3.6,2,0.0,waku,Class,TIME,last3F,16,ave3F,45.1,45.6,0
ファジェス,3,201.4,13,0.0,waku,Class,TIME,last3F,16,ave3F,47.6,52.1,0
テイエムフォンテ,4,187.5,11,0.0,waku,Class,TIME,last3F,16,ave3F,50.8,50.4,0
タガノカンデラ,5,42.9,8,0.0,waku,Class,TIME,last3F,16,ave3F,47.1,46.4,0
サトノルフィアン,6,25.7,6,0.0,waku,Class,TIME,last3F,16,ave3F,44.8,43.9,0
ネフェルタリ,7,33.3,7,0.0,waku,Class,TIME,last3F,16,ave3F,40.8,47.0,0
スナークレジスト,8,69.1,10,0.0,waku,Class,TIME,last3F,16,ave3F,53.5,52.5,0
リースタル,9,48.9,9,0.0,waku,Class,TIME,last3F,16,ave3F,50.5,52.9,0
エナハツホ,10,13,5,0.0,waku,Class,TIME,last3F,16,ave3F,47.3,46.0,0
ファーストソリスト,11,219.5,15,0.0,waku,Class,TIME,last3F,16,ave3F,53.9,52.1,0
ウォーターアンク,12,242.1,16,0.0,waku,Class,TIME,last3F,16,ave3F,50.6,48.8,0
パーティーベル,13,4.8,3,0.0,waku,Class,TIME,last3F,16,ave3F,45.5,45.4,0
テーオードレフォン,14,2.8,1,0.0,waku,Class,TIME,last3F,16,ave3F,48.4,48.6,0
ワンダーブレット,15,5.3,4,0.0,waku,Class,TIME,last3F,16,ave3F,46.6,46.1,0
ファイヴレター,16,190.2,12,0.0,waku,Class,TIME,last3F,16,ave3F,50.9,52.5,0
