﻿name,no,odds,pop_rank,power_index,place,distance,surface,pace_type,field_size,class,prev_place,prev_rank,is_chiho
シュルレアリスト,1,77.3,10,0.0,waku,Class,TIME,last3F,16,ave3F,43.9,48.6,0
ヴィンテージボンド,2,2.1,1,0.0,waku,Class,TIME,last3F,16,ave3F,55.3,54.8,0
マジック,3,15.7,6,0.0,waku,Class,TIME,last3F,16,ave3F,46.7,46.7,0
マイネルレンカ,4,349.6,14,0.0,waku,Class,TIME,last3F,16,ave3F,50.8,51.1,0
ブーケドフルール,5,496.2,16,0.0,waku,Class,TIME,last3F,16,ave3F,55.4,55.2,0
ラルフ,6,23.9,7,0.0,waku,Class,TIME,last3F,16,ave3F,38.4,45.9,0
フランスゴデイナ,7,5.8,3,0.0,waku,Class,TIME,last3F,16,ave3F,49.2,49.2,0
ミッションレール,8,35.8,8,0.0,waku,Class,TIME,last3F,16,ave3F,51.2,51.1,0
タイセイエピソード,9,11.1,5,0.0,waku,Class,TIME,last3F,16,ave3F,47.7,46.2,0
ロジカルガール,10,435.1,15,0.0,waku,Class,TIME,last3F,16,ave3F,46.3,48.3,0
アースライザー,11,43.1,9,0.0,waku,Class,TIME,last3F,16,ave3F,50,50.1,0
カネトシブルーム,12,5.1,2,0.0,waku,Class,TIME,last3F,16,ave3F,41.1,40.9,0
ミエノナイスガイ,13,212.1,13,0.0,waku,Class,TIME,last3F,16,ave3F,45.3,50.6,0
メリディアン,14,107.7,11,0.0,waku,Class,TIME,last3F,16,ave3F,52,52.9,0
シゲルバクハツ,15,7.8,4,0.0,waku,Class,TIME,last3F,16,ave3F,49.9,45.1,0
アイスヴィスタ,16,123.5,12,0.0,waku,Class,TIME,last3F,16,ave3F,44.7,44.4,0
