﻿name,no,odds,pop_rank,power_index,place,distance,surface,pace_type,field_size,class,prev_place,prev_rank,is_chiho
ピュアブラッド,1,8.3,4,0.0,waku,Class,TIME,last3F,16,ave3F,47.4,48.3,0
サイモンソーラン,2,77.2,12,0.0,waku,Class,TIME,last3F,16,ave3F,51.6,47.2,0
メイプルエクセル,3,27.1,8,0.0,waku,Class,TIME,last3F,16,ave3F,47.6,46.3,0
サフランブライト,4,321.2,16,0.0,waku,Class,TIME,last3F,16,ave3F,----,99.0,0
ゲットアップ,5,66.4,11,0.0,waku,Class,TIME,last3F,16,ave3F,43.9,45.6,0
ユニコーン,6,96.4,13,0.0,waku,Class,TIME,last3F,16,ave3F,----,99.0,0
ブリンディジ,7,14.5,5,0.0,waku,Class,TIME,last3F,16,ave3F,48.2,52.9,0
シンボリックレルム,8,320.1,15,0.0,waku,Class,TIME,last3F,16,ave3F,45.1,45.8,0
サーストンシカゴ,9,222,14,0.0,waku,Class,TIME,last3F,16,ave3F,----,99.0,0
スパークインザアイ,10,15.7,6,0.0,waku,Class,TIME,last3F,16,ave3F,47.9,44.1,0
メジャークロニクル,11,2.5,1,0.0,waku,Class,TIME,last3F,16,ave3F,----,99.0,0
コースタルテラス,12,5.2,3,0.0,waku,Class,TIME,last3F,16,ave3F,43,43.8,0
サトノギベオン,13,4.3,2,0.0,waku,Class,TIME,last3F,16,ave3F,47.5,44.1,0
サパテアール,14,41.1,9,0.0,waku,Class,TIME,last3F,16,ave3F,39.3,41.8,0
アシェットデセール,15,55.8,10,0.0,waku,Class,TIME,last3F,16,ave3F,50.8,47.2,0
ロードブライト,16,20.4,7,0.0,waku,Class,TIME,last3F,16,ave3F,44.7,47.2,0
