﻿name,no,odds,pop_rank,power_index,place,distance,surface,pace_type,field_size,class,prev_place,prev_rank,is_chiho
メズメライザー,1,5.7,3,0.0,waku,Class,TIME,last3F,16,ave3F,44.1,44.0,0
ジオラマ,2,247,14,0.0,waku,Class,TIME,last3F,16,ave3F,43.5,38.7,0
パワフルヒロコ,3,98.2,11,0.0,waku,Class,TIME,last3F,16,ave3F,42.7,42.1,0
プラチナムレイアー,4,120.2,12,0.0,waku,Class,TIME,last3F,16,ave3F,48.5,48.0,0
テンテキセンセキ,5,363.7,15,0.0,waku,Class,TIME,last3F,16,ave3F,47.1,44.0,0
ナックドロップス,6,24.9,8,0.0,waku,Class,TIME,last3F,16,ave3F,36.1,36.1,0
ジゲン,7,2.1,1,0.0,waku,Class,TIME,last3F,16,ave3F,50.3,47.8,0
メイショウヒバリ,8,195.5,13,0.0,waku,Class,TIME,last3F,16,ave3F,40.4,43.5,0
サンキューユウガ,9,23.3,7,0.0,waku,Class,TIME,last3F,16,ave3F,48.4,47.4,0
ファーンヒル,10,5.5,2,0.0,waku,Class,TIME,last3F,16,ave3F,47.8,46.1,0
エリモグリッター,11,22.2,6,0.0,waku,Class,TIME,last3F,16,ave3F,47.2,42.1,0
ピアシック,12,10.8,5,0.0,waku,Class,TIME,last3F,16,ave3F,52.5,47.8,0
サイファーシチー,13,25.4,9,0.0,waku,Class,TIME,last3F,16,ave3F,40.2,42.1,0
クレド,14,9.9,4,0.0,waku,Class,TIME,last3F,16,ave3F,45.9,45.9,0
スタースタイル,15,456.6,16,0.0,waku,Class,TIME,last3F,16,ave3F,----,99.0,0
ショウゲッコウ,16,33.4,10,0.0,waku,Class,TIME,last3F,16,ave3F,47.9,48.0,0
