﻿name,no,odds,pop_rank,power_index,place,distance,surface,pace_type,field_size,class,prev_place,prev_rank,is_chiho
ユスティニアン,1,15.3,7,0.0,waku,Class,TIME,last3F,16,ave3F,45.7,44.8,0
ローヴェロ,2,3.7,2,0.0,waku,Class,TIME,last3F,16,ave3F,47.2,44.4,0
ブルースコード,3,32.5,10,0.0,waku,Class,TIME,last3F,16,ave3F,40.2,39.6,0
ブルーダイヤカフェ,4,18.8,8,0.0,waku,Class,TIME,last3F,16,ave3F,48.6,43.8,0
カンザシ,5,3.3,1,0.0,waku,Class,TIME,last3F,16,ave3F,40.1,39.1,0
ロレンツォ,6,8.9,5,0.0,waku,Class,TIME,last3F,16,ave3F,51,48.2,0
カイタロー,7,8.4,4,0.0,waku,Class,TIME,last3F,16,ave3F,49.7,53.0,0
ゴーストレート,8,31.7,9,0.0,waku,Class,TIME,last3F,16,ave3F,49.8,48.4,0
パロットビーク,9,61.1,13,0.0,waku,Class,TIME,last3F,16,ave3F,40.2,44.8,0
ロープスピニング,10,62.4,14,0.0,waku,Class,TIME,last3F,16,ave3F,41.8,43.8,0
ファイアーボーラー,11,58.8,11,0.0,waku,Class,TIME,last3F,16,ave3F,53.6,55.0,0
ピンクダイヤ,12,59.6,12,0.0,waku,Class,TIME,last3F,16,ave3F,39.9,41.5,0
バーンパッション,13,83.6,15,0.0,waku,Class,TIME,last3F,16,ave3F,48.3,43.8,0
パイプライン,14,7.8,3,0.0,waku,Class,TIME,last3F,16,ave3F,47.8,43.8,0
サバンナチャンス,15,取消し,,0.0,waku,Class,TIME,last3F,16,ave3F,43.5,42.7,0
アジアノジュンシン,16,15.1,6,0.0,waku,Class,TIME,last3F,16,ave3F,43.5,42.7,0
