﻿name,no,odds,pop_rank,power_index,place,distance,surface,pace_type,field_size,class,prev_place,prev_rank,is_chiho
デンジャーマン,1,344.4,14,0.0,waku,Class,TIME,last3F,14,ave3F,53.9,52.6,0
アパショナード,2,21.3,9,0.0,waku,Class,TIME,last3F,14,ave3F,----,99.0,0
サトノスカイターフ,3,2.4,1,0.0,waku,Class,TIME,last3F,14,ave3F,58.4,54.0,0
グラティトゥー,4,51,11,0.0,waku,Class,TIME,last3F,14,ave3F,55.1,52.9,0
ミツルハピネス,5,5.6,2,0.0,waku,Class,TIME,last3F,14,ave3F,50.4,50.8,0
ゴルトファルベン,6,8.9,5,0.0,waku,Class,TIME,last3F,14,ave3F,55.4,52.6,0
ロンズデーライト,7,20.6,7,0.0,waku,Class,TIME,last3F,14,ave3F,41.1,42.7,0
バレエマスター,8,7.7,3,0.0,waku,Class,TIME,last3F,14,ave3F,64,52.7,0
サトノリーベ,9,8.6,4,0.0,waku,Class,TIME,last3F,14,ave3F,47.5,48.4,0
セイバートゥース,10,24.9,10,0.0,waku,Class,TIME,last3F,14,ave3F,----,99.0,0
ハルカナネガイ,11,55.8,12,0.0,waku,Class,TIME,last3F,14,ave3F,54.7,50.9,0
バレル,12,20.8,8,0.0,waku,Class,TIME,last3F,14,ave3F,----,99.0,0
イッツユアタイム,13,157.8,13,0.0,waku,Class,TIME,last3F,14,ave3F,42.9,41.7,0
ビップランバン,14,13.2,6,0.0,waku,Class,TIME,last3F,14,ave3F,50,50.6,0
