﻿name,no,odds,pop_rank,power_index,place,distance,surface,pace_type,field_size,class,prev_place,prev_rank,is_chiho
ジークシュベルト,1,243.8,14,0.0,waku,Class,TIME,last3F,16,ave3F,50,46.6,0
ラパンラピッド,2,35.5,8,0.0,waku,Class,TIME,last3F,16,ave3F,59.3,56.6,0
ワタシダケドナニカ,3,167.7,12,0.0,waku,Class,TIME,last3F,16,ave3F,40.9,46.3,0
コパノバークレー,4,168.4,13,0.0,waku,Class,TIME,last3F,16,ave3F,45,48.9,0
ブライトファントム,5,21.7,7,0.0,waku,Class,TIME,last3F,16,ave3F,43.7,44.1,0
マホロバ,6,14.2,4,0.0,waku,Class,TIME,last3F,16,ave3F,43,42.3,0
レゾルシオン,7,15.6,6,0.0,waku,Class,TIME,last3F,16,ave3F,47.1,46.4,0
マリアナトレンチ,8,9.2,3,0.0,waku,Class,TIME,last3F,16,ave3F,43.5,50.1,0
コパノハンプトン,9,4.8,2,0.0,waku,Class,TIME,last3F,16,ave3F,----,99.0,0
エムズマインド,10,15.6,5,0.0,waku,Class,TIME,last3F,16,ave3F,46,45.7,0
ゴッドセンド,11,475.3,16,0.0,waku,Class,TIME,last3F,16,ave3F,42.6,42.3,0
ライジン,12,67.6,11,0.0,waku,Class,TIME,last3F,16,ave3F,49.1,49.4,0
ズンガリプテルス,13,48.9,10,0.0,waku,Class,TIME,last3F,16,ave3F,51.2,52.3,0
タイセイラファーガ,14,252.6,15,0.0,waku,Class,TIME,last3F,16,ave3F,41.7,49.5,0
フェリ,15,38.5,9,0.0,waku,Class,TIME,last3F,16,ave3F,----,99.0,0
モックモック,16,1.7,1,0.0,waku,Class,TIME,last3F,16,ave3F,----,99.0,0
