﻿name,no,odds,pop_rank,power_index,place,distance,surface,pace_type,field_size,class,prev_place,prev_rank,is_chiho
ペイシャクェーサー,1,110,15,0.0,waku,Class,TIME,last3F,16,ave3F,48.3,48.5,0
スペロデア,2,105.7,14,0.0,waku,Class,TIME,last3F,16,ave3F,44.4,44.2,0
パワーブローキング,3,9,5,0.0,waku,Class,TIME,last3F,16,ave3F,49.5,53.0,0
ブレイブメジャー,4,160.7,16,0.0,waku,Class,TIME,last3F,16,ave3F,51.8,51.0,0
ロコポルティ,5,57,9,0.0,waku,Class,TIME,last3F,16,ave3F,44.1,46.6,0
マイネルクロンヌ,6,57.9,10,0.0,waku,Class,TIME,last3F,16,ave3F,48.2,51.1,0
テイエムベンチャー,7,74.6,11,0.0,waku,Class,TIME,last3F,16,ave3F,45.9,48.7,0
グラスデスティーノ,8,76.9,12,0.0,waku,Class,TIME,last3F,16,ave3F,48.7,48.3,0
ブレイクフォース,9,8.6,4,0.0,waku,Class,TIME,last3F,16,ave3F,53.8,48.2,0
レッドラパルマ,10,3.5,2,0.0,waku,Class,TIME,last3F,16,ave3F,50.5,50.1,0
ラズルダズル,11,13.5,6,0.0,waku,Class,TIME,last3F,16,ave3F,46.3,45.2,0
ソウルトレイン,12,15.1,7,0.0,waku,Class,TIME,last3F,16,ave3F,56.9,57.6,0
エスシーヴィオラ,13,86.5,13,0.0,waku,Class,TIME,last3F,16,ave3F,52.6,52.1,0
ヴェイルネビュラ,14,25.9,8,0.0,waku,Class,TIME,last3F,16,ave3F,57.2,56.9,0
フルオール,15,6.1,3,0.0,waku,Class,TIME,last3F,16,ave3F,47.9,48.2,0
ホウオウルーレット,16,3.2,1,0.0,waku,Class,TIME,last3F,16,ave3F,46.9,45.7,0
