﻿name,no,odds,pop_rank,power_index,place,distance,surface,pace_type,field_size,class,prev_place,prev_rank,is_chiho
ミーナティエルナ,1,33.9,9,0.0,waku,Class,TIME,last3F,15,ave3F,45.8,45.8,0
スナークユウマ,2,325.6,13,0.0,waku,Class,TIME,last3F,15,ave3F,----,99.0,0
アイファーリンクス,3,4.9,2,0.0,waku,Class,TIME,last3F,15,ave3F,47.5,45.9,0
シュガーフロート,4,7.7,5,0.0,waku,Class,TIME,last3F,15,ave3F,----,99.0,0
ルールシェーバー,5,9.3,6,0.0,waku,Class,TIME,last3F,15,ave3F,----,99.0,0
クリノスパークル,6,45.4,10,0.0,waku,Class,TIME,last3F,15,ave3F,----,99.0,0
サンダップルド,7,6.4,3,0.0,waku,Class,TIME,last3F,15,ave3F,38.5,40.9,0
ケイティレインボー,8,9.4,7,0.0,waku,Class,TIME,last3F,15,ave3F,44.3,46.6,0
テーオーエルサ,9,369,14,0.0,waku,Class,TIME,last3F,15,ave3F,45.2,45.0,0
ビリーズバウンス,10,4,1,0.0,waku,Class,TIME,last3F,15,ave3F,40.7,40.7,0
ブリュットミレジメ,11,6.6,4,0.0,waku,Class,TIME,last3F,15,ave3F,52.4,43.8,0
グルノイユジョーヌ,12,570.1,15,0.0,waku,Class,TIME,last3F,15,ave3F,----,99.0,0
クリノアンビシャス,13,93.4,12,0.0,waku,Class,TIME,last3F,15,ave3F,53.7,46.6,0
イッツユアタイム,14,50.6,11,0.0,waku,Class,TIME,last3F,15,ave3F,49.4,47.7,0
ピンクムーン,15,15.6,8,0.0,waku,Class,TIME,last3F,15,ave3F,48.2,48.2,0
