﻿name,no,odds,pop_rank,power_index,place,distance,surface,pace_type,field_size,class,prev_place,prev_rank,is_chiho
ボルドグフーシュ,1,1.6,1,0.0,waku,Class,TIME,last3F,14,ave3F,50.6,48.2,0
ユーキャンスマイル,2,89.9,9,0.0,waku,Class,TIME,last3F,14,ave3F,60.4,55.1,0
ジャスティンパレス,3,3.1,2,0.0,waku,Class,TIME,last3F,14,ave3F,50,48.2,0
サンレイポケット,4,46.1,6,0.0,waku,Class,TIME,last3F,14,ave3F,51.5,47.0,0
メイショウテンゲン,5,248.1,12,0.0,waku,Class,TIME,last3F,14,ave3F,51.3,51.3,0
ノーチカルチャート,6,649.9,14,0.0,waku,Class,TIME,last3F,14,ave3F,----,99.0,0
ブレークアップ,7,32.2,5,0.0,waku,Class,TIME,last3F,14,ave3F,57.1,55.1,0
アイアンバローズ,8,28.7,4,0.0,waku,Class,TIME,last3F,14,ave3F,53.9,55.4,0
ゼーゲン,9,82.3,7,0.0,waku,Class,TIME,last3F,14,ave3F,62.2,63.0,0
メロディーレーン,10,89.6,8,0.0,waku,Class,TIME,last3F,14,ave3F,46.3,46.5,0
アフリカンゴールド,11,114,10,0.0,waku,Class,TIME,last3F,14,ave3F,52.3,54.7,0
シロニイ,12,315.1,13,0.0,waku,Class,TIME,last3F,14,ave3F,51.2,51.3,0
ディープボンド,13,5.1,3,0.0,waku,Class,TIME,last3F,14,ave3F,----,99.0,0
アケルナルスター,14,141.7,11,0.0,waku,Class,TIME,last3F,14,ave3F,54.1,50.5,0
