﻿name,no,odds,pop_rank,power_index,place,distance,surface,pace_type,field_size,class,prev_place,prev_rank,is_chiho
ソリダリティ,1,1.5,1,0.0,waku,Class,TIME,last3F,9,ave3F,51.8,51.9,0
グローツラング,2,24.7,6,0.0,waku,Class,TIME,last3F,9,ave3F,46.5,46.3,0
タマモモンレーブ,3,9.8,4,0.0,waku,Class,TIME,last3F,9,ave3F,46.8,49.1,0
サーティファイド,4,10.1,5,0.0,waku,Class,TIME,last3F,9,ave3F,41.3,46.7,0
ロードマゼラン,5,5.5,2,0.0,waku,Class,TIME,last3F,9,ave3F,49.1,48.6,0
マリオンエール,6,8.3,3,0.0,waku,Class,TIME,last3F,9,ave3F,50,48.2,0
リツィタル,7,46.2,8,0.0,waku,Class,TIME,last3F,9,ave3F,----,99.0,0
ナムラスワガー,8,32.7,7,0.0,waku,Class,TIME,last3F,9,ave3F,48,51.6,0
テーオーラファエロ,9,72.8,9,0.0,waku,Class,TIME,last3F,9,ave3F,51,48.8,0
