﻿name,no,odds,pop_rank,power_index,place,distance,surface,pace_type,field_size,class,prev_place,prev_rank,is_chiho
ディヴィナシオン,1,154.7,15,0.0,waku,Class,TIME,last3F,16,ave3F,53.6,48.0,0
ナランフレグ,2,5.4,3,0.0,waku,Class,TIME,last3F,16,ave3F,50.6,43.2,0
グラスミヤラビ,3,77.7,12,0.0,waku,Class,TIME,last3F,16,ave3F,45.4,45.6,0
ロードマックス,4,30.8,10,0.0,waku,Class,TIME,last3F,16,ave3F,49.7,49.7,0
ジャズエチュード,5,73.5,11,0.0,waku,Class,TIME,last3F,16,ave3F,51,48.4,0
ジュビリーヘッド,6,4.3,1,0.0,waku,Class,TIME,last3F,16,ave3F,53.9,48.2,0
オパールシャルム,7,85.8,13,0.0,waku,Class,TIME,last3F,16,ave3F,47.7,48.0,0
カイザーメランジェ,8,380.7,16,0.0,waku,Class,TIME,last3F,16,ave3F,50,48.3,0
ヴェントヴォーチェ,9,4.4,2,0.0,waku,Class,TIME,last3F,16,ave3F,53.2,49.7,0
レイハリア,10,147.3,14,0.0,waku,Class,TIME,last3F,16,ave3F,46.5,50.7,0
キミワクイーン,11,5.4,4,0.0,waku,Class,TIME,last3F,16,ave3F,53.3,52.1,0
タイムトゥヘヴン,12,18,7,0.0,waku,Class,TIME,last3F,16,ave3F,53.2,48.5,0
エイシンスポッター,13,7.5,5,0.0,waku,Class,TIME,last3F,16,ave3F,54.2,48.8,0
スンリ,14,27.7,9,0.0,waku,Class,TIME,last3F,16,ave3F,50.3,48.8,0
ジャスパージャック,15,13.1,6,0.0,waku,Class,TIME,last3F,16,ave3F,48,48.0,0
マリアズハート,16,22.5,8,0.0,waku,Class,TIME,last3F,16,ave3F,53.6,48.2,0
