﻿name,no,odds,pop_rank,power_index,place,distance,surface,pace_type,field_size,class,prev_place,prev_rank,is_chiho
ベラール,1,45.7,12,0.0,waku,Class,TIME,last3F,16,ave3F,47.5,44.0,0
スラップショット,2,118.9,15,0.0,waku,Class,TIME,last3F,16,ave3F,46.3,53.9,0
ジャッジ,3,180.4,16,0.0,waku,Class,TIME,last3F,16,ave3F,42.9,47.1,0
ヴァクストゥーム,4,15,6,0.0,waku,Class,TIME,last3F,16,ave3F,44.2,41.6,0
シホノディレット,5,7.8,5,0.0,waku,Class,TIME,last3F,16,ave3F,48.4,44.8,0
アウトレイジング,6,49.8,13,0.0,waku,Class,TIME,last3F,16,ave3F,----,99.0,0
ネイチャーカレン,7,4.7,2,0.0,waku,Class,TIME,last3F,16,ave3F,46.4,39.4,0
トーアエレクトロン,8,31.9,11,0.0,waku,Class,TIME,last3F,16,ave3F,45,43.6,0
スウィートプロミス,9,30.1,10,0.0,waku,Class,TIME,last3F,16,ave3F,45,46.0,0
フローラルビアンカ,10,3.7,1,0.0,waku,Class,TIME,last3F,16,ave3F,45.1,42.9,0
ゴールドクロス,11,24.5,8,0.0,waku,Class,TIME,last3F,16,ave3F,42.3,42.7,0
エナジーロッソ,12,7.7,4,0.0,waku,Class,TIME,last3F,16,ave3F,----,99.0,0
フォックススリープ,13,21.4,7,0.0,waku,Class,TIME,last3F,16,ave3F,45.4,42.0,0
リュクスウォリアー,14,5.1,3,0.0,waku,Class,TIME,last3F,16,ave3F,34.6,39.5,0
メイショウストーム,15,76.8,14,0.0,waku,Class,TIME,last3F,16,ave3F,46.9,40.0,0
ポケットロケット,16,27.1,9,0.0,waku,Class,TIME,last3F,16,ave3F,50.8,43.1,0
