﻿name,no,odds,pop_rank,power_index,place,distance,surface,pace_type,field_size,class,prev_place,prev_rank,is_chiho
マテンロウアレス,1,6.2,3,0.0,waku,Class,TIME,last3F,10,ave3F,54.4,55.3,0
ヒルノエドワード,2,8.2,4,0.0,waku,Class,TIME,last3F,10,ave3F,47.8,51.1,0
モカフラワー,3,4,2,0.0,waku,Class,TIME,last3F,10,ave3F,44.5,47.2,0
ブラックシールド,4,2.1,1,0.0,waku,Class,TIME,last3F,10,ave3F,50.2,50.1,0
アトミカ,5,142.9,10,0.0,waku,Class,TIME,last3F,10,ave3F,58.6,59.9,0
アサケエース,6,47.6,8,0.0,waku,Class,TIME,last3F,10,ave3F,57,52.8,0
エールブラーヴ,7,24.2,7,0.0,waku,Class,TIME,last3F,10,ave3F,44.2,50.1,0
アルバーシャ,8,18.6,6,0.0,waku,Class,TIME,last3F,10,ave3F,52.3,50.1,0
タガノカイ,9,8.2,5,0.0,waku,Class,TIME,last3F,10,ave3F,54.6,54.8,0
ビルボードクィーン,10,107.6,9,0.0,waku,Class,TIME,last3F,10,ave3F,----,99.0,0
