﻿name,no,odds,pop_rank,power_index,place,distance,surface,pace_type,field_size,class,prev_place,prev_rank,is_chiho
サダムゲンヤ,1,5.8,3,0.0,waku,Class,TIME,last3F,16,ave3F,43.8,41.4,0
トランザクト,2,8.1,5,0.0,waku,Class,TIME,last3F,16,ave3F,47.3,46.2,0
トモノボーイ,3,14.6,7,0.0,waku,Class,TIME,last3F,16,ave3F,47.8,42.9,0
キクノロージズ,4,200.6,14,0.0,waku,Class,TIME,last3F,16,ave3F,43.6,41.4,0
クリノスパークル,5,35.5,10,0.0,waku,Class,TIME,last3F,16,ave3F,47.3,46.0,0
チョコレートミルク,6,274.2,16,0.0,waku,Class,TIME,last3F,16,ave3F,36.2,45.1,0
ステップ,7,138.9,13,0.0,waku,Class,TIME,last3F,16,ave3F,53.9,52.7,0
クリーンジーニアス,8,7.4,4,0.0,waku,Class,TIME,last3F,16,ave3F,47.2,47.1,0
スペシャルナンバー,9,3.6,1,0.0,waku,Class,TIME,last3F,16,ave3F,----,99.0,0
ソナトリーチェ,10,4.7,2,0.0,waku,Class,TIME,last3F,16,ave3F,42,41.4,0
ホシフルドヒョウ,11,57.2,12,0.0,waku,Class,TIME,last3F,16,ave3F,42.8,36.8,0
ベアグッジョブ,12,38.2,11,0.0,waku,Class,TIME,last3F,16,ave3F,42.1,45.4,0
ツヴァイシュテルネ,13,23.6,9,0.0,waku,Class,TIME,last3F,16,ave3F,----,99.0,0
サカエショウ,14,12.7,6,0.0,waku,Class,TIME,last3F,16,ave3F,51.5,41.9,0
キュートラン,15,241,15,0.0,waku,Class,TIME,last3F,16,ave3F,----,99.0,0
アスクドンキバック,16,17.8,8,0.0,waku,Class,TIME,last3F,16,ave3F,45.3,43.0,0
