﻿name,no,odds,pop_rank,power_index,place,distance,surface,pace_type,field_size,class,prev_place,prev_rank,is_chiho
ドゥライトアルディ,1,3.5,1,0.0,waku,Class,TIME,last3F,12,ave3F,48.7,51.4,0
アレマーナ,2,20.1,9,0.0,waku,Class,TIME,last3F,12,ave3F,47.6,49.4,0
ジョイフルダンサー,3,9.5,6,0.0,waku,Class,TIME,last3F,12,ave3F,43,44.7,0
グッドインパクト,4,93,11,0.0,waku,Class,TIME,last3F,12,ave3F,52.6,50.7,0
サンマルソムニア,5,141.9,12,0.0,waku,Class,TIME,last3F,12,ave3F,50.7,47.7,0
バレストラ,6,6.8,3,0.0,waku,Class,TIME,last3F,12,ave3F,49.9,50.7,0
ラピドゥス,7,7.9,5,0.0,waku,Class,TIME,last3F,12,ave3F,46.9,44.6,0
フォンメイリー,8,35.4,10,0.0,waku,Class,TIME,last3F,12,ave3F,45.8,51.7,0
ミスカイウラニ,9,7.1,4,0.0,waku,Class,TIME,last3F,12,ave3F,55.4,50.7,0
タマモタップダンス,10,4.3,2,0.0,waku,Class,TIME,last3F,12,ave3F,51.4,50.7,0
マリーナドンナ,11,19.3,8,0.0,waku,Class,TIME,last3F,12,ave3F,48.6,50.4,0
フォーランマリア,12,13.8,7,0.0,waku,Class,TIME,last3F,12,ave3F,49.3,49.2,0
