﻿name,no,odds,pop_rank,power_index,place,distance,surface,pace_type,field_size,class,prev_place,prev_rank,is_chiho
ディアセオリー,1,75.5,11,0.0,waku,Class,TIME,last3F,16,ave3F,48.5,47.6,0
ヴァンヤール,2,9.4,4,0.0,waku,Class,TIME,last3F,16,ave3F,----,99.0,0
オディロン,3,17.7,8,0.0,waku,Class,TIME,last3F,16,ave3F,54.2,53.4,0
プリマジア,4,404.3,16,0.0,waku,Class,TIME,last3F,16,ave3F,52.7,50.6,0
ミヤマザクラ,5,110.2,12,0.0,waku,Class,TIME,last3F,16,ave3F,44.3,49.1,0
ディクテオン,6,16.2,7,0.0,waku,Class,TIME,last3F,16,ave3F,56.8,48.3,0
ピュアジャッジ,7,14.4,6,0.0,waku,Class,TIME,last3F,16,ave3F,44.2,44.2,0
ウィルソンテソーロ,8,2,1,0.0,waku,Class,TIME,last3F,16,ave3F,50.6,47.9,0
サクラアリュール,9,74.7,10,0.0,waku,Class,TIME,last3F,16,ave3F,51.3,49.2,0
ウェルカムニュース,10,5.8,2,0.0,waku,Class,TIME,last3F,16,ave3F,50.5,49.4,0
ルコルセール,11,12.2,5,0.0,waku,Class,TIME,last3F,16,ave3F,49.3,48.4,0
ペルセウスシチー,12,182.7,15,0.0,waku,Class,TIME,last3F,16,ave3F,47.1,47.6,0
タイセイドレフォン,13,8.3,3,0.0,waku,Class,TIME,last3F,16,ave3F,51.1,49.2,0
エンデュミオン,14,38.6,9,0.0,waku,Class,TIME,last3F,16,ave3F,52.1,44.5,0
ロードリバーサル,15,145.3,14,0.0,waku,Class,TIME,last3F,16,ave3F,49.9,50.6,0
アメリカンフェイス,16,135,13,0.0,waku,Class,TIME,last3F,16,ave3F,49.9,50.6,0
