﻿name,no,odds,pop_rank,power_index,place,distance,surface,pace_type,field_size,class,prev_place,prev_rank,is_chiho
ミッキースピナッチ,1,18.6,6,0.0,waku,Class,TIME,last3F,15,ave3F,35.2,41.4,0
メイショウヒュウガ,2,34.5,9,0.0,waku,Class,TIME,last3F,15,ave3F,48.6,53.7,0
エムズマインド,3,10.5,5,0.0,waku,Class,TIME,last3F,15,ave3F,46.8,42.3,0
タカネノハナコサン,4,8,3,0.0,waku,Class,TIME,last3F,15,ave3F,41.6,40.3,0
ドンアミティエ,5,5.8,2,0.0,waku,Class,TIME,last3F,15,ave3F,44.4,45.3,0
ナムラジョシュア,6,90.9,12,0.0,waku,Class,TIME,last3F,15,ave3F,34.3,41.5,0
ワイアウ,7,27.4,7,0.0,waku,Class,TIME,last3F,15,ave3F,44.4,44.4,0
スズカコーズ,8,8.4,4,0.0,waku,Class,TIME,last3F,15,ave3F,44.3,40.6,0
キージョーカー,9,310.7,14,0.0,waku,Class,TIME,last3F,15,ave3F,56.3,41.4,0
サンデーファンデー,10,35.5,10,0.0,waku,Class,TIME,last3F,15,ave3F,49.2,54.6,0
ヨドノリリー,11,84.3,11,0.0,waku,Class,TIME,last3F,15,ave3F,----,99.0,0
ゴッドセンド,12,397.2,15,0.0,waku,Class,TIME,last3F,15,ave3F,41.6,45.4,0
シミーシェイク,13,301.7,13,0.0,waku,Class,TIME,last3F,15,ave3F,46.6,46.2,0
タイセイランナー,14,29.6,8,0.0,waku,Class,TIME,last3F,15,ave3F,44.8,48.3,0
リュウ,15,1.8,1,0.0,waku,Class,TIME,last3F,15,ave3F,46.2,49.5,0
