﻿name,no,odds,pop_rank,power_index,place,distance,surface,pace_type,field_size,class,prev_place,prev_rank,is_chiho
コトブキテティス,1,356.3,12,0.0,waku,Class,TIME,last3F,12,ave3F,58,52.9,0
タイトルホルダー,2,2.4,2,0.0,waku,Class,TIME,last3F,12,ave3F,----,99.0,0
キングオブドラゴン,3,34.3,6,0.0,waku,Class,TIME,last3F,12,ave3F,55.2,54.7,0
ライラック,4,5.9,3,0.0,waku,Class,TIME,last3F,12,ave3F,58.1,53.2,0
ディアスティマ,5,34.4,7,0.0,waku,Class,TIME,last3F,12,ave3F,56.5,58.6,0
ボッケリーニ,6,17.1,5,0.0,waku,Class,TIME,last3F,12,ave3F,51.9,56.7,0
アリストテレス,7,63.3,9,0.0,waku,Class,TIME,last3F,12,ave3F,48.9,52.5,0
カントル,8,165.9,11,0.0,waku,Class,TIME,last3F,12,ave3F,57.3,55.1,0
アスクビクターモア,9,2.3,1,0.0,waku,Class,TIME,last3F,12,ave3F,53.7,52.5,0
マイネルファンロン,10,63.3,8,0.0,waku,Class,TIME,last3F,12,ave3F,55.6,55.1,0
マカオンドール,11,69.2,10,0.0,waku,Class,TIME,last3F,12,ave3F,44.5,51.3,0
ヒートオンビート,12,13,4,0.0,waku,Class,TIME,last3F,12,ave3F,57.3,57.9,0
