﻿name,no,odds,pop_rank,power_index,place,distance,surface,pace_type,field_size,class,prev_place,prev_rank,is_chiho
エターナルヴィテス,1,373.2,18,0.0,waku,Class,TIME,last3F,18,ave3F,47.5,45.5,0
ウォルフズハウル,2,62.7,11,0.0,waku,Class,TIME,last3F,18,ave3F,58.6,55.1,0
サクセスシュート,3,7.5,4,0.0,waku,Class,TIME,last3F,18,ave3F,52.2,50.5,0
スワヤンブナート,4,87.5,13,0.0,waku,Class,TIME,last3F,18,ave3F,61.4,61.0,0
リリーピュアハート,5,10.4,6,0.0,waku,Class,TIME,last3F,18,ave3F,53.6,50.8,0
カーディナル,6,7,3,0.0,waku,Class,TIME,last3F,18,ave3F,46,45.3,0
レインフロムヘヴン,7,4.5,2,0.0,waku,Class,TIME,last3F,18,ave3F,55.6,53.1,0
ワイドエンペラー,8,13.1,7,0.0,waku,Class,TIME,last3F,18,ave3F,52.4,46.7,0
ドンナセレーノ,9,117.3,14,0.0,waku,Class,TIME,last3F,18,ave3F,57.7,55.9,0
アウスヴァール,10,18.5,8,0.0,waku,Class,TIME,last3F,18,ave3F,50.3,49.0,0
ロードトゥフェイム,11,85.6,12,0.0,waku,Class,TIME,last3F,18,ave3F,50.9,50.4,0
アーティット,12,7.7,5,0.0,waku,Class,TIME,last3F,18,ave3F,54.7,54.7,0
ピュアブレンド,13,167.4,16,0.0,waku,Class,TIME,last3F,18,ave3F,54.3,45.3,0
バラジ,14,3.5,1,0.0,waku,Class,TIME,last3F,18,ave3F,62.8,59.6,0
ラインハイト,15,237.5,17,0.0,waku,Class,TIME,last3F,18,ave3F,44.2,47.7,0
ヒシゲッコウ,16,29.1,9,0.0,waku,Class,TIME,last3F,18,ave3F,59.9,58.0,0
ソルドラード,17,52.7,10,0.0,waku,Class,TIME,last3F,18,ave3F,48.2,51.1,0
ダノンドリーマー,18,122.2,15,0.0,waku,Class,TIME,last3F,18,ave3F,58.3,55.5,0
