﻿name,no,odds,pop_rank,power_index,place,distance,surface,pace_type,field_size,class,prev_place,prev_rank,is_chiho
ティニア,1,4.4,3,0.0,waku,Class,TIME,last3F,8,ave3F,56.1,49.6,0
バルサムノート,2,2.3,1,0.0,waku,Class,TIME,last3F,8,ave3F,51.2,51.7,0
クレイプマートル,3,135.3,7,0.0,waku,Class,TIME,last3F,8,ave3F,51.1,53.8,0
セフィロ,4,11.9,5,0.0,waku,Class,TIME,last3F,8,ave3F,50.2,51.0,0
フィレット,5,45.1,6,0.0,waku,Class,TIME,last3F,8,ave3F,53.5,53.8,0
シルヴァーデューク,6,3.6,2,0.0,waku,Class,TIME,last3F,8,ave3F,53.3,53.5,0
サトノヴィレ,7,4.8,4,0.0,waku,Class,TIME,last3F,8,ave3F,43.5,47.9,0
ムーンスカイ,8,145.7,8,0.0,waku,Class,TIME,last3F,8,ave3F,57.9,57.4,0
