﻿name,no,odds,pop_rank,power_index,place,distance,surface,pace_type,field_size,class,prev_place,prev_rank,is_chiho
ミルトボス,1,93.3,10,0.0,waku,Class,TIME,last3F,12,ave3F,50.6,51.6,0
ガールズヒロイン,2,211.7,12,0.0,waku,Class,TIME,last3F,12,ave3F,41.6,48.0,0
ジェイエルブリッジ,3,108.1,11,0.0,waku,Class,TIME,last3F,12,ave3F,49.9,51.6,0
ソルトゴールド,4,9.8,4,0.0,waku,Class,TIME,last3F,12,ave3F,46.3,51.5,0
ベイパーコーン,5,14.6,5,0.0,waku,Class,TIME,last3F,12,ave3F,----,99.0,0
カイザーレオン,6,4.9,3,0.0,waku,Class,TIME,last3F,12,ave3F,47.3,47.1,0
ワンダフルトゥデイ,7,2.4,1,0.0,waku,Class,TIME,last3F,12,ave3F,51.1,51.9,0
キングリスティア,8,18.7,8,0.0,waku,Class,TIME,last3F,12,ave3F,----,43.9,0
ダンツエスプリ,9,18.7,7,0.0,waku,Class,TIME,last3F,12,ave3F,54.8,53.1,0
スマートビクター,10,4.6,2,0.0,waku,Class,TIME,last3F,12,ave3F,40.9,43.6,0
コンテナジュニア,11,19.1,9,0.0,waku,Class,TIME,last3F,12,ave3F,45.7,46.1,0
ブラックサウザー,12,14.6,6,0.0,waku,Class,TIME,last3F,12,ave3F,----,99.0,0
