﻿name,no,odds,pop_rank,power_index,place,distance,surface,pace_type,field_size,class,prev_place,prev_rank,is_chiho
アレクサンドラ,1,113.1,11,0.0,waku,Class,TIME,last3F,16,ave3F,38.2,44.3,0
ヒノクニ,2,118.9,12,0.0,waku,Class,TIME,last3F,16,ave3F,47.7,44.9,0
ブランデーロック,3,8,4,0.0,waku,Class,TIME,last3F,16,ave3F,60.3,54.3,0
ウィリン,4,3.1,1,0.0,waku,Class,TIME,last3F,16,ave3F,44.1,43.8,0
カシノフォワード,5,48.7,10,0.0,waku,Class,TIME,last3F,16,ave3F,47.4,49.1,0
ジャガード,6,221.9,14,0.0,waku,Class,TIME,last3F,16,ave3F,47.2,45.8,0
フリートオブフット,7,12.4,6,0.0,waku,Class,TIME,last3F,16,ave3F,49.1,48.0,0
サウンドブライアン,8,245.9,15,0.0,waku,Class,TIME,last3F,16,ave3F,53.1,44.1,0
ヤマニンプティパ,9,16.5,7,0.0,waku,Class,TIME,last3F,16,ave3F,47.5,42.3,0
スズノフブキ,10,429.8,16,0.0,waku,Class,TIME,last3F,16,ave3F,49.7,45.7,0
ヨール,11,6.7,3,0.0,waku,Class,TIME,last3F,16,ave3F,45.8,46.0,0
アルムファーツリー,12,45,9,0.0,waku,Class,TIME,last3F,16,ave3F,51.2,44.9,0
トーセンサンダー,13,10.2,5,0.0,waku,Class,TIME,last3F,16,ave3F,51.5,42.5,0
コスモカッティーボ,14,191.6,13,0.0,waku,Class,TIME,last3F,16,ave3F,50.9,44.9,0
シゲルファンノユメ,15,19,8,0.0,waku,Class,TIME,last3F,16,ave3F,51.7,48.9,0
イズンシーラブリー,16,3.4,2,0.0,waku,Class,TIME,last3F,16,ave3F,52.4,44.9,0
