﻿name,no,odds,pop_rank,power_index,place,distance,surface,pace_type,field_size,class,prev_place,prev_rank,is_chiho
マイバウム,1,253.4,11,0.0,waku,Class,TIME,last3F,13,ave3F,48,46.1,0
ミニョンルミエール,2,4.6,3,0.0,waku,Class,TIME,last3F,13,ave3F,50.1,50.9,0
チョモランマ,3,269,12,0.0,waku,Class,TIME,last3F,13,ave3F,47.9,47.5,0
ミッキーブンブン,4,18.2,6,0.0,waku,Class,TIME,last3F,13,ave3F,43.3,44.1,0
ワンダーウォール,5,334.3,13,0.0,waku,Class,TIME,last3F,13,ave3F,----,99.0,0
コパノキャスター,6,99,10,0.0,waku,Class,TIME,last3F,13,ave3F,----,99.0,0
ジョーコモド,7,5.3,4,0.0,waku,Class,TIME,last3F,13,ave3F,49.4,48.8,0
キガサ,8,40.9,7,0.0,waku,Class,TIME,last3F,13,ave3F,51.7,48.1,0
ヴラディア,9,82.8,9,0.0,waku,Class,TIME,last3F,13,ave3F,51.8,51.2,0
ロックバウンド,10,3.8,2,0.0,waku,Class,TIME,last3F,13,ave3F,57,57.7,0
テーオーインパクト,11,64.1,8,0.0,waku,Class,TIME,last3F,13,ave3F,54.1,53.0,0
カズカポレイ,12,2.8,1,0.0,waku,Class,TIME,last3F,13,ave3F,45.6,48.0,0
フリューゲルホルン,13,9.1,5,0.0,waku,Class,TIME,last3F,13,ave3F,55,56.3,0
