﻿name,no,odds,pop_rank,power_index,place,distance,surface,pace_type,field_size,class,prev_place,prev_rank,is_chiho
ドレミファニー,1,26.2,7,0.0,waku,Class,TIME,last3F,16,ave3F,43,47.5,0
コスモメイゲツ,2,268.2,16,0.0,waku,Class,TIME,last3F,16,ave3F,48.8,49.0,0
エッグスラット,3,45.4,10,0.0,waku,Class,TIME,last3F,16,ave3F,50.9,51.1,0
フクチャンキング,4,77.2,15,0.0,waku,Class,TIME,last3F,16,ave3F,50.8,50.8,0
メイショウフジ,5,20.8,6,0.0,waku,Class,TIME,last3F,16,ave3F,----,51.2,0
サンデュエル,6,45.7,11,0.0,waku,Class,TIME,last3F,16,ave3F,48.1,43.7,0
グレノークス,7,31.4,8,0.0,waku,Class,TIME,last3F,16,ave3F,54.6,53.9,0
ナチュラルハイ,8,67.6,14,0.0,waku,Class,TIME,last3F,16,ave3F,38.9,43.4,0
ベルウッドグラス,9,52.6,12,0.0,waku,Class,TIME,last3F,16,ave3F,46.6,46.3,0
ヴァナルガンド,10,4.1,2,0.0,waku,Class,TIME,last3F,16,ave3F,51.9,52.4,0
フェブランシェ,11,2.4,1,0.0,waku,Class,TIME,last3F,16,ave3F,50,52.3,0
トゥルース,12,58.2,13,0.0,waku,Class,TIME,last3F,16,ave3F,62.6,62.1,0
フランコルシャン,13,20.4,5,0.0,waku,Class,TIME,last3F,16,ave3F,49.2,45.3,0
ミラーオブマインド,14,4.6,3,0.0,waku,Class,TIME,last3F,16,ave3F,50.7,45.8,0
リーゼノアール,15,38.5,9,0.0,waku,Class,TIME,last3F,16,ave3F,51.4,50.8,0
レストア,16,11.8,4,0.0,waku,Class,TIME,last3F,16,ave3F,44.1,51.7,0
