﻿name,no,odds,pop_rank,power_index,place,distance,surface,pace_type,field_size,class,prev_place,prev_rank,is_chiho
ミルトボス,1,47.5,8,0.0,waku,Class,TIME,last3F,15,ave3F,39.3,48.7,0
マルブツプライド,2,2.6,1,0.0,waku,Class,TIME,last3F,15,ave3F,50.5,49.9,0
サムハンター,3,7.8,5,0.0,waku,Class,TIME,last3F,15,ave3F,48.3,51.6,0
ヤマニンクイッカー,4,5.4,2,0.0,waku,Class,TIME,last3F,15,ave3F,48.7,48.0,0
ミヤコプレジール,5,取消し,,0.0,waku,Class,TIME,last3F,15,ave3F,----,99.0,0
アルムブラーヴ,6,6.5,3,0.0,waku,Class,TIME,last3F,15,ave3F,38.2,46.3,0
タロファイター,7,11.5,7,0.0,waku,Class,TIME,last3F,15,ave3F,45.7,43.0,0
インブレッドセンス,8,62.7,11,0.0,waku,Class,TIME,last3F,15,ave3F,45.6,47.9,0
ジェイエルブリッジ,9,289.4,13,0.0,waku,Class,TIME,last3F,15,ave3F,47.2,48.3,0
ゲットアップ,10,61.1,9,0.0,waku,Class,TIME,last3F,15,ave3F,47.4,46.0,0
ピナ,11,61.2,10,0.0,waku,Class,TIME,last3F,15,ave3F,46.5,47.2,0
ベストシンガー,12,67.9,12,0.0,waku,Class,TIME,last3F,15,ave3F,52.6,52.5,0
キタノポケット,13,328.3,14,0.0,waku,Class,TIME,last3F,15,ave3F,48.2,48.2,0
ジルバーン,14,7.8,4,0.0,waku,Class,TIME,last3F,15,ave3F,50.6,49.3,0
スペクトログラム,15,8.9,6,0.0,waku,Class,TIME,last3F,15,ave3F,45.7,46.8,0
