﻿name,no,odds,pop_rank,power_index,place,distance,surface,pace_type,field_size,class,prev_place,prev_rank,is_chiho
ヒシシュシュ,1,13.5,7,0.0,waku,Class,TIME,last3F,16,ave3F,63.7,60.5,0
カトルショセット,2,125.3,15,0.0,waku,Class,TIME,last3F,16,ave3F,43.4,40.7,0
スピアヘッド,3,36.6,11,0.0,waku,Class,TIME,last3F,16,ave3F,----,99.0,0
ザスリーサーティ,4,42.9,12,0.0,waku,Class,TIME,last3F,16,ave3F,48.6,47.1,0
カヨウネンカ,5,5.7,3,0.0,waku,Class,TIME,last3F,16,ave3F,53.3,50.6,0
エバーハンティング,6,21,8,0.0,waku,Class,TIME,last3F,16,ave3F,46.2,47.1,0
マイネルシーマー,7,60.2,13,0.0,waku,Class,TIME,last3F,16,ave3F,51.4,52.5,0
ローブエリタージュ,8,35.6,9,0.0,waku,Class,TIME,last3F,16,ave3F,58.4,58.0,0
マルターズデイ,9,221.5,16,0.0,waku,Class,TIME,last3F,16,ave3F,----,99.0,0
ロジマンボ,10,35.6,10,0.0,waku,Class,TIME,last3F,16,ave3F,61.7,60.2,0
エンパイアウエスト,11,11.5,6,0.0,waku,Class,TIME,last3F,16,ave3F,50.8,47.1,0
タシット,12,6.7,4,0.0,waku,Class,TIME,last3F,16,ave3F,53.6,52.8,0
イヴニングスター,13,9.7,5,0.0,waku,Class,TIME,last3F,16,ave3F,55,54.0,0
ヤマニンパニータ,14,75.3,14,0.0,waku,Class,TIME,last3F,16,ave3F,49.3,52.9,0
イルチルコ,15,3.4,1,0.0,waku,Class,TIME,last3F,16,ave3F,49.4,50.0,0
ウィズグレイス,16,5.4,2,0.0,waku,Class,TIME,last3F,16,ave3F,52.6,53.9,0
