﻿name,no,odds,pop_rank,power_index,place,distance,surface,pace_type,field_size,class,prev_place,prev_rank,is_chiho
サクセスエース,1,23.4,7,0.0,waku,Class,TIME,last3F,15,ave3F,44.1,42.4,0
トーアシオン,2,17.1,6,0.0,waku,Class,TIME,last3F,15,ave3F,52.1,49.3,0
サイモンルモンド,3,558.3,15,0.0,waku,Class,TIME,last3F,15,ave3F,51.9,50.3,0
フームスムート,4,46.2,8,0.0,waku,Class,TIME,last3F,15,ave3F,48.7,50.6,0
スズノイナズマ,5,224.8,14,0.0,waku,Class,TIME,last3F,15,ave3F,47.9,51.3,0
ガルヴィハーラ,6,63.6,10,0.0,waku,Class,TIME,last3F,15,ave3F,49,48.3,0
トップオブジェラス,7,2.1,1,0.0,waku,Class,TIME,last3F,15,ave3F,44.7,48.2,0
オクトニオン,8,15.1,5,0.0,waku,Class,TIME,last3F,15,ave3F,56.2,58.3,0
イスカンダル,9,3.8,2,0.0,waku,Class,TIME,last3F,15,ave3F,50.7,50.1,0
アメリカンエール,10,57.7,9,0.0,waku,Class,TIME,last3F,15,ave3F,49.1,47.2,0
カンピオーネ,11,6,3,0.0,waku,Class,TIME,last3F,15,ave3F,50.4,50.1,0
ジュールサイクル,12,208.3,13,0.0,waku,Class,TIME,last3F,15,ave3F,53.1,50.1,0
デアノヴァ,13,8,4,0.0,waku,Class,TIME,last3F,15,ave3F,48.6,46.6,0
タシロ,14,111.6,11,0.0,waku,Class,TIME,last3F,15,ave3F,52.4,49.7,0
セイウンロミオ,15,161.2,12,0.0,waku,Class,TIME,last3F,15,ave3F,48.6,49.1,0
