﻿name,no,odds,pop_rank,power_index,place,distance,surface,pace_type,field_size,class,prev_place,prev_rank,is_chiho
フレーゲル,1,23.9,8,0.0,waku,Class,TIME,last3F,16,ave3F,47.5,40.9,0
ドラゴンゴクウ,2,24.2,9,0.0,waku,Class,TIME,last3F,16,ave3F,51.4,48.0,0
プロデューサー,3,347.2,16,0.0,waku,Class,TIME,last3F,16,ave3F,44.6,39.2,0
セオリーリターン,4,37.9,11,0.0,waku,Class,TIME,last3F,16,ave3F,----,99.0,0
パイツィーレン,5,5.9,3,0.0,waku,Class,TIME,last3F,16,ave3F,41,39.2,0
キャロライナリーパ,6,3,1,0.0,waku,Class,TIME,last3F,16,ave3F,49.8,45.4,0
セイウンゴールド,7,58.8,14,0.0,waku,Class,TIME,last3F,16,ave3F,37.2,47.1,0
グラサージュ,8,38.9,12,0.0,waku,Class,TIME,last3F,16,ave3F,43.6,51.4,0
ネオレインボウ,9,31.5,10,0.0,waku,Class,TIME,last3F,16,ave3F,47,44.6,0
エリカコレクト,10,11.4,6,0.0,waku,Class,TIME,last3F,16,ave3F,50.1,52.7,0
カリュウ,11,5.3,2,0.0,waku,Class,TIME,last3F,16,ave3F,44.6,45.3,0
カツノサンキュウ,12,45.9,13,0.0,waku,Class,TIME,last3F,16,ave3F,43.1,43.0,0
ニシノコニャック,13,11,5,0.0,waku,Class,TIME,last3F,16,ave3F,49.4,49.0,0
トーアスカーレット,14,7.6,4,0.0,waku,Class,TIME,last3F,16,ave3F,45.4,39.2,0
イルザ,15,23.5,7,0.0,waku,Class,TIME,last3F,16,ave3F,48.1,45.3,0
ピカリエ,16,104.4,15,0.0,waku,Class,TIME,last3F,16,ave3F,46.6,40.2,0
