﻿name,no,odds,pop_rank,power_index,place,distance,surface,pace_type,field_size,class,prev_place,prev_rank,is_chiho
クイックバイオ,1,27.4,8,0.0,waku,Class,TIME,last3F,12,ave3F,52.9,52.1,0
トーホウガレオン,2,21.1,6,0.0,waku,Class,TIME,last3F,12,ave3F,49.2,50.7,0
レモンバーム,3,54.1,11,0.0,waku,Class,TIME,last3F,12,ave3F,49.3,48.1,0
マイエレメント,4,2.7,1,0.0,waku,Class,TIME,last3F,12,ave3F,56.6,55.0,0
シャンパンライフ,5,5.9,4,0.0,waku,Class,TIME,last3F,12,ave3F,45.8,45.5,0
シャイニースイフト,6,222.4,12,0.0,waku,Class,TIME,last3F,12,ave3F,49.2,48.3,0
ホウオウサンデー,7,16.6,5,0.0,waku,Class,TIME,last3F,12,ave3F,57.2,52.1,0
テラメリタ,8,3.7,2,0.0,waku,Class,TIME,last3F,12,ave3F,56.5,56.3,0
グラフィティアート,9,5.6,3,0.0,waku,Class,TIME,last3F,12,ave3F,52.9,50.6,0
デファイ,10,32.9,10,0.0,waku,Class,TIME,last3F,12,ave3F,65.5,64.9,0
フォーキャンドルズ,11,29.6,9,0.0,waku,Class,TIME,last3F,12,ave3F,55.2,55.2,0
エイムフォーエース,12,22.6,7,0.0,waku,Class,TIME,last3F,12,ave3F,56.2,52.1,0
