﻿name,no,odds,pop_rank,power_index,place,distance,surface,pace_type,field_size,class,prev_place,prev_rank,is_chiho
ノーチェ,1,42.1,9,0.0,waku,Class,TIME,last3F,16,ave3F,----,99.0,0
サルサブラヴァ,2,32.5,7,0.0,waku,Class,TIME,last3F,16,ave3F,----,99.0,0
サンドッグ,3,110.8,14,0.0,waku,Class,TIME,last3F,16,ave3F,----,99.0,0
ジージージェット,4,8,3,0.0,waku,Class,TIME,last3F,16,ave3F,----,99.0,0
ルアグロール,5,84.3,13,0.0,waku,Class,TIME,last3F,16,ave3F,----,99.0,0
ジオストラテジー,6,10,4,0.0,waku,Class,TIME,last3F,16,ave3F,----,99.0,0
ジェネラスキング,7,51.3,10,0.0,waku,Class,TIME,last3F,16,ave3F,----,99.0,0
ロードトライデント,8,3.6,2,0.0,waku,Class,TIME,last3F,16,ave3F,----,99.0,0
モロノラピド,9,208.2,16,0.0,waku,Class,TIME,last3F,16,ave3F,----,99.0,0
キタノエピックアン,10,184.7,15,0.0,waku,Class,TIME,last3F,16,ave3F,----,99.0,0
ネオアンボウ,11,75.7,12,0.0,waku,Class,TIME,last3F,16,ave3F,----,99.0,0
グラスフェザー,12,27.5,6,0.0,waku,Class,TIME,last3F,16,ave3F,----,99.0,0
ジュンサク,13,34.5,8,0.0,waku,Class,TIME,last3F,16,ave3F,----,99.0,0
ブレイブシュガー,14,65,11,0.0,waku,Class,TIME,last3F,16,ave3F,----,99.0,0
クラウトロック,15,1.9,1,0.0,waku,Class,TIME,last3F,16,ave3F,----,99.0,0
リュウゴピュア,16,19.7,5,0.0,waku,Class,TIME,last3F,16,ave3F,----,99.0,0
