﻿name,no,odds,pop_rank,power_index,place,distance,surface,pace_type,field_size,class,prev_place,prev_rank,is_chiho
カステッロトゥーレ,1,45.4,12,0.0,waku,Class,TIME,last3F,16,ave3F,----,99.0,0
ショウナンタマユラ,2,76.5,14,0.0,waku,Class,TIME,last3F,16,ave3F,----,99.0,0
ナムラハリス,3,19.7,8,0.0,waku,Class,TIME,last3F,16,ave3F,----,99.0,0
レジェルテ,4,59.8,13,0.0,waku,Class,TIME,last3F,16,ave3F,----,99.0,0
キシダンチョウ,5,4.2,1,0.0,waku,Class,TIME,last3F,16,ave3F,----,99.0,0
ヴェネラブル,6,25.1,9,0.0,waku,Class,TIME,last3F,16,ave3F,----,99.0,0
キシャール,7,88,15,0.0,waku,Class,TIME,last3F,16,ave3F,----,99.0,0
リアライズブライト,8,4.6,3,0.0,waku,Class,TIME,last3F,16,ave3F,----,99.0,0
クロミ,9,37.6,10,0.0,waku,Class,TIME,last3F,16,ave3F,----,99.0,0
スリールーディカ,10,10.8,5,0.0,waku,Class,TIME,last3F,16,ave3F,----,99.0,0
アンコ,11,15,6,0.0,waku,Class,TIME,last3F,16,ave3F,----,99.0,0
デパーチャー,12,216,16,0.0,waku,Class,TIME,last3F,16,ave3F,----,99.0,0
ララファキュルテ,13,4.5,2,0.0,waku,Class,TIME,last3F,16,ave3F,----,99.0,0
リノルアナ,14,15.6,7,0.0,waku,Class,TIME,last3F,16,ave3F,----,99.0,0
ミレニアルピンク,15,43.7,11,0.0,waku,Class,TIME,last3F,16,ave3F,----,99.0,0
オックスアイ,16,6.7,4,0.0,waku,Class,TIME,last3F,16,ave3F,----,99.0,0
