﻿name,no,odds,pop_rank,power_index,place,distance,surface,pace_type,field_size,class,prev_place,prev_rank,is_chiho
マランドロ,1,126.4,11,0.0,waku,Class,TIME,last3F,16,ave3F,----,99.0,0
マツリダシリウス,2,83.7,7,0.0,waku,Class,TIME,last3F,16,ave3F,46.6,47.1,0
トラストレガート,3,186.1,13,0.0,waku,Class,TIME,last3F,16,ave3F,52.5,51.9,0
パワポケウォーズ,4,115.8,9,0.0,waku,Class,TIME,last3F,16,ave3F,44.2,45.9,0
イントゥゴールデン,5,207.3,15,0.0,waku,Class,TIME,last3F,16,ave3F,41,48.7,0
オーキッドワン,6,192.1,14,0.0,waku,Class,TIME,last3F,16,ave3F,55.9,57.0,0
サイモフェーン,7,1.3,1,0.0,waku,Class,TIME,last3F,16,ave3F,48.8,48.0,0
メイプルインパクト,8,313.7,16,0.0,waku,Class,TIME,last3F,16,ave3F,----,99.0,0
プリンセスダーコ,9,14.1,5,0.0,waku,Class,TIME,last3F,16,ave3F,----,99.0,0
ハッピーカーン,10,60.2,6,0.0,waku,Class,TIME,last3F,16,ave3F,----,99.0,0
チェイサー,11,116.4,10,0.0,waku,Class,TIME,last3F,16,ave3F,50.4,53.1,0
イデアクリスタル,12,11.5,4,0.0,waku,Class,TIME,last3F,16,ave3F,56.8,51.8,0
サラサチャチャチャ,13,110.1,8,0.0,waku,Class,TIME,last3F,16,ave3F,51.9,49.6,0
ソニックキャット,14,7.7,3,0.0,waku,Class,TIME,last3F,16,ave3F,62.5,66.5,0
タイセツナヒ,15,6.7,2,0.0,waku,Class,TIME,last3F,16,ave3F,47.7,43.9,0
アスパラゴ,16,183.3,12,0.0,waku,Class,TIME,last3F,16,ave3F,50.8,54.0,0
