﻿name,no,odds,pop_rank,power_index,place,distance,surface,pace_type,field_size,class,prev_place,prev_rank,is_chiho
ドングラミ,1,434.3,11,0.0,waku,Class,TIME,last3F,11,ave3F,42,45.9,0
エムフォー,2,6.1,3,0.0,waku,Class,TIME,last3F,11,ave3F,----,99.0,0
コパノトーマス,3,15,5,0.0,waku,Class,TIME,last3F,11,ave3F,47.7,44.4,0
アルデトップガン,4,24.5,6,0.0,waku,Class,TIME,last3F,11,ave3F,51.6,53.8,0
レッドスティンガー,5,6.9,4,0.0,waku,Class,TIME,last3F,11,ave3F,62.3,59.1,0
ドナソール,6,62.2,7,0.0,waku,Class,TIME,last3F,11,ave3F,47.2,47.3,0
エコロシード,7,2.8,2,0.0,waku,Class,TIME,last3F,11,ave3F,48,48.0,0
セイウンアインス,8,89.4,8,0.0,waku,Class,TIME,last3F,11,ave3F,37.6,45.6,0
アパタイトテソーロ,9,197.9,10,0.0,waku,Class,TIME,last3F,11,ave3F,48.1,45.4,0
ラブルラウザー,10,2.2,1,0.0,waku,Class,TIME,last3F,11,ave3F,40.7,42.7,0
アンティミスト,11,99.4,9,0.0,waku,Class,TIME,last3F,11,ave3F,43.3,43.3,0
