﻿name,no,odds,pop_rank,power_index,place,distance,surface,pace_type,field_size,class,prev_place,prev_rank,is_chiho
エキサイトバイオ,1,29.7,7,0.0,waku,Class,TIME,last3F,16,ave3F,53.6,51.0,0
シンエンペラー,2,26.6,6,0.0,waku,Class,TIME,last3F,16,ave3F,----,99.0,0
ジャスティンパレス,3,12.7,5,0.0,waku,Class,TIME,last3F,16,ave3F,63.3,61.6,0
ミュージアムマイル,4,3.8,3,0.0,waku,Class,TIME,last3F,16,ave3F,55.1,53.0,0
レガレイラ,5,3.3,1,0.0,waku,Class,TIME,last3F,16,ave3F,56.1,54.0,0
メイショウタバル,6,5.8,4,0.0,waku,Class,TIME,last3F,16,ave3F,49.1,49.1,0
サンライズジパング,7,122.5,13,0.0,waku,Class,TIME,last3F,16,ave3F,----,99.0,0
シュヴァリエローズ,8,154.1,14,0.0,waku,Class,TIME,last3F,16,ave3F,51.5,48.3,0
ダノンデサイル,9,3.8,2,0.0,waku,Class,TIME,last3F,16,ave3F,----,99.0,0
コスモキュランダ,10,111.5,12,0.0,waku,Class,TIME,last3F,16,ave3F,60.6,61.6,0
ミステリーウェイ,11,53.5,10,0.0,waku,Class,TIME,last3F,16,ave3F,55.8,55.8,0
マイネルエンペラー,12,111.5,11,0.0,waku,Class,TIME,last3F,16,ave3F,51.7,50.9,0
アドマイヤテラ,13,50.3,9,0.0,waku,Class,TIME,last3F,16,ave3F,54.8,54.1,0
アラタ,14,174.2,15,0.0,waku,Class,TIME,last3F,16,ave3F,56.3,48.3,0
エルトンバローズ,15,180.3,16,0.0,waku,Class,TIME,last3F,16,ave3F,54.6,54.3,0
タスティエーラ,16,35.4,8,0.0,waku,Class,TIME,last3F,16,ave3F,61.7,61.6,0
