﻿name,no,odds,pop_rank,power_index,place,distance,surface,pace_type,field_size,class,prev_place,prev_rank,is_chiho
ジューンエオス,1,12.6,5,0.0,waku,Class,TIME,last3F,13,ave3F,48.7,48.8,0
アパイシュナール,2,134.4,11,0.0,waku,Class,TIME,last3F,13,ave3F,49.3,48.2,0
エンプレスフレーム,3,160.7,12,0.0,waku,Class,TIME,last3F,13,ave3F,47.8,48.6,0
ディーズゴールド,4,2.5,1,0.0,waku,Class,TIME,last3F,13,ave3F,51.2,51.2,0
ジェイエルマスター,5,3,2,0.0,waku,Class,TIME,last3F,13,ave3F,50.6,46.2,0
オールマキシマム,6,22.3,6,0.0,waku,Class,TIME,last3F,13,ave3F,53.2,49.1,0
アートレスマインド,7,4.8,3,0.0,waku,Class,TIME,last3F,13,ave3F,52.5,50.8,0
ベルイストワール,8,80.3,10,0.0,waku,Class,TIME,last3F,13,ave3F,52.9,53.1,0
オーケーマヒナ,9,48.5,7,0.0,waku,Class,TIME,last3F,13,ave3F,46.9,46.9,0
プルナチャンドラ,10,7.8,4,0.0,waku,Class,TIME,last3F,13,ave3F,51.7,49.0,0
コスモマルーン,11,358.7,13,0.0,waku,Class,TIME,last3F,13,ave3F,55,52.3,0
マンダリンボレロ,12,67.3,9,0.0,waku,Class,TIME,last3F,13,ave3F,46.9,45.8,0
カフェアローロ,13,59.1,8,0.0,waku,Class,TIME,last3F,13,ave3F,58.1,52.2,0
