﻿name,no,odds,pop_rank,power_index,place,distance,surface,pace_type,field_size,class,prev_place,prev_rank,is_chiho
アルデナイン,1,229.1,15,0.0,waku,Class,TIME,last3F,18,ave3F,----,99.0,0
アーティキュレート,2,64.1,11,0.0,waku,Class,TIME,last3F,18,ave3F,----,99.0,0
ニュークリアス,3,55.8,10,0.0,waku,Class,TIME,last3F,18,ave3F,----,99.0,0
サトノクラシカル,4,4.4,2,0.0,waku,Class,TIME,last3F,18,ave3F,----,99.0,0
キミガハマ,5,17.7,5,0.0,waku,Class,TIME,last3F,18,ave3F,----,99.0,0
コンジェスタス,6,8.3,4,0.0,waku,Class,TIME,last3F,18,ave3F,----,99.0,0
ミッキーファルコン,7,5,3,0.0,waku,Class,TIME,last3F,18,ave3F,----,99.0,0
ビーストウォーズ,8,247.5,16,0.0,waku,Class,TIME,last3F,18,ave3F,----,99.0,0
ブザービーター,9,118.3,12,0.0,waku,Class,TIME,last3F,18,ave3F,----,99.0,0
コスモアルペジオ,10,42.7,9,0.0,waku,Class,TIME,last3F,18,ave3F,----,99.0,0
デルマホダカ,11,266.8,17,0.0,waku,Class,TIME,last3F,18,ave3F,----,99.0,0
タロ,12,153.1,14,0.0,waku,Class,TIME,last3F,18,ave3F,----,99.0,0
トレセデオロ,13,34.4,7,0.0,waku,Class,TIME,last3F,18,ave3F,----,99.0,0
サートゥルチェア,14,34.7,8,0.0,waku,Class,TIME,last3F,18,ave3F,----,99.0,0
レッドレガリア,15,2.2,1,0.0,waku,Class,TIME,last3F,18,ave3F,----,99.0,0
マイネルモンブラン,16,304.2,18,0.0,waku,Class,TIME,last3F,18,ave3F,----,99.0,0
ソフィア,17,20.3,6,0.0,waku,Class,TIME,last3F,18,ave3F,----,99.0,0
シルバープレミア,18,142.7,13,0.0,waku,Class,TIME,last3F,18,ave3F,----,99.0,0
