﻿name,no,odds,pop_rank,power_index,place,distance,surface,pace_type,field_size,class,prev_place,prev_rank,is_chiho
キングズテイル,1,17.9,4,0.0,waku,Class,TIME,last3F,13,ave3F,55.2,56.5,0
カイラーサ,2,50.5,10,0.0,waku,Class,TIME,last3F,13,ave3F,----,99.0,0
パゴスピグイノス,3,7.3,3,0.0,waku,Class,TIME,last3F,13,ave3F,55.5,58.5,0
イチザペガサス,4,112,12,0.0,waku,Class,TIME,last3F,13,ave3F,45.6,48.8,0
ミヤジオズ,5,1.8,1,0.0,waku,Class,TIME,last3F,13,ave3F,----,99.0,0
バンブトンコール,6,32.7,9,0.0,waku,Class,TIME,last3F,13,ave3F,53.9,58.5,0
トール,7,18.5,5,0.0,waku,Class,TIME,last3F,13,ave3F,----,99.0,0
ボールドフロント,8,24.4,6,0.0,waku,Class,TIME,last3F,13,ave3F,----,99.0,0
ミディエイター,9,25.6,7,0.0,waku,Class,TIME,last3F,13,ave3F,----,99.0,0
ジューンセクレタ,10,3.5,2,0.0,waku,Class,TIME,last3F,13,ave3F,----,99.0,0
スズランクイーン,11,172.6,13,0.0,waku,Class,TIME,last3F,13,ave3F,45.7,46.2,0
ヒロノフウジン,12,107.2,11,0.0,waku,Class,TIME,last3F,13,ave3F,----,99.0,0
スティーブ,13,30,8,0.0,waku,Class,TIME,last3F,13,ave3F,52.9,56.5,0
