﻿name,no,odds,pop_rank,power_index,place,distance,surface,pace_type,field_size,class,prev_place,prev_rank,is_chiho
コンティノアール,1,17.2,7,0.0,waku,Class,TIME,last3F,16,ave3F,----,99.0,0
メタマックス,2,71.7,12,0.0,waku,Class,TIME,last3F,16,ave3F,50,49.4,0
ノーブルロジャー,3,5.3,2,0.0,waku,Class,TIME,last3F,16,ave3F,54.7,48.9,0
ロードフロンティア,4,21,8,0.0,waku,Class,TIME,last3F,16,ave3F,47.6,47.6,0
コンクイスタ,5,3.2,1,0.0,waku,Class,TIME,last3F,16,ave3F,47.3,46.7,0
ナムラフランク,6,56,11,0.0,waku,Class,TIME,last3F,16,ave3F,45.6,44.7,0
グッジョブ,7,43,10,0.0,waku,Class,TIME,last3F,16,ave3F,52.3,44.3,0
スマートサニー,8,26.2,9,0.0,waku,Class,TIME,last3F,16,ave3F,43.7,40.9,0
ユキマル,9,6.9,4,0.0,waku,Class,TIME,last3F,16,ave3F,46.9,45.3,0
スマートアイ,10,97.2,13,0.0,waku,Class,TIME,last3F,16,ave3F,41.5,44.7,0
サトノフェニックス,11,10.8,6,0.0,waku,Class,TIME,last3F,16,ave3F,49.3,48.9,0
メイショウカズサ,12,191.1,15,0.0,waku,Class,TIME,last3F,16,ave3F,----,99.0,0
ワイワイレジェンド,13,7.8,5,0.0,waku,Class,TIME,last3F,16,ave3F,45.8,46.6,0
バトゥーキ,14,5.9,3,0.0,waku,Class,TIME,last3F,16,ave3F,49.6,47.9,0
サクセスローレル,15,235.7,16,0.0,waku,Class,TIME,last3F,16,ave3F,45.1,49.4,0
ケイアイシェルビー,16,166.9,14,0.0,waku,Class,TIME,last3F,16,ave3F,49.9,49.4,0
