﻿name,no,odds,pop_rank,power_index,place,distance,surface,pace_type,field_size,class,prev_place,prev_rank,is_chiho
ミスチヴマリアンヌ,1,92.4,10,0.0,waku,Class,TIME,last3F,16,ave3F,----,99.0,0
フィオーレグリーン,2,391.4,16,0.0,waku,Class,TIME,last3F,16,ave3F,50.8,56.0,0
キッショウダラニ,3,3.7,2,0.0,waku,Class,TIME,last3F,16,ave3F,----,99.0,0
ニシノオールワン,4,11.5,6,0.0,waku,Class,TIME,last3F,16,ave3F,43.7,46.4,0
スティルアイライズ,5,100.3,11,0.0,waku,Class,TIME,last3F,16,ave3F,----,99.0,0
ヴァールザーゲン,6,290.2,14,0.0,waku,Class,TIME,last3F,16,ave3F,----,99.0,0
リュウセイコウテイ,7,22.6,8,0.0,waku,Class,TIME,last3F,16,ave3F,47.7,48.8,0
ヨドノサファイア,8,16.1,7,0.0,waku,Class,TIME,last3F,16,ave3F,63.4,60.3,0
アロハオエ,9,234.3,12,0.0,waku,Class,TIME,last3F,16,ave3F,51.6,49.3,0
ニシノセイドウ,10,10.7,5,0.0,waku,Class,TIME,last3F,16,ave3F,----,99.0,0
ツルノマイハシ,11,9.6,4,0.0,waku,Class,TIME,last3F,16,ave3F,55.4,50.9,0
クリオロゴールド,12,4.4,3,0.0,waku,Class,TIME,last3F,16,ave3F,----,99.0,0
シャインフォーミー,13,3.1,1,0.0,waku,Class,TIME,last3F,16,ave3F,53.7,53.3,0
イーリスアスター,14,69.2,9,0.0,waku,Class,TIME,last3F,16,ave3F,47.7,48.8,0
トモロウィンアスク,15,275.7,13,0.0,waku,Class,TIME,last3F,16,ave3F,----,99.0,0
アイアンブランド,16,315.2,15,0.0,waku,Class,TIME,last3F,16,ave3F,42.1,44.1,0
