﻿name,no,odds,pop_rank,power_index,place,distance,surface,pace_type,field_size,class,prev_place,prev_rank,is_chiho
ニシノコニャック,1,113.3,14,0.0,waku,Class,TIME,last3F,16,ave3F,54.5,50.6,0
ルージュアズライト,2,24.5,9,0.0,waku,Class,TIME,last3F,16,ave3F,46.3,45.2,0
ネグレスコ,3,70.1,12,0.0,waku,Class,TIME,last3F,16,ave3F,43.5,44.6,0
アイアムユウシュン,4,9.8,4,0.0,waku,Class,TIME,last3F,16,ave3F,38.9,38.1,0
グレタ,5,102,13,0.0,waku,Class,TIME,last3F,16,ave3F,47.4,47.6,0
エリーズダイヤ,6,150.1,15,0.0,waku,Class,TIME,last3F,16,ave3F,48.1,51.0,0
アシャカトベ,7,3.2,2,0.0,waku,Class,TIME,last3F,16,ave3F,45.5,45.5,0
アンズアメ,8,3.1,1,0.0,waku,Class,TIME,last3F,16,ave3F,47.9,47.2,0
ワークソング,9,8.3,3,0.0,waku,Class,TIME,last3F,16,ave3F,49.2,40.1,0
カンパニョーラ,10,21.5,8,0.0,waku,Class,TIME,last3F,16,ave3F,50.3,45.3,0
カウスリップ,11,14,6,0.0,waku,Class,TIME,last3F,16,ave3F,48,45.3,0
ジャスパーノワール,12,12,5,0.0,waku,Class,TIME,last3F,16,ave3F,50,51.5,0
カフジエニアゴン,13,59.5,11,0.0,waku,Class,TIME,last3F,16,ave3F,42.2,42.3,0
メイショウコバト,14,160.8,16,0.0,waku,Class,TIME,last3F,16,ave3F,44.8,45.3,0
コブラ,15,26.9,10,0.0,waku,Class,TIME,last3F,16,ave3F,47.4,46.9,0
ムーム,16,17,7,0.0,waku,Class,TIME,last3F,16,ave3F,44.2,48.6,0
