﻿name,no,odds,pop_rank,power_index,place,distance,surface,pace_type,field_size,class,prev_place,prev_rank,is_chiho
ペリファーニア,1,8,4,0.0,waku,Class,TIME,last3F,16,ave3F,52.4,53.7,0
テウメッサ,2,52.1,11,0.0,waku,Class,TIME,last3F,16,ave3F,38.2,44.9,0
エポックヴィーナス,3,34.9,9,0.0,waku,Class,TIME,last3F,16,ave3F,54.5,52.1,0
サムハンター,4,95.7,13,0.0,waku,Class,TIME,last3F,16,ave3F,50.9,52.1,0
グローリーリンク,5,3.7,2,0.0,waku,Class,TIME,last3F,16,ave3F,50.7,47.9,0
ジョイフルニュース,6,2.6,1,0.0,waku,Class,TIME,last3F,16,ave3F,55.1,54.2,0
ピックアチェリー,7,22.5,7,0.0,waku,Class,TIME,last3F,16,ave3F,58.1,52.6,0
セブンマジシャン,8,6.2,3,0.0,waku,Class,TIME,last3F,16,ave3F,55.4,51.1,0
ボーモンド,9,22.5,6,0.0,waku,Class,TIME,last3F,16,ave3F,57,56.5,0
レッドアトレーヴ,10,30.3,8,0.0,waku,Class,TIME,last3F,16,ave3F,55.1,55.2,0
カニキュル,11,11.7,5,0.0,waku,Class,TIME,last3F,16,ave3F,52.7,49.7,0
ファインライン,12,58.3,12,0.0,waku,Class,TIME,last3F,16,ave3F,53.3,52.1,0
ケイデンシーマーク,13,45.8,10,0.0,waku,Class,TIME,last3F,16,ave3F,60,60.0,0
ショーマンフリート,14,237,16,0.0,waku,Class,TIME,last3F,16,ave3F,32.2,48.8,0
マルチャン,15,114.1,14,0.0,waku,Class,TIME,last3F,16,ave3F,60.6,60.3,0
アグラシアド,16,233.3,15,0.0,waku,Class,TIME,last3F,16,ave3F,49.7,49.0,0
