﻿name,no,odds,pop_rank,power_index,place,distance,surface,pace_type,field_size,class,prev_place,prev_rank,is_chiho
アイファーリーベン,1,436.9,16,0.0,waku,Class,TIME,last3F,16,ave3F,49.5,46.1,0
エフエイト,2,3.4,1,0.0,waku,Class,TIME,last3F,16,ave3F,46.2,46.5,0
スノークルーズ,3,110.9,12,0.0,waku,Class,TIME,last3F,16,ave3F,----,99.0,0
リッチハンター,4,33,9,0.0,waku,Class,TIME,last3F,16,ave3F,----,99.0,0
メッエフアパラ,5,4.1,2,0.0,waku,Class,TIME,last3F,16,ave3F,49.1,50.1,0
エルオレンス,6,14.1,7,0.0,waku,Class,TIME,last3F,16,ave3F,48.5,49.8,0
クインズシフォン,7,9.2,6,0.0,waku,Class,TIME,last3F,16,ave3F,46.8,43.8,0
パシーヴ,8,6.4,3,0.0,waku,Class,TIME,last3F,16,ave3F,54,51.3,0
サンマルリアン,9,386.1,15,0.0,waku,Class,TIME,last3F,16,ave3F,43.2,40.2,0
サトノセレナーデ,10,26.8,8,0.0,waku,Class,TIME,last3F,16,ave3F,----,99.0,0
アルマーレシチー,11,47.5,10,0.0,waku,Class,TIME,last3F,16,ave3F,----,99.0,0
ヒメカミノイタダキ,12,65,11,0.0,waku,Class,TIME,last3F,16,ave3F,51.2,50.6,0
テイラーテソーロ,13,163.6,14,0.0,waku,Class,TIME,last3F,16,ave3F,----,99.0,0
タイセイルヴァン,14,8.5,5,0.0,waku,Class,TIME,last3F,16,ave3F,----,99.0,0
トモサカエ,15,113.9,13,0.0,waku,Class,TIME,last3F,16,ave3F,----,99.0,0
チェルシー,16,7.2,4,0.0,waku,Class,TIME,last3F,16,ave3F,36.6,43.8,0
