﻿name,no,odds,pop_rank,power_index,place,distance,surface,pace_type,field_size,class,prev_place,prev_rank,is_chiho
スケダチムヨウ,1,248.5,15,0.0,waku,Class,TIME,last3F,16,ave3F,----,99.0,0
ベアフォースワン,2,312.7,16,0.0,waku,Class,TIME,last3F,16,ave3F,53.9,52.9,0
ニシノランペイジ,3,113.7,13,0.0,waku,Class,TIME,last3F,16,ave3F,42.2,34.6,0
モーゲンセン,4,4.7,3,0.0,waku,Class,TIME,last3F,16,ave3F,41.4,42.3,0
タイセイガナール,5,26.7,8,0.0,waku,Class,TIME,last3F,16,ave3F,41.5,41.8,0
イヌボウノキラメキ,6,42.4,9,0.0,waku,Class,TIME,last3F,16,ave3F,----,99.0,0
タヤスロレンヌ,7,16.2,6,0.0,waku,Class,TIME,last3F,16,ave3F,44,48.3,0
コウユーニポポニコ,8,8.9,4,0.0,waku,Class,TIME,last3F,16,ave3F,41.8,41.8,0
ケイツースクード,9,66,10,0.0,waku,Class,TIME,last3F,16,ave3F,----,99.0,0
クルビデンス,10,69.2,11,0.0,waku,Class,TIME,last3F,16,ave3F,----,99.0,0
ミツカネメルクリオ,11,3.1,1,0.0,waku,Class,TIME,last3F,16,ave3F,----,99.0,0
チェストー,12,239.9,14,0.0,waku,Class,TIME,last3F,16,ave3F,----,99.0,0
チャンピオンホース,13,23.8,7,0.0,waku,Class,TIME,last3F,16,ave3F,51.4,55.1,0
イイクニパッション,14,3.2,2,0.0,waku,Class,TIME,last3F,16,ave3F,43.7,45.8,0
オテモヤン,15,14.1,5,0.0,waku,Class,TIME,last3F,16,ave3F,44.4,47.5,0
ピュール,16,96.7,12,0.0,waku,Class,TIME,last3F,16,ave3F,----,99.0,0
