﻿name,no,odds,pop_rank,power_index,place,distance,surface,pace_type,field_size,class,prev_place,prev_rank,is_chiho
ストームゲイル,1,2.5,1,0.0,waku,Class,TIME,last3F,18,ave3F,57.3,56.8,0
テムホウサク,2,552.2,17,0.0,waku,Class,TIME,last3F,18,ave3F,----,99.0,0
レジーナレガリア,3,98.5,13,0.0,waku,Class,TIME,last3F,18,ave3F,54.4,55.0,0
ミエノクラウン,4,128.1,14,0.0,waku,Class,TIME,last3F,18,ave3F,58.5,53.1,0
マイネルホウセン,5,21.7,7,0.0,waku,Class,TIME,last3F,18,ave3F,65.5,67.3,0
クライナリーゼ,6,614.1,18,0.0,waku,Class,TIME,last3F,18,ave3F,49.4,43.5,0
ナムラヴンダー,7,8.9,5,0.0,waku,Class,TIME,last3F,18,ave3F,54.8,51.7,0
センリョウヤクシャ,8,43.5,10,0.0,waku,Class,TIME,last3F,18,ave3F,----,99.0,0
ファインウーマン,9,506.6,16,0.0,waku,Class,TIME,last3F,18,ave3F,----,99.0,0
エイシンビーコン,10,36.9,9,0.0,waku,Class,TIME,last3F,18,ave3F,----,99.0,0
レイワノキセキ,11,70,12,0.0,waku,Class,TIME,last3F,18,ave3F,61.6,60.3,0
エルナト,12,7.6,3,0.0,waku,Class,TIME,last3F,18,ave3F,59.9,59.5,0
エースフライト,13,4.3,2,0.0,waku,Class,TIME,last3F,18,ave3F,----,99.0,0
ランスオブヒーロー,14,28.3,8,0.0,waku,Class,TIME,last3F,18,ave3F,----,99.0,0
ナリタエスペランサ,15,15,6,0.0,waku,Class,TIME,last3F,18,ave3F,57.2,58.5,0
メイショウノヴァス,16,7.8,4,0.0,waku,Class,TIME,last3F,18,ave3F,----,99.0,0
キタサンスーザン,17,419.6,15,0.0,waku,Class,TIME,last3F,18,ave3F,----,99.0,0
デプレ,18,51.3,11,0.0,waku,Class,TIME,last3F,18,ave3F,----,99.0,0
