﻿name,no,odds,pop_rank,power_index,place,distance,surface,pace_type,field_size,class,prev_place,prev_rank,is_chiho
ボンドロア,1,11.8,5,0.0,waku,Class,TIME,last3F,14,ave3F,54.2,52.0,0
エコロレイズ,2,36.3,7,0.0,waku,Class,TIME,last3F,14,ave3F,55.2,54.7,0
ソワドリヨン,3,123.9,11,0.0,waku,Class,TIME,last3F,14,ave3F,64,62.1,0
ウインマイルート,4,175.8,12,0.0,waku,Class,TIME,last3F,14,ave3F,52.7,52.8,0
ラーシャローム,5,75.7,9,0.0,waku,Class,TIME,last3F,14,ave3F,58.8,57.2,0
コーチェラバレー,6,3.6,2,0.0,waku,Class,TIME,last3F,14,ave3F,59.9,57.4,0
セイウンパシュート,7,70.1,8,0.0,waku,Class,TIME,last3F,14,ave3F,53.2,55.4,0
ピックデムッシュ,8,2.3,1,0.0,waku,Class,TIME,last3F,14,ave3F,55.3,53.0,0
オストラヴァ,9,9.1,4,0.0,waku,Class,TIME,last3F,14,ave3F,56.5,56.7,0
サツキスマイル,10,372.2,14,0.0,waku,Class,TIME,last3F,14,ave3F,53.9,55.7,0
ショウナンガチ,11,89.2,10,0.0,waku,Class,TIME,last3F,14,ave3F,54.4,55.2,0
フィーリウス,12,4.3,3,0.0,waku,Class,TIME,last3F,14,ave3F,51.1,53.0,0
リギーロ,13,27.2,6,0.0,waku,Class,TIME,last3F,14,ave3F,54.6,53.0,0
オウケンボルト,14,202.1,13,0.0,waku,Class,TIME,last3F,14,ave3F,56.9,59.5,0
