﻿name,no,odds,pop_rank,power_index,place,distance,surface,pace_type,field_size,class,prev_place,prev_rank,is_chiho
スピードリッチ,1,20.6,6,0.0,waku,Class,TIME,last3F,14,ave3F,59.4,58.4,0
サクソンジェンヌ,2,30.7,9,0.0,waku,Class,TIME,last3F,14,ave3F,49.2,50.2,0
アマキヒ,3,4.6,3,0.0,waku,Class,TIME,last3F,14,ave3F,56.4,52.8,0
ローザサンリヴァル,4,7.8,4,0.0,waku,Class,TIME,last3F,14,ave3F,62.1,59.5,0
フルール,5,26.7,8,0.0,waku,Class,TIME,last3F,14,ave3F,55.1,55.8,0
レッドテリオス,6,4,2,0.0,waku,Class,TIME,last3F,14,ave3F,57.2,55.6,0
アスターブジエ,7,23.4,7,0.0,waku,Class,TIME,last3F,14,ave3F,59.3,57.4,0
アームブランシュ,8,377.4,14,0.0,waku,Class,TIME,last3F,14,ave3F,53.7,54.3,0
モズマーヴェリック,9,100.4,10,0.0,waku,Class,TIME,last3F,14,ave3F,57.1,55.3,0
レッドヴェロシティ,10,146.9,11,0.0,waku,Class,TIME,last3F,14,ave3F,51.9,55.3,0
フェミナフォルテ,11,333.4,13,0.0,waku,Class,TIME,last3F,14,ave3F,55.6,57.4,0
サークルオブジョイ,12,17.1,5,0.0,waku,Class,TIME,last3F,14,ave3F,60.6,60.9,0
メイテソーロ,13,201.3,12,0.0,waku,Class,TIME,last3F,14,ave3F,50.8,48.8,0
ミクニインスパイア,14,2.4,1,0.0,waku,Class,TIME,last3F,14,ave3F,60.7,58.9,0
