﻿name,no,odds,pop_rank,power_index,place,distance,surface,pace_type,field_size,class,prev_place,prev_rank,is_chiho
ヒーローインチーフ,1,22.8,8,0.0,waku,Class,TIME,last3F,10,ave3F,56,50.6,0
バンドシェル,2,3.7,1,0.0,waku,Class,TIME,last3F,10,ave3F,58.5,51.5,0
エマヌエーレ,3,6.8,4,0.0,waku,Class,TIME,last3F,10,ave3F,54.2,49.4,0
ロードマイライフ,4,4.6,3,0.0,waku,Class,TIME,last3F,10,ave3F,50.6,48.3,0
ブリックワーク,5,29.5,9,0.0,waku,Class,TIME,last3F,10,ave3F,49.9,52.1,0
イツモニコニコ,6,4,2,0.0,waku,Class,TIME,last3F,10,ave3F,48.3,49.7,0
マルプリ,7,93.5,10,0.0,waku,Class,TIME,last3F,10,ave3F,57.9,56.7,0
サウンドモリアーナ,8,9.6,6,0.0,waku,Class,TIME,last3F,10,ave3F,50.9,48.0,0
キャプテンシー,9,21.3,7,0.0,waku,Class,TIME,last3F,10,ave3F,45.2,47.7,0
アスティスプマンテ,10,7.4,5,0.0,waku,Class,TIME,last3F,10,ave3F,54.2,50.6,0
