﻿name,no,odds,pop_rank,power_index,place,distance,surface,pace_type,field_size,class,prev_place,prev_rank,is_chiho
ジョウショーパワー,1,95.8,11,0.0,waku,Class,TIME,last3F,13,ave3F,45.8,50.6,0
ワンダースティング,2,26,8,0.0,waku,Class,TIME,last3F,13,ave3F,43,42.6,0
ショーダンサー,3,4.7,3,0.0,waku,Class,TIME,last3F,13,ave3F,55.3,45.1,0
スマートシーカー,4,8.2,6,0.0,waku,Class,TIME,last3F,13,ave3F,41.2,47.3,0
ドッビアーコ,5,17.4,7,0.0,waku,Class,TIME,last3F,13,ave3F,41.7,44.7,0
メイケイロゼッタ,6,38.5,9,0.0,waku,Class,TIME,last3F,13,ave3F,47.3,49.0,0
メイショウジェンマ,7,72.8,10,0.0,waku,Class,TIME,last3F,13,ave3F,43.2,47.2,0
ディオスパーダ,8,216.3,13,0.0,waku,Class,TIME,last3F,13,ave3F,46.4,45.8,0
メイショウカシワデ,9,3.6,1,0.0,waku,Class,TIME,last3F,13,ave3F,48,45.8,0
ゴールドダイアー,10,4.6,2,0.0,waku,Class,TIME,last3F,13,ave3F,54.3,50.9,0
トゥルブレンシア,11,134.6,12,0.0,waku,Class,TIME,last3F,13,ave3F,48.2,47.9,0
アラナコア,12,6.8,4,0.0,waku,Class,TIME,last3F,13,ave3F,49.3,49.1,0
レッドダンルース,13,8,5,0.0,waku,Class,TIME,last3F,13,ave3F,45.9,47.9,0
