﻿name,no,odds,pop_rank,power_index,place,distance,surface,pace_type,field_size,class,prev_place,prev_rank,is_chiho
ピンクジン,1,52.2,7,0.0,waku,Class,TIME,last3F,11,ave3F,55.9,54.7,0
ミアステラ,2,88.5,8,0.0,waku,Class,TIME,last3F,11,ave3F,50.6,57.1,0
アレナリア,3,17.8,4,0.0,waku,Class,TIME,last3F,11,ave3F,58.5,57.6,0
リッケンバッカー,4,90.3,9,0.0,waku,Class,TIME,last3F,11,ave3F,60.2,55.8,0
ドットクルー,5,14.3,3,0.0,waku,Class,TIME,last3F,11,ave3F,56.2,54.2,0
マイネルエニグマ,6,20.4,6,0.0,waku,Class,TIME,last3F,11,ave3F,60.2,58.8,0
ローランドバローズ,7,1.4,1,0.0,waku,Class,TIME,last3F,11,ave3F,54.5,51.0,0
キーパフォーマー,8,3.8,2,0.0,waku,Class,TIME,last3F,11,ave3F,53.5,49.4,0
アスクビギンアゲン,9,103.8,10,0.0,waku,Class,TIME,last3F,11,ave3F,60.5,58.2,0
ガジュノリ,10,20.4,5,0.0,waku,Class,TIME,last3F,11,ave3F,54.4,53.5,0
エイカイマッケンロ,11,113.7,11,0.0,waku,Class,TIME,last3F,11,ave3F,53.7,57.1,0
