﻿name,no,odds,pop_rank,power_index,place,distance,surface,pace_type,field_size,class,prev_place,prev_rank,is_chiho
シュクルリー,1,93.2,13,0.0,waku,Class,TIME,last3F,16,ave3F,----,99.0,0
フルーツベイビー,2,49.2,10,0.0,waku,Class,TIME,last3F,16,ave3F,----,99.0,0
サンライズハンター,3,71.5,11,0.0,waku,Class,TIME,last3F,16,ave3F,----,99.0,0
ソルオーブ,4,2.8,1,0.0,waku,Class,TIME,last3F,16,ave3F,----,99.0,0
ドリームゴーズオン,5,134.8,15,0.0,waku,Class,TIME,last3F,16,ave3F,----,99.0,0
テリオスリコ,6,82.9,12,0.0,waku,Class,TIME,last3F,16,ave3F,----,99.0,0
メイショウイッカク,7,15.2,5,0.0,waku,Class,TIME,last3F,16,ave3F,----,99.0,0
モズノシアワセ,8,22.3,8,0.0,waku,Class,TIME,last3F,16,ave3F,----,99.0,0
マリリンバローズ,9,3.1,2,0.0,waku,Class,TIME,last3F,16,ave3F,----,99.0,0
シャインゴーツ,10,8.3,4,0.0,waku,Class,TIME,last3F,16,ave3F,----,99.0,0
ロマンズロック,11,41.7,9,0.0,waku,Class,TIME,last3F,16,ave3F,----,99.0,0
シビルガード,12,19.7,7,0.0,waku,Class,TIME,last3F,16,ave3F,----,99.0,0
リリークリスタル,13,139.6,16,0.0,waku,Class,TIME,last3F,16,ave3F,----,99.0,0
マルシュボヌール,14,7.1,3,0.0,waku,Class,TIME,last3F,16,ave3F,----,99.0,0
ビサイレント,15,16.8,6,0.0,waku,Class,TIME,last3F,16,ave3F,----,99.0,0
トウカイツバキ,16,98.3,14,0.0,waku,Class,TIME,last3F,16,ave3F,----,99.0,0
