﻿name,no,odds,pop_rank,power_index,place,distance,surface,pace_type,field_size,class,prev_place,prev_rank,is_chiho
メトロポリターナ,1,195.7,15,0.0,waku,Class,TIME,last3F,16,ave3F,----,99.0,0
リトルスカーレット,2,123.8,13,0.0,waku,Class,TIME,last3F,16,ave3F,39.3,38.3,0
ウィテカービート,3,257.7,16,0.0,waku,Class,TIME,last3F,16,ave3F,38,45.5,0
イイデカンタロウ,4,65.3,8,0.0,waku,Class,TIME,last3F,16,ave3F,40.6,48.7,0
シャドフ,5,112.4,12,0.0,waku,Class,TIME,last3F,16,ave3F,46.6,43.8,0
インディゴ,6,15.1,7,0.0,waku,Class,TIME,last3F,16,ave3F,49.3,48.3,0
ワイルデンウーリー,7,6.2,3,0.0,waku,Class,TIME,last3F,16,ave3F,47.3,46.1,0
クリオシダード,8,84.9,11,0.0,waku,Class,TIME,last3F,16,ave3F,34.3,40.2,0
アメリカンチーフ,9,8.3,4,0.0,waku,Class,TIME,last3F,16,ave3F,45,42.7,0
ダノンプリマ,10,11.7,5,0.0,waku,Class,TIME,last3F,16,ave3F,51.8,49.4,0
シークザドリーム,11,67.3,9,0.0,waku,Class,TIME,last3F,16,ave3F,43.2,42.5,0
ウォーターパラディ,12,12.4,6,0.0,waku,Class,TIME,last3F,16,ave3F,44.2,43.2,0
ハイクライテリア,13,82.8,10,0.0,waku,Class,TIME,last3F,16,ave3F,44.5,41.3,0
モズケイスター,14,2,1,0.0,waku,Class,TIME,last3F,16,ave3F,48.8,46.5,0
ザングウィル,15,167.6,14,0.0,waku,Class,TIME,last3F,16,ave3F,50.3,47.2,0
ニューオーリンズ,16,5.9,2,0.0,waku,Class,TIME,last3F,16,ave3F,40,41.8,0
