﻿name,no,odds,pop_rank,power_index,place,distance,surface,pace_type,field_size,class,prev_place,prev_rank,is_chiho
スイートポメロ,1,52.1,11,0.0,waku,Class,TIME,last3F,17,ave3F,53.2,54.4,0
フトゥーロスフィダ,2,407.8,17,0.0,waku,Class,TIME,last3F,17,ave3F,48.6,51.4,0
サトノロザリー,3,23.6,7,0.0,waku,Class,TIME,last3F,17,ave3F,----,99.0,0
ソニックブーム,4,52,10,0.0,waku,Class,TIME,last3F,17,ave3F,----,99.0,0
メランコリニスタ,5,8.8,3,0.0,waku,Class,TIME,last3F,17,ave3F,----,99.0,0
グランブラーヴ,6,373.9,16,0.0,waku,Class,TIME,last3F,17,ave3F,44.5,47.6,0
ピエナブラック,7,54,12,0.0,waku,Class,TIME,last3F,17,ave3F,63.5,67.8,0
フェブリノ,8,46.5,9,0.0,waku,Class,TIME,last3F,17,ave3F,43.6,44.3,0
デアヴェローチェ,9,1.5,1,0.0,waku,Class,TIME,last3F,17,ave3F,52.9,54.4,0
コスモファーブロス,10,22.2,6,0.0,waku,Class,TIME,last3F,17,ave3F,48.6,49.4,0
ミトノリン,11,112.7,13,0.0,waku,Class,TIME,last3F,17,ave3F,41.9,44.1,0
ナムラヒナギク,12,11.5,4,0.0,waku,Class,TIME,last3F,17,ave3F,50.1,49.4,0
リサシテーション,13,156.1,14,0.0,waku,Class,TIME,last3F,17,ave3F,----,99.0,0
スカイプレリュード,14,214.7,15,0.0,waku,Class,TIME,last3F,17,ave3F,----,99.0,0
ララディアーブル,15,7.7,2,0.0,waku,Class,TIME,last3F,17,ave3F,----,99.0,0
コマチチャン,16,15,5,0.0,waku,Class,TIME,last3F,17,ave3F,53,53.9,0
ゲレイロ,17,46.1,8,0.0,waku,Class,TIME,last3F,17,ave3F,----,99.0,0
